article_code,title,asset,symbol,publish_ms,entry_ms,side,r1,r4,r12
1b01b15e40054bc4868e4b9713cced80,Notice Regarding the Removal of Selected Liquidity Pools on Binance Liquid Swap (2023-08-04),AXS,AXSUSDT,1690520403128,1690524000000,SHORT,-0.0016627872138428217,-0.006634623772986343,-0.007295671557759233
1b01b15e40054bc4868e4b9713cced80,Notice Regarding the Removal of Selected Liquidity Pools on Binance Liquid Swap (2023-08-04),BAKE,BAKEUSDT,1690520403128,1690524000000,SHORT,-0.0,-0.004338401598598141,-0.021506205220963682
1b01b15e40054bc4868e4b9713cced80,Notice Regarding the Removal of Selected Liquidity Pools on Binance Liquid Swap (2023-08-04),BNB,BNBUSDT,1690520403128,1690524000000,SHORT,-0.0015390057734748048,-0.007340928389582818,-0.006307336566300115
1b01b15e40054bc4868e4b9713cced80,Notice Regarding the Removal of Selected Liquidity Pools on Binance Liquid Swap (2023-08-04),BTC,BTCUSDT,1690520403128,1690524000000,SHORT,-0.0001199708643625441,-0.0010689471889049637,-0.0025129512311839247
1b01b15e40054bc4868e4b9713cced80,Notice Regarding the Removal of Selected Liquidity Pools on Binance Liquid Swap (2023-08-04),FTM,FTMUSDT,1690520403128,1690524000000,SHORT,-0.005328973463595141,-0.009001697445098425,-0.011036286142885859
1b01b15e40054bc4868e4b9713cced80,Notice Regarding the Removal of Selected Liquidity Pools on Binance Liquid Swap (2023-08-04),KSM,KSMUSDT,1690520403128,1690524000000,SHORT,0.0021687278073048537,-0.008628181223338409,-0.006908490343811609
1b01b15e40054bc4868e4b9713cced80,Notice Regarding the Removal of Selected Liquidity Pools on Binance Liquid Swap (2023-08-04),MKR,MKRUSDT,1690520403128,1690524000000,SHORT,0.008114501069686567,0.006143888257021549,0.015431082019735065
1b01b15e40054bc4868e4b9713cced80,Notice Regarding the Removal of Selected Liquidity Pools on Binance Liquid Swap (2023-08-04),NEAR,NEARUSDT,1690520403128,1690524000000,SHORT,-0.0007280670143235832,-0.013024786155471783,-0.006533598559644008
1b01b15e40054bc4868e4b9713cced80,Notice Regarding the Removal of Selected Liquidity Pools on Binance Liquid Swap (2023-08-04),SNX,SNXUSDT,1690520403128,1690524000000,SHORT,0.00358680441928611,0.0010746911297655202,0.006825965070399871
8ae78c64b57a48e3b93018680b112e25,Notice Regarding the Removal of Selected Liquidity Pools on Binance Liquid Swap (2023-08-18),ALGO,ALGOUSDT,1691640002930,1691643600000,SHORT,0.0008900757151932284,0.007142887512380114,0.0008900757151932284
8ae78c64b57a48e3b93018680b112e25,Notice Regarding the Removal of Selected Liquidity Pools on Binance Liquid Swap (2023-08-18),ATOM,ATOMUSDT,1691640002930,1691643600000,SHORT,-0.002243079861447879,0.0022481225820568415,-0.002243079861447879
8ae78c64b57a48e3b93018680b112e25,Notice Regarding the Removal of Selected Liquidity Pools on Binance Liquid Swap (2023-08-18),AXS,AXSUSDT,1691640002930,1691643600000,SHORT,-0.0008439531263016501,0.0032135334208472943,-0.00016884761542868806
8ae78c64b57a48e3b93018680b112e25,Notice Regarding the Removal of Selected Liquidity Pools on Binance Liquid Swap (2023-08-18),BNB,BNBUSDT,1691640002930,1691643600000,SHORT,-0.0005345065193144939,0.0035844547370483724,0.00602262359990948
8ae78c64b57a48e3b93018680b112e25,Notice Regarding the Removal of Selected Liquidity Pools on Binance Liquid Swap (2023-08-18),BTC,BTCUSDT,1691640002930,1691643600000,SHORT,-0.00169850558844036,0.0007994986620963003,0.0037591350768651755
8ae78c64b57a48e3b93018680b112e25,Notice Regarding the Removal of Selected Liquidity Pools on Binance Liquid Swap (2023-08-18),CHR,CHRUSDT,1691640002930,1691643600000,SHORT,-0.0017482521935294133,-0.0034934533345599055,-0.01648627361704588
8ae78c64b57a48e3b93018680b112e25,Notice Regarding the Removal of Selected Liquidity Pools on Binance Liquid Swap (2023-08-18),CRV,CRVUSDT,1691640002930,1691643600000,SHORT,-0.0,0.0016326534238853348,0.008190053970044367
8ae78c64b57a48e3b93018680b112e25,Notice Regarding the Removal of Selected Liquidity Pools on Binance Liquid Swap (2023-08-18),DOT,DOTUSDT,1691640002930,1691643600000,SHORT,-0.0007945967839611677,0.004581225022659537,0.004780885600342008
8ae78c64b57a48e3b93018680b112e25,Notice Regarding the Removal of Selected Liquidity Pools on Binance Liquid Swap (2023-08-18),ETH,ETHUSDT,1691640002930,1691643600000,SHORT,-0.0008691451344618661,0.00019984822404138787,0.00044296071338707424
8ae78c64b57a48e3b93018680b112e25,Notice Regarding the Removal of Selected Liquidity Pools on Binance Liquid Swap (2023-08-18),RUNE,RUNEUSDT,1691640002930,1691643600000,SHORT,-0.006760045057719141,-0.004833262188019074,-0.02298951822469878
8ae78c64b57a48e3b93018680b112e25,Notice Regarding the Removal of Selected Liquidity Pools on Binance Liquid Swap (2023-08-18),SAND,SANDUSDT,1691640002930,1691643600000,SHORT,-0.0002472493522301951,0.003467925199633247,0.0027237852669938266
8ae78c64b57a48e3b93018680b112e25,Notice Regarding the Removal of Selected Liquidity Pools on Binance Liquid Swap (2023-08-18),SUSHI,SUSHIUSDT,1691640002930,1691643600000,SHORT,-0.0002796029656130939,0.0028003378703190854,0.006452540272377551
8ae78c64b57a48e3b93018680b112e25,Notice Regarding the Removal of Selected Liquidity Pools on Binance Liquid Swap (2023-08-18),THETA,THETAUSDT,1691640002930,1691643600000,SHORT,0.0010840109462582255,0.004615183975805616,0.00475124765381673
8ae78c64b57a48e3b93018680b112e25,Notice Regarding the Removal of Selected Liquidity Pools on Binance Liquid Swap (2023-08-18),TRX,TRXUSDT,1691640002930,1691643600000,SHORT,0.00025994281404499915,-0.0016879832612773983,-0.0027253277526401304
8ae78c64b57a48e3b93018680b112e25,Notice Regarding the Removal of Selected Liquidity Pools on Binance Liquid Swap (2023-08-18),VET,VETUSDT,1691640002930,1691643600000,SHORT,-0.0022509857563191033,-0.0011261262451353385,-0.017867588682712474
8b8e3721bc804c618c563e40cbe1ee2e,Notice Regarding the Removal of Selected Liquidity Pools on Binance Liquid Swap (2023-09-01),ADA,ADAUSDT,1693195203098,1693198800000,SHORT,0.004229962084801335,0.0038446798608098324,-0.02201227397548941
8b8e3721bc804c618c563e40cbe1ee2e,Notice Regarding the Removal of Selected Liquidity Pools on Binance Liquid Swap (2023-09-01),ALICE,ALICEUSDT,1693195203098,1693198800000,SHORT,-0.002670228555878892,-0.015915455305899582,-0.048280739807931274
8b8e3721bc804c618c563e40cbe1ee2e,Notice Regarding the Removal of Selected Liquidity Pools on Binance Liquid Swap (2023-09-01),AVAX,AVAXUSDT,1693195203098,1693198800000,SHORT,0.00657962696670612,0.005579926793474761,-0.03274494772001101
8b8e3721bc804c618c563e40cbe1ee2e,Notice Regarding the Removal of Selected Liquidity Pools on Binance Liquid Swap (2023-09-01),BNB,BNBUSDT,1693195203098,1693198800000,SHORT,0.004417049603504458,0.007835224671675349,-0.0026134216291402797
8b8e3721bc804c618c563e40cbe1ee2e,Notice Regarding the Removal of Selected Liquidity Pools on Binance Liquid Swap (2023-09-01),BTC,BTCUSDT,1693195203098,1693198800000,SHORT,0.0024132521127214787,0.0023130652255599488,-0.004591008246025282
8b8e3721bc804c618c563e40cbe1ee2e,Notice Regarding the Removal of Selected Liquidity Pools on Binance Liquid Swap (2023-09-01),CHZ,CHZUSDT,1693195203098,1693198800000,SHORT,0.005825259191080295,0.01725022433264108,0.01708608809919926
8b8e3721bc804c618c563e40cbe1ee2e,Notice Regarding the Removal of Selected Liquidity Pools on Binance Liquid Swap (2023-09-01),DOT,DOTUSDT,1693195203098,1693198800000,SHORT,0.0033628548673888545,0.00493606566494947,-0.024539752468004158
8b8e3721bc804c618c563e40cbe1ee2e,Notice Regarding the Removal of Selected Liquidity Pools on Binance Liquid Swap (2023-09-01),ETH,ETHUSDT,1693195203098,1693198800000,SHORT,0.004570103002440664,0.004777224321447325,-0.0005879768009489877
8b8e3721bc804c618c563e40cbe1ee2e,Notice Regarding the Removal of Selected Liquidity Pools on Binance Liquid Swap (2023-09-01),FIL,FILUSDT,1693195203098,1693198800000,SHORT,0.0015035335865049401,-0.0083782656459975,-0.0050951706212296645
8b8e3721bc804c618c563e40cbe1ee2e,Notice Regarding the Removal of Selected Liquidity Pools on Binance Liquid Swap (2023-09-01),ICP,ICPUSDT,1693195203098,1693198800000,SHORT,0.0025970293055606695,0.0023081372047503547,-0.008036782637642422
8b8e3721bc804c618c563e40cbe1ee2e,Notice Regarding the Removal of Selected Liquidity Pools on Binance Liquid Swap (2023-09-01),LIT,LITUSDT,1693195203098,1693198800000,SHORT,0.017762456339840273,0.04133562405790716,0.03038660956823665
8b8e3721bc804c618c563e40cbe1ee2e,Notice Regarding the Removal of Selected Liquidity Pools on Binance Liquid Swap (2023-09-01),MATIC,MATICUSDT,1693195203098,1693198800000,SHORT,0.005260783108071992,0.002536233243579305,-0.01775353721653918
8b8e3721bc804c618c563e40cbe1ee2e,Notice Regarding the Removal of Selected Liquidity Pools on Binance Liquid Swap (2023-09-01),NEO,NEOUSDT,1693195203098,1693198800000,SHORT,0.005924689357699651,0.010462416939837928,-0.01063244487617751
8b8e3721bc804c618c563e40cbe1ee2e,Notice Regarding the Removal of Selected Liquidity Pools on Binance Liquid Swap (2023-09-01),SUSHI,SUSHIUSDT,1693195203098,1693198800000,SHORT,0.0040760926000428304,0.0061203863273233015,-0.020301007570636968
8b8e3721bc804c618c563e40cbe1ee2e,Notice Regarding the Removal of Selected Liquidity Pools on Binance Liquid Swap (2023-09-01),SXP,SXPUSDT,1693195203098,1693198800000,SHORT,0.009435812601770241,0.02356627494548346,0.01972749863831776
8b8e3721bc804c618c563e40cbe1ee2e,Notice Regarding the Removal of Selected Liquidity Pools on Binance Liquid Swap (2023-09-01),THETA,THETAUSDT,1693195203098,1693198800000,SHORT,0.002508572266271101,-0.0036678934085758075,-0.027349315815138154
8b8e3721bc804c618c563e40cbe1ee2e,Notice Regarding the Removal of Selected Liquidity Pools on Binance Liquid Swap (2023-09-01),TRX,TRXUSDT,1693195203098,1693198800000,SHORT,0.0018097212798526049,0.004271021829348309,0.01339160622615741
8b8e3721bc804c618c563e40cbe1ee2e,Notice Regarding the Removal of Selected Liquidity Pools on Binance Liquid Swap (2023-09-01),XMR,XMRUSDT,1693195203098,1693198800000,SHORT,-0.0019852821855155006,0.0013028424375181944,0.021261924952827936
8b8e3721bc804c618c563e40cbe1ee2e,Notice Regarding the Removal of Selected Liquidity Pools on Binance Liquid Swap (2023-09-01),ZEN,ZENUSDT,1693195203098,1693198800000,SHORT,0.009241383402752882,-0.0032587793614785965,-0.01924973112472331
5d3bcf573ea242669b3775ccc169b952,Notice Regarding the Removal of Selected Liquidity Pools on Binance Liquid Swap (2023-09-29),ATOM,ATOMUSDT,1695619203596,1695621600000,SHORT,-0.0030062294489264585,0.0031591065905484214,-0.010269666637456045
5d3bcf573ea242669b3775ccc169b952,Notice Regarding the Removal of Selected Liquidity Pools on Binance Liquid Swap (2023-09-29),AVAX,AVAXUSDT,1695619203596,1695621600000,SHORT,-0.004993768180486974,-0.0031807365223818127,-0.014122134941855994
5d3bcf573ea242669b3775ccc169b952,Notice Regarding the Removal of Selected Liquidity Pools on Binance Liquid Swap (2023-09-29),BTC,BTCUSDT,1695619203596,1695621600000,SHORT,-0.0008041171227754954,0.0021167681185408735,-0.00900735215205507
5d3bcf573ea242669b3775ccc169b952,Notice Regarding the Removal of Selected Liquidity Pools on Binance Liquid Swap (2023-09-29),ETC,ETCUSDT,1695619203596,1695621600000,SHORT,-0.0011228164054037316,0.000991768404211971,-0.0083577861388157
5d3bcf573ea242669b3775ccc169b952,Notice Regarding the Removal of Selected Liquidity Pools on Binance Liquid Swap (2023-09-29),KSM,KSMUSDT,1695619203596,1695621600000,SHORT,-0.004829631067343879,-0.004829631067343879,-0.014949557647106235
a07e11c09b564b529e2a3f2aa18bb5a3,Notice Regarding the Removal of Selected Liquidity Pools on Binance Liquid Swap (2023-10-17),BEL,BELUSDT,1696910703604,1696914000000,SHORT,-0.006947011485608277,-0.0049409927587424065,0.00018346940699113926
a07e11c09b564b529e2a3f2aa18bb5a3,Notice Regarding the Removal of Selected Liquidity Pools on Binance Liquid Swap (2023-10-17),BNB,BNBUSDT,1696910703604,1696914000000,SHORT,-0.006272335530580457,-0.009633521831478392,-0.005791242477906781
a07e11c09b564b529e2a3f2aa18bb5a3,Notice Regarding the Removal of Selected Liquidity Pools on Binance Liquid Swap (2023-10-17),BTC,BTCUSDT,1696910703604,1696914000000,SHORT,-0.00040956497885898395,-0.0028634384785383637,0.006068855748128691
a07e11c09b564b529e2a3f2aa18bb5a3,Notice Regarding the Removal of Selected Liquidity Pools on Binance Liquid Swap (2023-10-17),ETH,ETHUSDT,1696910703604,1696914000000,SHORT,-0.001521248853394116,-0.0038711596868855067,0.011295248190766131
a07e11c09b564b529e2a3f2aa18bb5a3,Notice Regarding the Removal of Selected Liquidity Pools on Binance Liquid Swap (2023-10-17),FTM,FTMUSDT,1696910703604,1696914000000,SHORT,-0.005485477276671278,-0.0065789710980425605,0.0005502063412529463
a07e11c09b564b529e2a3f2aa18bb5a3,Notice Regarding the Removal of Selected Liquidity Pools on Binance Liquid Swap (2023-10-17),MANA,MANAUSDT,1696910703604,1696914000000,SHORT,-0.0017853959393619018,-0.0028551054369799363,0.006453948540743566
a07e11c09b564b529e2a3f2aa18bb5a3,Notice Regarding the Removal of Selected Liquidity Pools on Binance Liquid Swap (2023-10-17),XRP,XRPUSDT,1696910703604,1696914000000,SHORT,0.00020094443953880246,-0.000602591160144514,0.006854865551594845
eae22e293d7a430e93daee63423b13e6,Notice Regarding the Removal of Selected Liquidity Pools on Binance Liquid Swap (2023-10-27),ADA,ADAUSDT,1697774403422,1697778000000,SHORT,-0.003223209881568699,-0.011635035969205646,-0.009638628837768573
eae22e293d7a430e93daee63423b13e6,Notice Regarding the Removal of Selected Liquidity Pools on Binance Liquid Swap (2023-10-27),BNB,BNBUSDT,1697774403422,1697778000000,SHORT,0.000516759459976324,-0.008977056732701941,0.0015040423967090464
eae22e293d7a430e93daee63423b13e6,Notice Regarding the Removal of Selected Liquidity Pools on Binance Liquid Swap (2023-10-27),BTC,BTCUSDT,1697774403422,1697778000000,SHORT,0.0033255494473306163,-0.013987095012899171,-0.005834788733823115
eae22e293d7a430e93daee63423b13e6,Notice Regarding the Removal of Selected Liquidity Pools on Binance Liquid Swap (2023-10-27),DOGE,DOGEUSDT,1697774403422,1697778000000,SHORT,-0.0003368704764887547,-0.01122383840462661,-0.008721960692302667
eae22e293d7a430e93daee63423b13e6,Notice Regarding the Removal of Selected Liquidity Pools on Binance Liquid Swap (2023-10-27),ETH,ETHUSDT,1697774403422,1697778000000,SHORT,-0.00048024366969775465,-0.0179214357670268,-0.01331050886754601
eae22e293d7a430e93daee63423b13e6,Notice Regarding the Removal of Selected Liquidity Pools on Binance Liquid Swap (2023-10-27),FIL,FILUSDT,1697774403422,1697778000000,SHORT,0.0018627760741904925,-0.009262184152464038,0.0018627760741904925
eae22e293d7a430e93daee63423b13e6,Notice Regarding the Removal of Selected Liquidity Pools on Binance Liquid Swap (2023-10-27),LINK,LINKUSDT,1697774403422,1697778000000,SHORT,0.0018766761540077697,-0.01923263738033848,-0.022642476749759752
eae22e293d7a430e93daee63423b13e6,Notice Regarding the Removal of Selected Liquidity Pools on Binance Liquid Swap (2023-10-27),LTC,LTCUSDT,1697774403422,1697778000000,SHORT,0.0032030776905041204,-0.01664987324962127,-0.011130660311576095
eae22e293d7a430e93daee63423b13e6,Notice Regarding the Removal of Selected Liquidity Pools on Binance Liquid Swap (2023-10-27),MATIC,MATICUSDT,1697774403422,1697778000000,SHORT,-0.002292702570975241,-0.015563039491871902,-0.017820376793521837
eae22e293d7a430e93daee63423b13e6,Notice Regarding the Removal of Selected Liquidity Pools on Binance Liquid Swap (2023-10-27),SOL,SOLUSDT,1697774403422,1697778000000,SHORT,-0.010917389039762691,-0.03262390053615167,-0.016369469787227493
eae22e293d7a430e93daee63423b13e6,Notice Regarding the Removal of Selected Liquidity Pools on Binance Liquid Swap (2023-10-27),UNI,UNIUSDT,1697774403422,1697778000000,SHORT,-0.0015011261262671913,-0.018112391931464047,0.0010020040918513411
