symbol,entry_time,entry_utc,side,exit_reason,raw_net_pnl,norm_return
AVAXUSDT,1788786060000,2026-09-07T13:01:00Z,LONG,stop_loss,-62.17423570,-0.016541565487
BNBUSDT,1788620460000,2026-09-05T15:01:00Z,LONG,stop_loss,-53.33317894,-0.016726813119
UNIUSDT,1788325260000,2026-09-02T05:01:00Z,LONG,stop_loss,-85.27022677,-0.018744267351
UNIUSDT,1788656580000,2026-09-06T01:03:00Z,LONG,take_profit,81.65028403,0.019403329250
UNIUSDT,1788658140000,2026-09-06T01:29:00Z,LONG,stop_loss,-84.89902148,-0.018722260704
ZECUSDT,1788541260000,2026-09-04T17:01:00Z,LONG,stop_loss,-37.32478975,-0.017952303315
ZECUSDT,1788627660000,2026-09-05T17:01:00Z,LONG,stop_loss,-36.16765989,-0.018741569773
ZECUSDT,1788660060000,2026-09-06T02:01:00Z,LONG,take_profit,85.91328395,0.048126946629
ONDOUSDT,1788739380000,2026-09-07T00:03:00Z,LONG,stop_loss,-77.87156969,-0.019272320140
