publish	symbol	pairs	entry_ts	exit_ts	trigger	entry	exit	gross_pct	fees_pct	funding_pct	net_pct	hold_h
2024-01-03 05:15:03	BNBUSDT	BNB/USDC	1704258960000	1704274620000	TP	314.98741499999994	329.57513	18.524822650454226	0.40926241132522706	0.0	18.115560239128996	4.35
2024-01-03 05:15:03	SOLUSDT	SOL/ETH	1704258960000	1704278640000	SL	108.79136849999999	107.08643000000001	-6.268653565103313	0.39686567321744837	-0.05345041394529383	-6.718969652266056	5.466666666666667
2024-01-12 06:10:19	SOLUSDT	SOL/USDC	1705039860000	1705043580000	SL	100.0810155	98.45774650000001	-6.487819860301052	0.3967560900698495	0.0	-6.884575950370901	1.0333333333333334
2024-01-31 03:10:25	BCHUSDT	BCH/FDUSD	1706670660000	1706697960000	SL	237.02845499999998	233.20334	-6.455115272974264	0.39677244236351294	-0.01478660863734694	-6.866674323975125	7.583333333333333
2024-01-31 03:10:25	DYDXUSDT	DYDX/FDUSD	1706670660000	1706683320000	SL	2.747373	2.7036475	-6.366154140700933	0.3968169229296495	0.0	-6.762971063630582	3.5166666666666666
2024-01-31 03:10:25	ETCUSDT	ETC/FDUSD	1706670660000	1706693340000	SL	25.595791499999997	25.194396500000003	-6.272828093633967	0.396863585953183	-0.040123783630601935	-6.709815463217753	6.3
2024-01-31 03:10:25	FILUSDT	FIL/FDUSD	1706670660000	1706692080000	SL	5.137567499999999	5.055471	-6.3918576252282495	0.3968040711873859	-0.03992550949452247	-6.828587205910157	5.95
2024-01-31 03:10:25	FTMUSDT	FTM/FDUSD	1706670660000	1706683980000	SL	0.37128554999999996	0.3652173	-6.53755579768719	0.3967312221011564	0.0	-6.934287019788347	3.7
2024-01-31 03:10:25	LTCUSDT	LTC/FDUSD	1706670660000	1706689800000	TP	67.97397	69.375295	8.246244849315113	0.40412312242465753	-0.04012712513334148	7.801994601757113	5.316666666666666
2024-02-02 07:00:03	ATOMUSDT	ATOM/FDUSD	1706857260000	1707003780000	SL	9.181588499999998	9.0404775	-6.147563681382527	0.39692621815930873	-0.11348320739924253	-6.657973106941078	40.7
2024-02-02 07:00:03	BCHUSDT	BCH/FDUSD	1706857260000	1707005220000	TP	237.388635	242.448715	8.526237997872139	0.4042631189989361	0.09089944242697211	8.212874321300175	41.1
2024-02-02 07:00:03	CHZUSDT	CHZ/FDUSD	1706857260000	1706881860000	SL	0.101780865	0.10017988500000001	-6.291870284262127	0.39685406485786895	-0.04013721046682006	-6.728861559586817	6.833333333333333
2024-02-02 07:00:03	DOTUSDT	DOT/USDC	1706857260000	1706888460000	TP	6.837416999999999	6.976510000000001	8.137166418254244	0.40406858320912703	-0.040161365030098366	7.692936470015018	8.666666666666666
2024-02-02 07:00:03	DYDXUSDT	DYDX/FDUSD	1706857260000	1706873220000	TP	2.7043514999999996	2.7596195000000003	8.17467699742445	0.40408733849871226	-0.04000959194838394	7.730580066977353	4.433333333333334
2024-02-02 07:00:03	ETCUSDT	ETC/FDUSD	1706857260000	1706881560000	SL	24.8394135	24.450768500000002	-6.258521361625497	0.3968707393191873	-0.04007179960187064	-6.695463900546554	6.75
2024-02-02 07:00:03	FILUSDT	FIL/FDUSD	1706857260000	1706881080000	SL	5.0465219999999995	4.969514000000001	-6.103847362599304	0.3969480763187003	-0.040019641249953934	-6.54081508016796	6.616666666666666
2024-02-02 07:00:03	FTMUSDT	FTM/FDUSD	1706857260000	1706973060000	SL	0.36007995	0.35372305000000004	-7.061653946574858	0.3964691730267126	-0.16093092659005315	-7.619054046191624	32.166666666666664
2024-02-02 07:00:03	GALAUSDT	GALA/FDUSD	1706857260000	1706881860000	SL	0.02203101	0.021669160000000003	-6.569830434464818	0.3967150847827675	-0.04023419716118326	-7.006779716408769	6.833333333333333
2024-02-02 07:00:03	LTCUSDT	LTC/FDUSD	1706857260000	1707085620000	SL	67.87392	66.82657	-6.172326572562743	0.3969138367137186	-0.3213723327015737	-6.8906127419780345	63.43333333333333
2024-02-22 03:10:18	ADAUSDT	ADA/USDC	1708571460000	1708583700000	TP	0.5841919499999999	0.5965016000000001	8.428496832248491	0.40421424841612424	0.0	8.024282583832369	3.4
2024-02-22 03:10:18	AVAXUSDT	AVAX/USDC	1708571460000	1708587660000	TP	36.982482	37.723129	8.010787377656294	0.40400539368882815	0.0	7.606781983967467	4.5
2024-02-22 03:10:18	MATICUSDT	MATIC/USDC	1708571460000	1708580880000	TP	0.9290643	0.9477259000000001	8.034578446292755	0.4040172892231463	0.0	7.63056115706961	2.6166666666666667
2024-02-22 03:10:18	XRPUSDT	XRP/USDC	1708571460000	1708678080000	SL	0.5424711	0.5339329	-6.295782392831574	0.3968521088035842	-0.4146222572962873	-7.107256758931446	29.616666666666667
2024-02-28 02:25:34	DOTUSDT	DOT/FDUSD	1709087160000	1709116500000	TP	8.335165499999999	8.509743	8.377878039734263	0.4041889390198672	-0.1441713712823099	7.8295177294320855	8.15
2024-02-28 02:25:34	NEARUSDT	NEAR/FDUSD	1709087160000	1709090220000	SL	3.9699839999999997	3.9090445000000003	-6.140024745691618	0.3969299876271542	0.0	-6.536954733318772	0.85
2024-03-27 03:10:04	DOGEUSDT	DOGE/USDC	1711509060000	1711511700000	SL	0.18657324	0.183438235	-6.721231833675604	0.3966393840831622	0.0	-7.117871217758766	0.7333333333333333
2024-03-27 03:10:04	LINKUSDT	LINK/USDC	1711509060000	1711523940000	SL	20.0170035	19.709140500000004	-6.152029698151326	0.39692398515092436	0.0	-6.5489536833022495	4.133333333333334
2024-04-10 03:57:06	LTCUSDT	LTC/USDC	1712721480000	1712744220000	SL	97.34864999999999	95.70212500000001	-6.765476460125468	0.3966172617699373	-0.04223522483362636	-7.2043289467290315	6.316666666666666
2024-04-10 03:57:06	NEARUSDT	NEAR/USDC	1712721480000	1712741820000	SL	7.014505499999999	6.9035465	-6.327402551755039	0.3968362987241225	-0.0516628361044125	-6.775901686583574	5.65
2024-04-18 03:00:18	BCHUSDT	BCH/USDC	1713409260000	1713421200000	SL	473.626695	466.22677	-6.249584390508221	0.3968752078047459	0.0	-6.646459598312967	3.316666666666667
2024-04-18 03:00:18	FILUSDT	FIL/USDC	1713409260000	1713420360000	SL	5.9289629999999995	5.83708	-6.198925511931802	0.3969005372440341	0.0	-6.5958260491758365	3.0833333333333335
2024-04-18 03:00:18	LTCUSDT	LTC/USDC	1713409260000	1713421860000	SL	80.6403	79.38029	-6.250026351588445	0.3968749868242058	0.0	-6.6469013384126505	3.5
2024-04-18 03:00:18	NEARUSDT	NEAR/USDC	1713409260000	1713418080000	TP	5.3996984999999995	5.5122425	8.337058078335348	0.40416852903916756	0.0	7.93288954929618	2.45
2024-04-23 03:00:38	NEOUSDT	NEO/USDC	1713841260000	1713847380000	SL	19.7288595	19.4192855	-6.276571638619005	0.39686171418069055	0.0	-6.673433352799696	1.7
2024-06-18 03:00:07	PEOPLEUSDT	PEOPLE/FDUSD	1718679660000	1718684460000	TP	0.0844422	0.086866545	11.484044707504108	0.4057420223537521	0.0	11.078302685150355	1.3333333333333333
2024-07-18 03:00:02	ATOMUSDT	ATOM/USDC	1721271660000	1721291820000	SL	6.545271	6.4457755	-6.0804510615373895	0.3969597744692313	-0.03961333304610306	-6.517024169052724	5.6
2024-07-18 03:00:02	ENSUSDT	ENS/USDC	1721271660000	1721279760000	SL	26.523255	26.118934000000003	-6.097607552315822	0.3969511962238421	0.0	-6.494558748539664	2.25
2024-07-18 03:00:02	FTMUSDT	FTM/USDC	1721271660000	1721279220000	SL	0.5148573	0.50624675	-6.689659445442452	0.3966551702772788	0.0	-7.08631461571973	2.1
2024-07-18 03:00:02	ICPUSDT	ICP/USDC	1721271660000	1721279460000	SL	10.059027	9.8920515	-6.6398270926203695	0.3966800864536898	0.0	-7.036507179074059	2.1666666666666665
2024-07-24 04:00:07	ARUSDT	AR/USDC	1721793660000	1721830980000	TP	31.270627499999996	31.9070385	8.140687295130263	0.4040703436475651	-0.040147579385799034	7.6964693720968995	10.366666666666667
2024-07-24 04:00:07	GALAUSDT	GALA/USDC	1721793660000	1721807760000	TP	0.02387193	0.024357815	8.141528565139089	0.40407076428256955	0.0	7.737457800856519	3.9166666666666665
2024-07-24 04:00:07	PEOPLEUSDT	PEOPLE/USDC	1721793660000	1721812440000	SL	0.07932964499999999	0.078110925	-6.145092417847037	0.39692745379107647	-0.039722855182321826	-6.581742726820434	5.216666666666667
2024-07-24 04:00:07	RUNEUSDT	RUNE/USDC	1721793660000	1721798460000	SL	4.764380999999999	4.684656500000001	-6.693377376830142	0.39665331131158493	0.0	-7.090030688141727	1.3333333333333333
2024-07-24 04:00:07	TRBUSDT	TRB/USDC	1721793660000	1721835660000	SL	73.808886	72.64366000000001	-6.314827729550015	0.39684258613522494	-0.03989113180762544	-6.751561447492866	11.666666666666666
2024-07-24 04:00:07	UNIUSDT	UNI/USDC	1721793660000	1721797500000	SL	7.678837499999999	7.5572195	-6.335229779247127	0.3968323851103765	0.0	-6.732062164357504	1.0666666666666667
2024-07-31 02:00:02	EOSUSDT	EOS/USDC	1722391260000	1722402480000	SL	0.5832915	0.573713	-6.568585347120563	0.3967157073264397	0.0	-6.965301054447003	3.1166666666666667
2024-08-30 02:00:02	ALGOUSDT	ALGO/USDC	1724983260000	1725007500000	TP	0.12636314999999998	0.12903545	8.45911169514219	0.40422955584757114	-0.040486486764535395	8.014395652530084	6.733333333333333
2024-08-30 02:00:02	ONTUSDT	ONT/USDC	1724983260000	1725008160000	TP	0.16478235	0.16801595	7.84938435457439	0.4039246921772872	-0.040562596661596347	7.404897065735507	6.916666666666667
2024-09-06 08:00:08	AAVEUSDT	AAVE/USDC	1725609660000	1725631140000	SL	126.70331999999999	124.59767000000001	-6.647497476782717	0.39667625126160855	0.0	-7.044173728044326	5.966666666666667
2024-09-06 08:00:08	TRXUSDT	TRX/USDC	1725609660000	1725655860000	SL	0.14916454499999998	0.146856535	-6.18916512633742	0.3969054174368313	0.07667340171218302	-6.509397142062066	12.833333333333334
2024-11-25 02:30:21	HBARUSDT	HBAR/USDC	1732501860000	1732503300000	SL	0.14235114	0.13990001500000002	-6.88754582506321	0.39655622708746846	0.0	-7.284102052150679	0.4
2024-11-25 02:30:21	RAYUSDT	RAY/USDC	1732501860000	1732761060000	TIME	0.24812399999999998	0.247876	-0.39980009994997745	0.39980009995002497	-0.35982008995502246	-1.159420289855025	72.0
