strategy,symbol,entry_time,month,side,norm_return
ID121,ADAUSDT,1725152460000,2024-09,SHORT,0.035312406456
ID121,ADAUSDT,1725264060000,2024-09,SHORT,-0.027507162833
ID121,ADAUSDT,1727200860000,2024-09,LONG,0.034632642984
ID121,ADAUSDT,1727366460000,2024-09,LONG,-0.017180244149
ID121,ADAUSDT,1731024060000,2024-11,LONG,0.057325142013
ID121,ADAUSDT,1731048840000,2024-11,LONG,-0.028107471449
ID121,ADAUSDT,1731211260000,2024-11,LONG,0.075469295405
ID121,ADAUSDT,1731715260000,2024-11,LONG,0.035616247463
ID121,ADAUSDT,1732294920000,2024-11,LONG,-0.031348630452
ID121,ADAUSDT,1732316460000,2024-11,LONG,-0.026011243405
ID121,ADAUSDT,1738872060000,2025-02,SHORT,-0.035906723427
ID121,ADAUSDT,1740470460000,2025-02,SHORT,-0.027858778576
ID121,ADAUSDT,1740686460000,2025-02,SHORT,0.043220258420
ID121,ADAUSDT,1745398860000,2025-04,LONG,-0.026062676416
ID121,ADAUSDT,1746777660000,2025-05,LONG,-0.027299703197
ID121,ADAUSDT,1746860460000,2025-05,LONG,0.040921165258
ID121,ADAUSDT,1750514460000,2025-06,SHORT,0.035989776811
ID121,ADAUSDT,1750586460000,2025-06,SHORT,-0.017386995995
ID121,ADAUSDT,1752184860000,2025-07,LONG,0.072089513243
ID121,ADAUSDT,1752238860000,2025-07,LONG,-0.027299978116
ID121,ADAUSDT,1752800460000,2025-07,LONG,-0.026449476835
ID121,ADAUSDT,1755154860000,2025-08,LONG,-0.026472546014
ID121,ADAUSDT,1757401260000,2025-09,LONG,-0.020531693835
ID121,ADAUSDT,1760644860000,2025-10,SHORT,0.051370032316
ID121,ADAUSDT,1762275660000,2025-11,SHORT,-0.018973392473
ID121,ADAUSDT,1763164860000,2025-11,SHORT,-0.028060874412
ID121,ADAUSDT,1763406060000,2025-11,SHORT,-0.016583332789
ID121,ADAUSDT,1763712060000,2025-11,SHORT,-0.017145619176
ID121,ADAUSDT,1765810920000,2025-12,SHORT,-0.017787252440
ID121,ADAUSDT,1766764860000,2025-12,SHORT,-0.019023098339
ID121,ADAUSDT,1769835660000,2026-01,SHORT,0.092575032635
ID121,ADAUSDT,1770289260000,2026-02,SHORT,0.032544402036
ID121,ADAUSDT,1770309840000,2026-02,SHORT,0.049103772564
ID121,ADAUSDT,1770327840000,2026-02,SHORT,-0.028776432489
ID121,ADAUSDT,1778158860000,2026-05,LONG,-0.016491571762
ID121,ADAUSDT,1780516860000,2026-06,SHORT,0.053882721313
ID121,ADAUSDT,1780621260000,2026-06,SHORT,0.042739594024
ID121,ADAUSDT,1785664860000,2026-08,LONG,-0.023918357495
ID121,ADAUSDT,1787274060000,2026-08,LONG,0.035476566565
ID121,ADAUSDT,1787328060000,2026-08,LONG,-0.025955792249
ID121,ADAUSDT,1787349660000,2026-08,LONG,-0.056619524232
V54,ADAUSDT,1724518860000,2024-08,LONG,-0.019335832147
V54,ADAUSDT,1725152460000,2024-09,SHORT,0.035312406456
V54,ADAUSDT,1725264060000,2024-09,SHORT,-0.027507162833
V54,ADAUSDT,1727200860000,2024-09,LONG,0.034632642984
V54,ADAUSDT,1727366460000,2024-09,LONG,-0.017180244149
V54,ADAUSDT,1731024060000,2024-11,LONG,0.057325142013
V54,ADAUSDT,1731048840000,2024-11,LONG,-0.028107471449
V54,ADAUSDT,1731211260000,2024-11,LONG,0.075469295405
V54,ADAUSDT,1731715260000,2024-11,LONG,0.035616247463
V54,ADAUSDT,1732294920000,2024-11,LONG,-0.031348630452
V54,ADAUSDT,1732316460000,2024-11,LONG,-0.026011243405
V54,ADAUSDT,1738872060000,2025-02,SHORT,-0.035906723427
V54,ADAUSDT,1740470460000,2025-02,SHORT,-0.027858778576
V54,ADAUSDT,1740686460000,2025-02,SHORT,0.043220258420
V54,ADAUSDT,1745398860000,2025-04,LONG,-0.026062676416
V54,ADAUSDT,1746777660000,2025-05,LONG,-0.027299703197
V54,ADAUSDT,1746860460000,2025-05,LONG,0.040921165258
V54,ADAUSDT,1750514460000,2025-06,SHORT,0.035989776811
V54,ADAUSDT,1750586460000,2025-06,SHORT,-0.017386995995
V54,ADAUSDT,1752184860000,2025-07,LONG,0.072089513243
V54,ADAUSDT,1752238860000,2025-07,LONG,-0.027299978116
V54,ADAUSDT,1752800460000,2025-07,LONG,-0.026449476835
V54,ADAUSDT,1755126060000,2025-08,LONG,0.093306350304
V54,ADAUSDT,1755154860000,2025-08,LONG,-0.026472546014
V54,ADAUSDT,1757401260000,2025-09,LONG,-0.020531693835
V54,ADAUSDT,1760644860000,2025-10,SHORT,0.051370032316
V54,ADAUSDT,1762275660000,2025-11,SHORT,-0.018973392473
V54,ADAUSDT,1763164860000,2025-11,SHORT,-0.028060874412
V54,ADAUSDT,1763406060000,2025-11,SHORT,-0.016583332789
V54,ADAUSDT,1763712060000,2025-11,SHORT,-0.017145619176
V54,ADAUSDT,1765810920000,2025-12,SHORT,-0.017787252440
V54,ADAUSDT,1766764860000,2025-12,SHORT,-0.019023098339
V54,ADAUSDT,1769835660000,2026-01,SHORT,0.092575032635
V54,ADAUSDT,1770289260000,2026-02,SHORT,0.032544402036
V54,ADAUSDT,1770309840000,2026-02,SHORT,0.049103772564
V54,ADAUSDT,1770327840000,2026-02,SHORT,-0.028776432489
V54,ADAUSDT,1778158860000,2026-05,LONG,-0.016491571762
V54,ADAUSDT,1780516860000,2026-06,SHORT,0.053882721313
V54,ADAUSDT,1780621260000,2026-06,SHORT,0.042739594024
V54,ADAUSDT,1785664860000,2026-08,LONG,-0.023918357495
V54,ADAUSDT,1787274060000,2026-08,LONG,0.035476566565
V54,ADAUSDT,1787328060000,2026-08,LONG,-0.025955792249
V54,ADAUSDT,1787349660000,2026-08,LONG,-0.056619524232
ID121,AVAXUSDT,1724374860000,2024-08,LONG,0.052895986298
ID121,AVAXUSDT,1726822860000,2024-09,LONG,-0.027140606761
ID121,AVAXUSDT,1727420460000,2024-09,LONG,-0.017256879164
ID121,AVAXUSDT,1731247260000,2024-11,LONG,-0.026585098582
ID121,AVAXUSDT,1736179260000,2025-01,LONG,-0.027617570091
ID121,AVAXUSDT,1738098180000,2025-01,SHORT,-0.022718997839
ID121,AVAXUSDT,1741399260000,2025-03,SHORT,-0.025030749739
ID121,AVAXUSDT,1742893260000,2025-03,LONG,0.047722226961
ID121,AVAXUSDT,1745380080000,2025-04,LONG,-0.020050418153
ID121,AVAXUSDT,1746856860000,2025-05,LONG,0.066783922862
ID121,AVAXUSDT,1747969260000,2025-05,LONG,-0.026046138869
ID121,AVAXUSDT,1747994460000,2025-05,LONG,-0.028574340506
ID121,AVAXUSDT,1750600860000,2025-06,SHORT,-0.026461121432
ID121,AVAXUSDT,1752152460000,2025-07,LONG,0.048415023117
ID121,AVAXUSDT,1752199620000,2025-07,LONG,-0.017391675527
ID121,AVAXUSDT,1752818460000,2025-07,LONG,-0.026293974997
ID121,AVAXUSDT,1753679040000,2025-07,LONG,-0.018306161260
ID121,AVAXUSDT,1757523660000,2025-09,LONG,-0.016963934721
ID121,AVAXUSDT,1758200460000,2025-09,LONG,0.048951020772
ID121,AVAXUSDT,1761012060000,2025-10,SHORT,-0.021364648939
ID121,AVAXUSDT,1761170460000,2025-10,SHORT,-0.028315077615
ID121,AVAXUSDT,1762279260000,2025-11,SHORT,-0.029164084464
ID121,AVAXUSDT,1765990860000,2025-12,SHORT,-0.021458629164
ID121,AVAXUSDT,1767412860000,2026-01,LONG,-0.026513264657
ID121,AVAXUSDT,1767535320000,2026-01,LONG,-0.016589926712
ID121,AVAXUSDT,1768892460000,2026-01,SHORT,0.018830418395
ID121,AVAXUSDT,1770289260000,2026-02,SHORT,0.034993676777
ID121,AVAXUSDT,1773406860000,2026-03,LONG,-0.027776819809
ID121,AVAXUSDT,1773640860000,2026-03,LONG,-0.025987164911
ID121,AVAXUSDT,1780520460000,2026-06,SHORT,-0.027505690629
ID121,AVAXUSDT,1780668120000,2026-06,SHORT,0.065267412483
ID121,AVAXUSDT,1787216460000,2026-08,LONG,0.038751402201
ID121,AVAXUSDT,1787292060000,2026-08,LONG,0.055535650884
ID121,AVAXUSDT,1787367660000,2026-08,LONG,-0.098652112886
V54,AVAXUSDT,1724374860000,2024-08,LONG,0.052895986298
V54,AVAXUSDT,1726801260000,2024-09,LONG,0.037994068965
V54,AVAXUSDT,1726822860000,2024-09,LONG,-0.027140606761
V54,AVAXUSDT,1727420460000,2024-09,LONG,-0.017256879164
V54,AVAXUSDT,1731247260000,2024-11,LONG,-0.026585098582
V54,AVAXUSDT,1736179260000,2025-01,LONG,-0.027617570091
V54,AVAXUSDT,1738098180000,2025-01,SHORT,-0.022718997839
V54,AVAXUSDT,1741399260000,2025-03,SHORT,-0.025030749739
V54,AVAXUSDT,1742893260000,2025-03,LONG,0.047722226961
V54,AVAXUSDT,1745380080000,2025-04,LONG,-0.020050418153
V54,AVAXUSDT,1746856860000,2025-05,LONG,0.066783922862
V54,AVAXUSDT,1747969260000,2025-05,LONG,-0.026046138869
V54,AVAXUSDT,1747994460000,2025-05,LONG,-0.028574340506
V54,AVAXUSDT,1750600860000,2025-06,SHORT,-0.026461121432
V54,AVAXUSDT,1752152460000,2025-07,LONG,0.048415023117
V54,AVAXUSDT,1752199620000,2025-07,LONG,-0.017391675527
V54,AVAXUSDT,1752818460000,2025-07,LONG,-0.026293974997
V54,AVAXUSDT,1753679040000,2025-07,LONG,-0.018306161260
V54,AVAXUSDT,1755140460000,2025-08,LONG,-0.027964656321
V54,AVAXUSDT,1757523660000,2025-09,LONG,-0.016963934721
V54,AVAXUSDT,1758200460000,2025-09,LONG,0.048951020772
V54,AVAXUSDT,1761012060000,2025-10,SHORT,-0.021364648939
V54,AVAXUSDT,1761170460000,2025-10,SHORT,-0.028315077615
V54,AVAXUSDT,1762279260000,2025-11,SHORT,-0.029164084464
V54,AVAXUSDT,1765990860000,2025-12,SHORT,-0.021458629164
V54,AVAXUSDT,1767412860000,2026-01,LONG,-0.026513264657
V54,AVAXUSDT,1767535320000,2026-01,LONG,-0.016589926712
V54,AVAXUSDT,1768892460000,2026-01,SHORT,0.018830418395
V54,AVAXUSDT,1770289260000,2026-02,SHORT,0.034993676777
V54,AVAXUSDT,1773406860000,2026-03,LONG,-0.027776819809
V54,AVAXUSDT,1773640860000,2026-03,LONG,-0.025987164911
V54,AVAXUSDT,1780520460000,2026-06,SHORT,-0.027505690629
V54,AVAXUSDT,1780668120000,2026-06,SHORT,0.065267412483
V54,AVAXUSDT,1787216460000,2026-08,LONG,0.038751402201
V54,AVAXUSDT,1787292060000,2026-08,LONG,0.055535650884
V54,AVAXUSDT,1787367660000,2026-08,LONG,-0.098652112886
ID121,BNBUSDT,1725152460000,2024-09,SHORT,0.033573201333
ID121,BNBUSDT,1725260460000,2024-09,SHORT,-0.026608879877
ID121,BNBUSDT,1725447660000,2024-09,SHORT,-0.029311375725
ID121,BNBUSDT,1725555660000,2024-09,SHORT,-0.017969487899
ID121,BNBUSDT,1725638460000,2024-09,SHORT,-0.016803711516
ID121,BNBUSDT,1726963260000,2024-09,LONG,-0.016395565756
ID121,BNBUSDT,1738468860000,2025-02,SHORT,0.037088582060
ID121,BNBUSDT,1738656060000,2025-02,SHORT,-0.027239446099
ID121,BNBUSDT,1738706460000,2025-02,SHORT,-0.027413180810
ID121,BNBUSDT,1739412060000,2025-02,LONG,-0.026168105839
ID121,BNBUSDT,1740668460000,2025-02,SHORT,0.037846559465
ID121,BNBUSDT,1741618860000,2025-03,SHORT,0.039723587259
ID121,BNBUSDT,1745366460000,2025-04,LONG,-0.016458101842
ID121,BNBUSDT,1746774060000,2025-05,LONG,0.049172452313
ID121,BNBUSDT,1746921720000,2025-05,LONG,-0.017665424530
ID121,BNBUSDT,1747864860000,2025-05,LONG,-0.017538605193
ID121,BNBUSDT,1752170460000,2025-07,LONG,0.018870685174
ID121,BNBUSDT,1752699660000,2025-07,LONG,0.044236900633
ID121,BNBUSDT,1754661660000,2025-08,LONG,0.048638956589
ID121,BNBUSDT,1757235660000,2025-09,LONG,0.021316048269
ID121,BNBUSDT,1758419100000,2025-09,LONG,-0.019464886698
ID121,BNBUSDT,1759402860000,2025-10,LONG,0.042179752276
ID121,BNBUSDT,1759447860000,2025-10,LONG,0.034765310706
ID121,BNBUSDT,1759507260000,2025-10,LONG,-0.028753266093
ID121,BNBUSDT,1759518060000,2025-10,LONG,-0.023288179242
ID121,BNBUSDT,1763409660000,2025-11,SHORT,-0.026088694958
ID121,BNBUSDT,1763683260000,2025-11,SHORT,0.057120719445
ID121,BNBUSDT,1766037660000,2025-12,SHORT,-0.020852472269
ID121,BNBUSDT,1767614460000,2026-01,LONG,-0.017997645989
ID121,BNBUSDT,1769943660000,2026-02,SHORT,-0.017029885883
ID121,BNBUSDT,1770206460000,2026-02,SHORT,0.041144359976
ID121,BNBUSDT,1770229980000,2026-02,SHORT,0.043196750427
ID121,BNBUSDT,1770307260000,2026-02,SHORT,0.067020613155
ID121,BNBUSDT,1771916460000,2026-02,SHORT,-0.016856624258
ID121,BNBUSDT,1772989260000,2026-03,SHORT,-0.017258012346
ID121,BNBUSDT,1773633660000,2026-03,LONG,-0.018338320915
ID121,BNBUSDT,1778068860000,2026-05,LONG,-0.018298075936
ID121,BNBUSDT,1778140860000,2026-05,LONG,-0.016955466219
ID121,BNBUSDT,1778666460000,2026-05,LONG,-0.024412516029
ID121,BNBUSDT,1780196460000,2026-05,LONG,-0.029727260749
ID121,BNBUSDT,1787216460000,2026-08,LONG,0.043712330668
V54,BNBUSDT,1725152460000,2024-09,SHORT,0.033573201333
V54,BNBUSDT,1725260460000,2024-09,SHORT,-0.026608879877
V54,BNBUSDT,1725447660000,2024-09,SHORT,-0.029311375725
V54,BNBUSDT,1725555660000,2024-09,SHORT,-0.017969487899
V54,BNBUSDT,1725638460000,2024-09,SHORT,-0.016803711516
V54,BNBUSDT,1726963260000,2024-09,LONG,-0.016395565756
V54,BNBUSDT,1738468860000,2025-02,SHORT,0.037088582060
V54,BNBUSDT,1738656060000,2025-02,SHORT,-0.027239446099
V54,BNBUSDT,1738706460000,2025-02,SHORT,-0.027413180810
V54,BNBUSDT,1739412060000,2025-02,LONG,-0.026168105839
V54,BNBUSDT,1740668460000,2025-02,SHORT,0.037846559465
V54,BNBUSDT,1741618860000,2025-03,SHORT,0.039723587259
V54,BNBUSDT,1745366460000,2025-04,LONG,-0.016458101842
V54,BNBUSDT,1746774060000,2025-05,LONG,0.049172452313
V54,BNBUSDT,1746921720000,2025-05,LONG,-0.017665424530
V54,BNBUSDT,1747864860000,2025-05,LONG,-0.017538605193
V54,BNBUSDT,1752170460000,2025-07,LONG,0.018870685174
V54,BNBUSDT,1752699660000,2025-07,LONG,0.044236900633
V54,BNBUSDT,1754661660000,2025-08,LONG,0.048638956589
V54,BNBUSDT,1757235660000,2025-09,LONG,0.021316048269
V54,BNBUSDT,1758419100000,2025-09,LONG,-0.019464886698
V54,BNBUSDT,1759402860000,2025-10,LONG,0.042179752276
V54,BNBUSDT,1759447860000,2025-10,LONG,0.034765310706
V54,BNBUSDT,1759507260000,2025-10,LONG,-0.028753266093
V54,BNBUSDT,1759518060000,2025-10,LONG,-0.023288179242
V54,BNBUSDT,1763409660000,2025-11,SHORT,-0.026088694958
V54,BNBUSDT,1763683260000,2025-11,SHORT,0.057120719445
V54,BNBUSDT,1766037660000,2025-12,SHORT,-0.020852472269
V54,BNBUSDT,1767614460000,2026-01,LONG,-0.017997645989
V54,BNBUSDT,1769943660000,2026-02,SHORT,-0.017029885883
V54,BNBUSDT,1770206460000,2026-02,SHORT,0.041144359976
V54,BNBUSDT,1770229980000,2026-02,SHORT,0.043196750427
V54,BNBUSDT,1770307260000,2026-02,SHORT,0.067020613155
V54,BNBUSDT,1771916460000,2026-02,SHORT,-0.016856624258
V54,BNBUSDT,1772989260000,2026-03,SHORT,-0.017258012346
V54,BNBUSDT,1773633660000,2026-03,LONG,-0.018338320915
V54,BNBUSDT,1778054460000,2026-05,LONG,0.018907123923
V54,BNBUSDT,1778666460000,2026-05,LONG,-0.024412516029
V54,BNBUSDT,1780196460000,2026-05,LONG,-0.029727260749
V54,BNBUSDT,1787216460000,2026-08,LONG,0.043712330668
V54,BNBUSDT,1787353320000,2026-08,LONG,-0.017779636835
ID121,BTCUSDT,1725651480000,2024-09,SHORT,-0.024777430688
ID121,BTCUSDT,1726750860000,2024-09,LONG,0.034385185109
ID121,BTCUSDT,1727427660000,2024-09,LONG,-0.017147821564
ID121,BTCUSDT,1730210520000,2024-10,LONG,-0.018161144661
ID121,BTCUSDT,1730923260000,2024-11,LONG,0.042137526528
ID121,BTCUSDT,1731261660000,2024-11,LONG,0.095681280454
ID121,BTCUSDT,1732190460000,2024-11,LONG,-0.017766812825
ID121,BTCUSDT,1734364860000,2024-12,LONG,-0.017088502863
ID121,BTCUSDT,1740409260000,2025-02,SHORT,0.073306834639
ID121,BTCUSDT,1740574860000,2025-02,SHORT,0.042398389204
ID121,BTCUSDT,1740675660000,2025-02,SHORT,0.038793246099
ID121,BTCUSDT,1741539660000,2025-03,SHORT,0.040267811443
ID121,BTCUSDT,1743343260000,2025-03,SHORT,-0.016599358522
ID121,BTCUSDT,1745326860000,2025-04,LONG,0.047131643608
ID121,BTCUSDT,1752314460000,2025-07,LONG,-0.017173272564
ID121,BTCUSDT,1754870460000,2025-08,LONG,-0.017666788001
ID121,BTCUSDT,1759363260000,2025-10,LONG,0.021823396743
ID121,BTCUSDT,1762246860000,2025-11,SHORT,0.033879917049
ID121,BTCUSDT,1763125260000,2025-11,SHORT,0.033674154324
ID121,BTCUSDT,1763694240000,2025-11,SHORT,0.034903015446
ID121,BTCUSDT,1763809260000,2025-11,SHORT,-0.016709709458
ID121,BTCUSDT,1764594060000,2025-12,SHORT,-0.023994836958
ID121,BTCUSDT,1765116060000,2025-12,SHORT,-0.016816354673
ID121,BTCUSDT,1767625260000,2026-01,LONG,-0.016514912925
ID121,BTCUSDT,1769331660000,2026-01,SHORT,-0.016357348587
ID121,BTCUSDT,1769738460000,2026-01,SHORT,-0.023647118834
ID121,BTCUSDT,1769850060000,2026-01,SHORT,0.052221116848
ID121,BTCUSDT,1769983260000,2026-02,SHORT,-0.018593115975
ID121,BTCUSDT,1770213660000,2026-02,SHORT,0.047818948756
ID121,BTCUSDT,1770296460000,2026-02,SHORT,0.042689489864
ID121,BTCUSDT,1773633660000,2026-03,LONG,-0.016790446574
ID121,BTCUSDT,1775750520000,2026-04,LONG,-0.017311624590
ID121,BTCUSDT,1780322460000,2026-06,SHORT,0.033676541905
ID121,BTCUSDT,1780406700000,2026-06,SHORT,0.033739607022
ID121,BTCUSDT,1780516860000,2026-06,SHORT,0.044674566195
ID121,BTCUSDT,1780628460000,2026-06,SHORT,0.018185799353
ID121,BTCUSDT,1782687660000,2026-06,SHORT,-0.017663099124
ID121,BTCUSDT,1787274060000,2026-08,LONG,0.052889999147
V54,BTCUSDT,1725651480000,2024-09,SHORT,-0.024777430688
V54,BTCUSDT,1726750860000,2024-09,LONG,0.034385185109
V54,BTCUSDT,1727427660000,2024-09,LONG,-0.017147821564
V54,BTCUSDT,1729076460000,2024-10,LONG,-0.018116164059
V54,BTCUSDT,1730210520000,2024-10,LONG,-0.018161144661
V54,BTCUSDT,1730923260000,2024-11,LONG,0.042137526528
V54,BTCUSDT,1731261660000,2024-11,LONG,0.095681280454
V54,BTCUSDT,1732161660000,2024-11,LONG,0.023722546252
V54,BTCUSDT,1734307260000,2024-12,LONG,-0.018150614302
V54,BTCUSDT,1740409260000,2025-02,SHORT,0.073306834639
V54,BTCUSDT,1740574860000,2025-02,SHORT,0.042398389204
V54,BTCUSDT,1740675660000,2025-02,SHORT,0.038793246099
V54,BTCUSDT,1741539660000,2025-03,SHORT,0.040267811443
V54,BTCUSDT,1743343260000,2025-03,SHORT,-0.016599358522
V54,BTCUSDT,1745326860000,2025-04,LONG,0.047131643608
V54,BTCUSDT,1752314460000,2025-07,LONG,-0.017173272564
V54,BTCUSDT,1754870460000,2025-08,LONG,-0.017666788001
V54,BTCUSDT,1757631660000,2025-09,LONG,-0.018387192742
V54,BTCUSDT,1759363260000,2025-10,LONG,0.021823396743
V54,BTCUSDT,1762246860000,2025-11,SHORT,0.033879917049
V54,BTCUSDT,1763125260000,2025-11,SHORT,0.033674154324
V54,BTCUSDT,1763694240000,2025-11,SHORT,0.034903015446
V54,BTCUSDT,1763809260000,2025-11,SHORT,-0.016709709458
V54,BTCUSDT,1764594060000,2025-12,SHORT,-0.023994836958
V54,BTCUSDT,1765116060000,2025-12,SHORT,-0.016816354673
V54,BTCUSDT,1767625260000,2026-01,LONG,-0.016514912925
V54,BTCUSDT,1769331660000,2026-01,SHORT,-0.016357348587
V54,BTCUSDT,1769738460000,2026-01,SHORT,-0.023647118834
V54,BTCUSDT,1769850060000,2026-01,SHORT,0.052221116848
V54,BTCUSDT,1769983260000,2026-02,SHORT,-0.018593115975
V54,BTCUSDT,1770213660000,2026-02,SHORT,0.047818948756
V54,BTCUSDT,1770296460000,2026-02,SHORT,0.042689489864
V54,BTCUSDT,1773633660000,2026-03,LONG,-0.016790446574
V54,BTCUSDT,1775750520000,2026-04,LONG,-0.017311624590
V54,BTCUSDT,1780322460000,2026-06,SHORT,0.033676541905
V54,BTCUSDT,1780406700000,2026-06,SHORT,0.033739607022
V54,BTCUSDT,1780516860000,2026-06,SHORT,0.044674566195
V54,BTCUSDT,1780628460000,2026-06,SHORT,0.018185799353
V54,BTCUSDT,1782687660000,2026-06,SHORT,-0.017663099124
V54,BTCUSDT,1787274060000,2026-08,LONG,0.052889999147
ID121,DOGEUSDT,1729267260000,2024-10,LONG,0.051296116200
ID121,DOGEUSDT,1730164680000,2024-10,LONG,-0.026027735537
ID121,DOGEUSDT,1730217660000,2024-10,LONG,-0.027127605347
ID121,DOGEUSDT,1731340860000,2024-11,LONG,0.061380582725
ID121,DOGEUSDT,1732330860000,2024-11,LONG,0.067587726500
ID121,DOGEUSDT,1735963260000,2025-01,LONG,-0.026098726288
ID121,DOGEUSDT,1737162060000,2025-01,LONG,-0.026578557879
ID121,DOGEUSDT,1740427260000,2025-02,SHORT,0.047545135482
ID121,DOGEUSDT,1743354060000,2025-03,SHORT,-0.027698987803
ID121,DOGEUSDT,1743415260000,2025-03,SHORT,-0.033824280601
ID121,DOGEUSDT,1743685260000,2025-04,SHORT,-0.027157753822
ID121,DOGEUSDT,1746749040000,2025-05,LONG,-0.026016711135
ID121,DOGEUSDT,1746871260000,2025-05,LONG,-0.025971408281
ID121,DOGEUSDT,1746896460000,2025-05,LONG,0.062103086461
ID121,DOGEUSDT,1747958460000,2025-05,LONG,-0.019828964105
ID121,DOGEUSDT,1749978060000,2025-06,SHORT,-0.018562000502
ID121,DOGEUSDT,1750172460000,2025-06,SHORT,0.033762218307
ID121,DOGEUSDT,1750514460000,2025-06,SHORT,0.040125883939
ID121,DOGEUSDT,1752166860000,2025-07,LONG,0.052493394032
ID121,DOGEUSDT,1752202860000,2025-07,LONG,-0.016785974071
ID121,DOGEUSDT,1752813000000,2025-07,LONG,0.042556031930
ID121,DOGEUSDT,1754719260000,2025-08,LONG,-0.017458810354
ID121,DOGEUSDT,1757422860000,2025-09,LONG,-0.029072178007
ID121,DOGEUSDT,1757563260000,2025-09,LONG,-0.036770535381
ID121,DOGEUSDT,1757739660000,2025-09,LONG,0.040670338783
ID121,DOGEUSDT,1761930060000,2025-10,SHORT,-0.017813598246
ID121,DOGEUSDT,1762275660000,2025-11,SHORT,-0.027789917937
ID121,DOGEUSDT,1763406060000,2025-11,SHORT,-0.017498109435
ID121,DOGEUSDT,1768996860000,2026-01,SHORT,-0.020731300558
ID121,DOGEUSDT,1770289260000,2026-02,SHORT,0.044713641377
ID121,DOGEUSDT,1776366060000,2026-04,LONG,-0.024650293859
ID121,DOGEUSDT,1780520460000,2026-06,SHORT,0.038050451764
ID121,DOGEUSDT,1780686060000,2026-06,SHORT,-0.027173829468
ID121,DOGEUSDT,1780722060000,2026-06,SHORT,-0.028067114828
ID121,DOGEUSDT,1783494060000,2026-07,SHORT,-0.016824337053
ID121,DOGEUSDT,1786838460000,2026-08,SHORT,-0.016458437559
ID121,DOGEUSDT,1787216460000,2026-08,LONG,0.075945091446
ID121,DOGEUSDT,1787346060000,2026-08,LONG,0.056965340143
ID121,DOGEUSDT,1787371260000,2026-08,LONG,-0.054727189369
V54,DOGEUSDT,1724518860000,2024-08,LONG,-0.026957162172
V54,DOGEUSDT,1727413260000,2024-09,LONG,0.042292608116
V54,DOGEUSDT,1729267260000,2024-10,LONG,0.051296116200
V54,DOGEUSDT,1730164680000,2024-10,LONG,-0.026027735537
V54,DOGEUSDT,1730217660000,2024-10,LONG,-0.027127605347
V54,DOGEUSDT,1731340860000,2024-11,LONG,0.061380582725
V54,DOGEUSDT,1732330860000,2024-11,LONG,0.067587726500
V54,DOGEUSDT,1735963260000,2025-01,LONG,-0.026098726288
V54,DOGEUSDT,1737162060000,2025-01,LONG,-0.026578557879
V54,DOGEUSDT,1740427260000,2025-02,SHORT,0.047545135482
V54,DOGEUSDT,1743354060000,2025-03,SHORT,-0.027698987803
V54,DOGEUSDT,1743415260000,2025-03,SHORT,-0.033824280601
V54,DOGEUSDT,1743685260000,2025-04,SHORT,-0.027157753822
V54,DOGEUSDT,1746749040000,2025-05,LONG,-0.026016711135
V54,DOGEUSDT,1746871260000,2025-05,LONG,-0.025971408281
V54,DOGEUSDT,1746896460000,2025-05,LONG,0.062103086461
V54,DOGEUSDT,1747846860000,2025-05,LONG,-0.031164691578
V54,DOGEUSDT,1747958460000,2025-05,LONG,-0.019828964105
V54,DOGEUSDT,1749978060000,2025-06,SHORT,-0.018562000502
V54,DOGEUSDT,1750172460000,2025-06,SHORT,0.033762218307
V54,DOGEUSDT,1750514460000,2025-06,SHORT,0.040125883939
V54,DOGEUSDT,1752166860000,2025-07,LONG,0.052493394032
V54,DOGEUSDT,1752202860000,2025-07,LONG,-0.016785974071
V54,DOGEUSDT,1752813000000,2025-07,LONG,0.042556031930
V54,DOGEUSDT,1754719260000,2025-08,LONG,-0.017458810354
V54,DOGEUSDT,1757368860000,2025-09,LONG,-0.026035292522
V54,DOGEUSDT,1757422860000,2025-09,LONG,-0.029072178007
V54,DOGEUSDT,1757563260000,2025-09,LONG,-0.036770535381
V54,DOGEUSDT,1757739660000,2025-09,LONG,0.040670338783
V54,DOGEUSDT,1761930060000,2025-10,SHORT,-0.017813598246
V54,DOGEUSDT,1762275660000,2025-11,SHORT,-0.027789917937
V54,DOGEUSDT,1763406060000,2025-11,SHORT,-0.017498109435
V54,DOGEUSDT,1768996860000,2026-01,SHORT,-0.020731300558
V54,DOGEUSDT,1770289260000,2026-02,SHORT,0.044713641377
V54,DOGEUSDT,1776366060000,2026-04,LONG,-0.024650293859
V54,DOGEUSDT,1777255260000,2026-04,LONG,-0.016748790691
V54,DOGEUSDT,1780520460000,2026-06,SHORT,0.038050451764
V54,DOGEUSDT,1780686060000,2026-06,SHORT,-0.027173829468
V54,DOGEUSDT,1780722060000,2026-06,SHORT,-0.028067114828
V54,DOGEUSDT,1783494060000,2026-07,SHORT,-0.016824337053
V54,DOGEUSDT,1786838460000,2026-08,SHORT,-0.016458437559
V54,DOGEUSDT,1787216460000,2026-08,LONG,0.075945091446
V54,DOGEUSDT,1787346060000,2026-08,LONG,0.056965340143
V54,DOGEUSDT,1787371260000,2026-08,LONG,-0.054727189369
ID121,ETHUSDT,1725123660000,2024-08,SHORT,0.032750828179
ID121,ETHUSDT,1725408060000,2024-09,SHORT,-0.017340443250
ID121,ETHUSDT,1725638460000,2024-09,SHORT,-0.017787104203
ID121,ETHUSDT,1727946060000,2024-10,SHORT,-0.019328135413
ID121,ETHUSDT,1728586860000,2024-10,SHORT,-0.020444411639
ID121,ETHUSDT,1729465260000,2024-10,LONG,-0.019124856773
ID121,ETHUSDT,1729900860000,2024-10,SHORT,-0.016588923284
ID121,ETHUSDT,1731074460000,2024-11,LONG,0.058903959823
ID121,ETHUSDT,1731196680000,2024-11,LONG,-0.019663196090
ID121,ETHUSDT,1733004720000,2024-11,LONG,-0.018467779178
ID121,ETHUSDT,1735995660000,2025-01,LONG,-0.020927097537
ID121,ETHUSDT,1738515840000,2025-02,SHORT,0.128479693100
ID121,ETHUSDT,1740574860000,2025-02,SHORT,0.052457432103
ID121,ETHUSDT,1740690060000,2025-02,SHORT,0.050275282939
ID121,ETHUSDT,1743249660000,2025-03,SHORT,-0.019642010359
ID121,ETHUSDT,1743858060000,2025-04,SHORT,0.094720623141
ID121,ETHUSDT,1746864060000,2025-05,LONG,0.067132162981
ID121,ETHUSDT,1749654060000,2025-06,LONG,-0.022768210958
ID121,ETHUSDT,1752685260000,2025-07,LONG,0.048783432711
ID121,ETHUSDT,1754676060000,2025-08,LONG,0.055859775146
ID121,ETHUSDT,1754776080000,2025-08,LONG,-0.025490937120
ID121,ETHUSDT,1755057660000,2025-08,LONG,-0.021795542701
ID121,ETHUSDT,1757696460000,2025-09,LONG,-0.017263912142
ID121,ETHUSDT,1760648460000,2025-10,SHORT,-0.018159094577
ID121,ETHUSDT,1761022860000,2025-10,SHORT,-0.024001769921
ID121,ETHUSDT,1761170460000,2025-10,SHORT,-0.027220855873
ID121,ETHUSDT,1762275660000,2025-11,SHORT,-0.017593321963
ID121,ETHUSDT,1762516860000,2025-11,SHORT,-0.024148193622
ID121,ETHUSDT,1763654460000,2025-11,SHORT,0.043836723496
ID121,ETHUSDT,1763712060000,2025-11,SHORT,-0.030423850084
ID121,ETHUSDT,1769360460000,2026-01,SHORT,-0.018012753534
ID121,ETHUSDT,1769738460000,2026-01,SHORT,0.032852743715
ID121,ETHUSDT,1769852880000,2026-01,SHORT,0.094728462872
ID121,ETHUSDT,1769943660000,2026-02,SHORT,0.033101709789
ID121,ETHUSDT,1773684060000,2026-03,LONG,-0.018104371816
ID121,ETHUSDT,1779940860000,2026-05,SHORT,-0.020659692129
ID121,ETHUSDT,1780412460000,2026-06,SHORT,0.036026206798
ID121,ETHUSDT,1780516860000,2026-06,SHORT,-0.028693665585
ID121,ETHUSDT,1780538460000,2026-06,SHORT,-0.028675913560
ID121,ETHUSDT,1780628460000,2026-06,SHORT,0.032629248336
ID121,ETHUSDT,1782309660000,2026-06,SHORT,0.050060590160
ID121,ETHUSDT,1783180980000,2026-07,LONG,-0.016665874140
ID121,ETHUSDT,1787241660000,2026-08,LONG,0.036093258639
V54,ETHUSDT,1725123660000,2024-08,SHORT,0.032750828179
V54,ETHUSDT,1725408060000,2024-09,SHORT,-0.017340443250
V54,ETHUSDT,1725638460000,2024-09,SHORT,-0.017787104203
V54,ETHUSDT,1727946060000,2024-10,SHORT,-0.019328135413
V54,ETHUSDT,1728586860000,2024-10,SHORT,-0.020444411639
V54,ETHUSDT,1729465260000,2024-10,LONG,-0.019124856773
V54,ETHUSDT,1729900860000,2024-10,SHORT,-0.016588923284
V54,ETHUSDT,1731074460000,2024-11,LONG,0.058903959823
V54,ETHUSDT,1731196680000,2024-11,LONG,-0.019663196090
V54,ETHUSDT,1733004720000,2024-11,LONG,-0.018467779178
V54,ETHUSDT,1735995660000,2025-01,LONG,-0.020927097537
V54,ETHUSDT,1738515840000,2025-02,SHORT,0.128479693100
V54,ETHUSDT,1740574860000,2025-02,SHORT,0.052457432103
V54,ETHUSDT,1740690060000,2025-02,SHORT,0.050275282939
V54,ETHUSDT,1743249660000,2025-03,SHORT,-0.019642010359
V54,ETHUSDT,1743858060000,2025-04,SHORT,0.094720623141
V54,ETHUSDT,1746864060000,2025-05,LONG,0.067132162981
V54,ETHUSDT,1749654060000,2025-06,LONG,-0.022768210958
V54,ETHUSDT,1751551260000,2025-07,LONG,-0.022818955917
V54,ETHUSDT,1752170460000,2025-07,LONG,0.056458602089
V54,ETHUSDT,1752685260000,2025-07,LONG,0.048783432711
V54,ETHUSDT,1753682460000,2025-07,LONG,-0.023589102109
V54,ETHUSDT,1754676060000,2025-08,LONG,0.055859775146
V54,ETHUSDT,1754776080000,2025-08,LONG,-0.025490937120
V54,ETHUSDT,1755057660000,2025-08,LONG,-0.021795542701
V54,ETHUSDT,1757696460000,2025-09,LONG,-0.017263912142
V54,ETHUSDT,1760648460000,2025-10,SHORT,-0.018159094577
V54,ETHUSDT,1761022860000,2025-10,SHORT,-0.024001769921
V54,ETHUSDT,1761170460000,2025-10,SHORT,-0.027220855873
V54,ETHUSDT,1762275660000,2025-11,SHORT,-0.017593321963
V54,ETHUSDT,1762516860000,2025-11,SHORT,-0.024148193622
V54,ETHUSDT,1763654460000,2025-11,SHORT,0.043836723496
V54,ETHUSDT,1763712060000,2025-11,SHORT,-0.030423850084
V54,ETHUSDT,1769360460000,2026-01,SHORT,-0.018012753534
V54,ETHUSDT,1769738460000,2026-01,SHORT,0.032852743715
V54,ETHUSDT,1769852880000,2026-01,SHORT,0.094728462872
V54,ETHUSDT,1769943660000,2026-02,SHORT,0.033101709789
V54,ETHUSDT,1773684060000,2026-03,LONG,-0.018104371816
V54,ETHUSDT,1779940860000,2026-05,SHORT,-0.020659692129
V54,ETHUSDT,1780412460000,2026-06,SHORT,0.036026206798
V54,ETHUSDT,1780516860000,2026-06,SHORT,-0.028693665585
V54,ETHUSDT,1780538460000,2026-06,SHORT,-0.028675913560
V54,ETHUSDT,1780628460000,2026-06,SHORT,0.032629248336
V54,ETHUSDT,1782309660000,2026-06,SHORT,0.050060590160
V54,ETHUSDT,1783180980000,2026-07,LONG,-0.016665874140
V54,ETHUSDT,1787241660000,2026-08,LONG,0.036093258639
ID121,LTCUSDT,1724756460000,2024-08,SHORT,-0.017282507729
ID121,LTCUSDT,1729195260000,2024-10,LONG,0.018046112744
ID121,LTCUSDT,1731783960000,2024-11,LONG,-0.029509037324
ID121,LTCUSDT,1733169780000,2024-12,LONG,-0.028199436742
ID121,LTCUSDT,1737050460000,2025-01,LONG,-0.026600979247
ID121,LTCUSDT,1737086460000,2025-01,LONG,0.035550955010
ID121,LTCUSDT,1739635260000,2025-02,LONG,-0.027819728887
ID121,LTCUSDT,1743944460000,2025-04,SHORT,0.123660158372
ID121,LTCUSDT,1746777660000,2025-05,LONG,0.047373379049
ID121,LTCUSDT,1746921780000,2025-05,LONG,-0.029563521190
ID121,LTCUSDT,1750514460000,2025-06,SHORT,0.050921595182
ID121,LTCUSDT,1752167160000,2025-07,LONG,0.050593261698
ID121,LTCUSDT,1752245760000,2025-07,LONG,-0.026422245737
ID121,LTCUSDT,1752804060000,2025-07,LONG,0.036563532097
ID121,LTCUSDT,1752832860000,2025-07,LONG,-0.027481951961
ID121,LTCUSDT,1752991260000,2025-07,LONG,-0.016784554317
ID121,LTCUSDT,1754352060000,2025-08,LONG,0.034638794404
ID121,LTCUSDT,1757754060000,2025-09,LONG,-0.018998828204
ID121,LTCUSDT,1760104860000,2025-10,LONG,-0.025979655035
ID121,LTCUSDT,1768896060000,2026-01,SHORT,0.054595380938
ID121,LTCUSDT,1769846460000,2026-01,SHORT,0.045368711672
ID121,LTCUSDT,1770289260000,2026-02,SHORT,0.038463510323
ID121,LTCUSDT,1773633660000,2026-03,LONG,0.019060566241
ID121,LTCUSDT,1779494460000,2026-05,SHORT,-0.016962610942
ID121,LTCUSDT,1780380060000,2026-06,SHORT,0.049062320411
ID121,LTCUSDT,1780520460000,2026-06,SHORT,0.037002114252
ID121,LTCUSDT,1780630740000,2026-06,SHORT,0.033413677254
ID121,LTCUSDT,1780776060000,2026-06,SHORT,-0.027828641368
ID121,LTCUSDT,1784469660000,2026-07,LONG,-0.019199267082
ID121,LTCUSDT,1787288460000,2026-08,LONG,0.036562954930
ID121,LTCUSDT,1787367660000,2026-08,LONG,-0.031528512057
V54,LTCUSDT,1724756460000,2024-08,SHORT,-0.017282507729
V54,LTCUSDT,1727481660000,2024-09,LONG,-0.017999719356
V54,LTCUSDT,1729195260000,2024-10,LONG,0.018046112744
V54,LTCUSDT,1731783960000,2024-11,LONG,-0.029509037324
V54,LTCUSDT,1733169780000,2024-12,LONG,-0.028199436742
V54,LTCUSDT,1737050460000,2025-01,LONG,-0.026600979247
V54,LTCUSDT,1737086460000,2025-01,LONG,0.035550955010
V54,LTCUSDT,1739635260000,2025-02,LONG,-0.027819728887
V54,LTCUSDT,1743944460000,2025-04,SHORT,0.123660158372
V54,LTCUSDT,1745632860000,2025-04,LONG,-0.021347442481
V54,LTCUSDT,1746777660000,2025-05,LONG,0.047373379049
V54,LTCUSDT,1746921780000,2025-05,LONG,-0.029563521190
V54,LTCUSDT,1747969260000,2025-05,LONG,-0.026519473142
V54,LTCUSDT,1750514460000,2025-06,SHORT,0.050921595182
V54,LTCUSDT,1752167160000,2025-07,LONG,0.050593261698
V54,LTCUSDT,1752245760000,2025-07,LONG,-0.026422245737
V54,LTCUSDT,1752804060000,2025-07,LONG,0.036563532097
V54,LTCUSDT,1752832860000,2025-07,LONG,-0.027481951961
V54,LTCUSDT,1752991260000,2025-07,LONG,-0.016784554317
V54,LTCUSDT,1754352060000,2025-08,LONG,0.034638794404
V54,LTCUSDT,1757754060000,2025-09,LONG,-0.018998828204
V54,LTCUSDT,1760104860000,2025-10,LONG,-0.025979655035
V54,LTCUSDT,1768896060000,2026-01,SHORT,0.054595380938
V54,LTCUSDT,1769846460000,2026-01,SHORT,0.045368711672
V54,LTCUSDT,1770289260000,2026-02,SHORT,0.038463510323
V54,LTCUSDT,1773633660000,2026-03,LONG,0.019060566241
V54,LTCUSDT,1779494460000,2026-05,SHORT,-0.016962610942
V54,LTCUSDT,1780380060000,2026-06,SHORT,0.049062320411
V54,LTCUSDT,1780520460000,2026-06,SHORT,0.037002114252
V54,LTCUSDT,1780630740000,2026-06,SHORT,0.033413677254
V54,LTCUSDT,1780776060000,2026-06,SHORT,-0.027828641368
V54,LTCUSDT,1783800060000,2026-07,LONG,-0.016521051176
V54,LTCUSDT,1784469660000,2026-07,LONG,-0.019199267082
V54,LTCUSDT,1786287660000,2026-08,LONG,-0.016877093763
V54,LTCUSDT,1787288460000,2026-08,LONG,0.036562954930
V54,LTCUSDT,1787367660000,2026-08,LONG,-0.031528512057
ID121,NEARUSDT,1724493900000,2024-08,LONG,0.035235793583
ID121,NEARUSDT,1724529660000,2024-08,LONG,-0.025836400220
ID121,NEARUSDT,1725123660000,2024-08,SHORT,0.042322098880
ID121,NEARUSDT,1727103660000,2024-09,LONG,0.041379915300
ID121,NEARUSDT,1730712780000,2024-11,SHORT,-0.026143584885
ID121,NEARUSDT,1736751660000,2025-01,SHORT,0.038161699686
ID121,NEARUSDT,1740466860000,2025-02,SHORT,-0.027710514977
ID121,NEARUSDT,1740596700000,2025-02,SHORT,-0.029189515634
ID121,NEARUSDT,1741539660000,2025-03,SHORT,0.063112726100
ID121,NEARUSDT,1743926460000,2025-04,SHORT,0.032388899852
ID121,NEARUSDT,1746748860000,2025-05,LONG,0.047474484839
ID121,NEARUSDT,1746780360000,2025-05,LONG,0.035728548235
ID121,NEARUSDT,1746910860000,2025-05,LONG,0.039276167601
ID121,NEARUSDT,1747969260000,2025-05,LONG,-0.027552448983
ID121,NEARUSDT,1752130860000,2025-07,LONG,0.052021686651
ID121,NEARUSDT,1752199260000,2025-07,LONG,-0.018348731229
ID121,NEARUSDT,1757509260000,2025-09,LONG,-0.016167707581
ID121,NEARUSDT,1757552460000,2025-09,LONG,-0.025387312175
ID121,NEARUSDT,1758207660000,2025-09,LONG,0.061548162597
ID121,NEARUSDT,1760684460000,2025-10,SHORT,-0.019995844209
ID121,NEARUSDT,1761930060000,2025-10,SHORT,-0.029954348926
ID121,NEARUSDT,1763712060000,2025-11,SHORT,0.049157891445
ID121,NEARUSDT,1764954060000,2025-12,SHORT,-0.026748340244
ID121,NEARUSDT,1767412860000,2026-01,LONG,-0.026566687658
ID121,NEARUSDT,1767578460000,2026-01,LONG,-0.020658553290
ID121,NEARUSDT,1768892460000,2026-01,SHORT,0.039876460690
ID121,NEARUSDT,1769756460000,2026-01,SHORT,-0.027951722522
ID121,NEARUSDT,1769882460000,2026-01,SHORT,-0.027506119358
ID121,NEARUSDT,1769961660000,2026-02,SHORT,-0.026833593799
ID121,NEARUSDT,1770289260000,2026-02,SHORT,-0.027332552455
ID121,NEARUSDT,1770321660000,2026-02,SHORT,-0.017729745881
ID121,NEARUSDT,1771941660000,2026-02,SHORT,-0.019734225878
ID121,NEARUSDT,1772488860000,2026-03,LONG,-0.028179653072
ID121,NEARUSDT,1773302460000,2026-03,LONG,0.038907049969
ID121,NEARUSDT,1774782060000,2026-03,SHORT,-0.026016251976
ID121,NEARUSDT,1775635260000,2026-04,LONG,-0.017588289882
ID121,NEARUSDT,1778227260000,2026-05,LONG,0.035901114681
ID121,NEARUSDT,1779289260000,2026-05,LONG,0.037650186481
ID121,NEARUSDT,1779436860000,2026-05,LONG,-0.026928138249
ID121,NEARUSDT,1780372860000,2026-06,LONG,-0.026120913372
ID121,NEARUSDT,1787349660000,2026-08,LONG,-0.069345272983
V54,NEARUSDT,1724493900000,2024-08,LONG,0.035235793583
V54,NEARUSDT,1724529660000,2024-08,LONG,-0.025836400220
V54,NEARUSDT,1725123660000,2024-08,SHORT,0.042322098880
V54,NEARUSDT,1727103660000,2024-09,LONG,0.041379915300
V54,NEARUSDT,1730712780000,2024-11,SHORT,-0.026143584885
V54,NEARUSDT,1736751660000,2025-01,SHORT,0.038161699686
V54,NEARUSDT,1740466860000,2025-02,SHORT,-0.027710514977
V54,NEARUSDT,1740596700000,2025-02,SHORT,-0.029189515634
V54,NEARUSDT,1741539660000,2025-03,SHORT,0.063112726100
V54,NEARUSDT,1743926460000,2025-04,SHORT,0.032388899852
V54,NEARUSDT,1745629260000,2025-04,LONG,-0.019242190799
V54,NEARUSDT,1746748860000,2025-05,LONG,0.047474484839
V54,NEARUSDT,1746780360000,2025-05,LONG,0.035728548235
V54,NEARUSDT,1746910860000,2025-05,LONG,0.039276167601
V54,NEARUSDT,1747969260000,2025-05,LONG,-0.027552448983
V54,NEARUSDT,1752091260000,2025-07,LONG,0.034521270051
V54,NEARUSDT,1752199260000,2025-07,LONG,-0.018348731229
V54,NEARUSDT,1755126060000,2025-08,LONG,-0.027742368631
V54,NEARUSDT,1757509260000,2025-09,LONG,-0.016167707581
V54,NEARUSDT,1757552460000,2025-09,LONG,-0.025387312175
V54,NEARUSDT,1758207660000,2025-09,LONG,0.061548162597
V54,NEARUSDT,1760684460000,2025-10,SHORT,-0.019995844209
V54,NEARUSDT,1761930060000,2025-10,SHORT,-0.029954348926
V54,NEARUSDT,1762603260000,2025-11,LONG,-0.027085306603
V54,NEARUSDT,1762604820000,2025-11,LONG,-0.025725095200
V54,NEARUSDT,1763712060000,2025-11,SHORT,0.049157891445
V54,NEARUSDT,1764954060000,2025-12,SHORT,-0.026748340244
V54,NEARUSDT,1767412860000,2026-01,LONG,-0.026566687658
V54,NEARUSDT,1767578460000,2026-01,LONG,-0.020658553290
V54,NEARUSDT,1768892460000,2026-01,SHORT,0.039876460690
V54,NEARUSDT,1769756460000,2026-01,SHORT,-0.027951722522
V54,NEARUSDT,1769882460000,2026-01,SHORT,-0.027506119358
V54,NEARUSDT,1769961660000,2026-02,SHORT,-0.026833593799
V54,NEARUSDT,1770289260000,2026-02,SHORT,-0.027332552455
V54,NEARUSDT,1770321660000,2026-02,SHORT,-0.017729745881
V54,NEARUSDT,1771941660000,2026-02,SHORT,-0.019734225878
V54,NEARUSDT,1772488860000,2026-03,LONG,-0.028179653072
V54,NEARUSDT,1773302460000,2026-03,LONG,0.038907049969
V54,NEARUSDT,1774782060000,2026-03,SHORT,-0.026016251976
V54,NEARUSDT,1775635260000,2026-04,LONG,-0.017588289882
V54,NEARUSDT,1778227260000,2026-05,LONG,0.035901114681
V54,NEARUSDT,1779289260000,2026-05,LONG,0.037650186481
V54,NEARUSDT,1779379260000,2026-05,LONG,0.193726926181
V54,NEARUSDT,1779436860000,2026-05,LONG,-0.026928138249
V54,NEARUSDT,1780372860000,2026-06,LONG,-0.026120913372
V54,NEARUSDT,1787349660000,2026-08,LONG,-0.069345272983
ID121,SOLUSDT,1730995260000,2024-11,LONG,0.051779383195
ID121,SOLUSDT,1731927660000,2024-11,LONG,-0.025968835357
ID121,SOLUSDT,1737190860000,2025-01,LONG,0.069876420964
ID121,SOLUSDT,1737284460000,2025-01,LONG,-0.026708654033
ID121,SOLUSDT,1739808060000,2025-02,SHORT,0.071713186215
ID121,SOLUSDT,1739898060000,2025-02,SHORT,-0.030741919030
ID121,SOLUSDT,1740412860000,2025-02,SHORT,0.060026092038
ID121,SOLUSDT,1743249660000,2025-03,SHORT,-0.018469917051
ID121,SOLUSDT,1746777660000,2025-05,LONG,0.044757595399
ID121,SOLUSDT,1746914460000,2025-05,LONG,-0.018271889720
ID121,SOLUSDT,1747990860000,2025-05,LONG,-0.027708938615
ID121,SOLUSDT,1752170760000,2025-07,LONG,-0.016797365162
ID121,SOLUSDT,1753110060000,2025-07,LONG,0.047235412091
ID121,SOLUSDT,1755079260000,2025-08,LONG,-0.028647447654
ID121,SOLUSDT,1755997260000,2025-08,LONG,-0.016533144191
ID121,SOLUSDT,1757638860000,2025-09,LONG,0.036205654391
ID121,SOLUSDT,1763712060000,2025-11,SHORT,-0.028666386017
ID121,SOLUSDT,1764604860000,2025-12,SHORT,-0.027993072492
ID121,SOLUSDT,1769158860000,2026-01,SHORT,-0.021217473108
ID121,SOLUSDT,1769356860000,2026-01,SHORT,0.054175110834
ID121,SOLUSDT,1770303480000,2026-02,SHORT,0.032749536295
ID121,SOLUSDT,1773694860000,2026-03,LONG,-0.024119628265
ID121,SOLUSDT,1778040060000,2026-05,LONG,0.067408218135
ID121,SOLUSDT,1780394460000,2026-06,SHORT,0.063329806337
ID121,SOLUSDT,1782986460000,2026-07,LONG,0.043214054397
ID121,SOLUSDT,1787173260000,2026-08,LONG,0.037607647847
ID121,SOLUSDT,1787274060000,2026-08,LONG,0.037090925496
ID121,SOLUSDT,1787349660000,2026-08,LONG,-0.044683418445
ID121,SOLUSDT,1787850060000,2026-08,LONG,-0.026132363360
V54,SOLUSDT,1727449260000,2024-09,LONG,-0.019100831216
V54,SOLUSDT,1729458180000,2024-10,LONG,0.018610072281
V54,SOLUSDT,1730995260000,2024-11,LONG,0.051779383195
V54,SOLUSDT,1731902460000,2024-11,LONG,-0.027378886564
V54,SOLUSDT,1737190860000,2025-01,LONG,0.069876420964
V54,SOLUSDT,1737284460000,2025-01,LONG,-0.026708654033
V54,SOLUSDT,1739808060000,2025-02,SHORT,0.071713186215
V54,SOLUSDT,1739898060000,2025-02,SHORT,-0.030741919030
V54,SOLUSDT,1740412860000,2025-02,SHORT,0.060026092038
V54,SOLUSDT,1743249660000,2025-03,SHORT,-0.018469917051
V54,SOLUSDT,1746777660000,2025-05,LONG,0.044757595399
V54,SOLUSDT,1746914460000,2025-05,LONG,-0.018271889720
V54,SOLUSDT,1747990860000,2025-05,LONG,-0.027708938615
V54,SOLUSDT,1752091380000,2025-07,LONG,0.041917461395
V54,SOLUSDT,1753110060000,2025-07,LONG,0.047235412091
V54,SOLUSDT,1754719260000,2025-08,LONG,-0.017692156631
V54,SOLUSDT,1755079260000,2025-08,LONG,-0.028647447654
V54,SOLUSDT,1755997260000,2025-08,LONG,-0.016533144191
V54,SOLUSDT,1757638860000,2025-09,LONG,0.036205654391
V54,SOLUSDT,1763712060000,2025-11,SHORT,-0.028666386017
V54,SOLUSDT,1764604860000,2025-12,SHORT,-0.027993072492
V54,SOLUSDT,1769158860000,2026-01,SHORT,-0.021217473108
V54,SOLUSDT,1769356860000,2026-01,SHORT,0.054175110834
V54,SOLUSDT,1770303480000,2026-02,SHORT,0.032749536295
V54,SOLUSDT,1773694860000,2026-03,LONG,-0.024119628265
V54,SOLUSDT,1778040060000,2026-05,LONG,0.067408218135
V54,SOLUSDT,1780394460000,2026-06,SHORT,0.063329806337
V54,SOLUSDT,1782986460000,2026-07,LONG,0.043214054397
V54,SOLUSDT,1783143660000,2026-07,LONG,-0.022812894661
V54,SOLUSDT,1787173260000,2026-08,LONG,0.037607647847
V54,SOLUSDT,1787274060000,2026-08,LONG,0.037090925496
V54,SOLUSDT,1787349660000,2026-08,LONG,-0.044683418445
V54,SOLUSDT,1787850060000,2026-08,LONG,-0.026132363360
ID121,UNIUSDT,1724745660000,2024-08,SHORT,0.078909362808
ID121,UNIUSDT,1728576120000,2024-10,LONG,-0.027411918757
ID121,UNIUSDT,1732431660000,2024-11,LONG,-0.027306591135
ID121,UNIUSDT,1740409260000,2025-02,SHORT,0.047276237080
ID121,UNIUSDT,1740466860000,2025-02,SHORT,-0.028854372088
ID121,UNIUSDT,1740708060000,2025-02,SHORT,-0.017086404143
ID121,UNIUSDT,1741420860000,2025-03,SHORT,-0.021581813621
ID121,UNIUSDT,1743264120000,2025-03,SHORT,-0.016784231389
ID121,UNIUSDT,1745960460000,2025-04,SHORT,-0.016984958848
ID121,UNIUSDT,1746018120000,2025-04,SHORT,-0.019699035251
ID121,UNIUSDT,1746270060000,2025-05,SHORT,0.035143498628
ID121,UNIUSDT,1746619260000,2025-05,SHORT,-0.016785070046
ID121,UNIUSDT,1746774060000,2025-05,LONG,-0.034163859682
ID121,UNIUSDT,1746896460000,2025-05,LONG,0.060099728648
ID121,UNIUSDT,1749596460000,2025-06,LONG,-0.028589499000
ID121,UNIUSDT,1751997660000,2025-07,LONG,-0.026036961733
ID121,UNIUSDT,1754676060000,2025-08,LONG,-0.021207521222
ID121,UNIUSDT,1758686460000,2025-09,SHORT,-0.027524997737
ID121,UNIUSDT,1758823260000,2025-09,SHORT,-0.028543513355
ID121,UNIUSDT,1760684460000,2025-10,SHORT,-0.017330568904
ID121,UNIUSDT,1761170460000,2025-10,SHORT,-0.027411245395
ID121,UNIUSDT,1761930060000,2025-10,SHORT,-0.027986276149
ID121,UNIUSDT,1762236060000,2025-11,SHORT,-0.028314638008
ID121,UNIUSDT,1762768860000,2025-11,LONG,0.092943013523
ID121,UNIUSDT,1769850060000,2026-01,SHORT,0.040468016531
ID121,UNIUSDT,1769950860000,2026-02,SHORT,-0.017136016361
ID121,UNIUSDT,1770289260000,2026-02,SHORT,0.055913479174
ID121,UNIUSDT,1780045260000,2026-05,SHORT,-0.021061286653
ID121,UNIUSDT,1781658060000,2026-06,LONG,-0.027384619131
ID121,UNIUSDT,1781659800000,2026-06,LONG,0.036800567335
ID121,UNIUSDT,1783083660000,2026-07,LONG,-0.027189518077
ID121,UNIUSDT,1783688460000,2026-07,LONG,-0.025967382375
ID121,UNIUSDT,1787360460000,2026-08,LONG,0.035706961247
ID121,UNIUSDT,1788091260000,2026-08,LONG,-0.017086182485
V54,UNIUSDT,1724745660000,2024-08,SHORT,0.078909362808
V54,UNIUSDT,1727431260000,2024-09,LONG,0.043846043134
V54,UNIUSDT,1728576120000,2024-10,LONG,-0.027411918757
V54,UNIUSDT,1732431660000,2024-11,LONG,-0.027306591135
V54,UNIUSDT,1733205660000,2024-12,LONG,-0.030360421513
V54,UNIUSDT,1740409260000,2025-02,SHORT,0.047276237080
V54,UNIUSDT,1740466860000,2025-02,SHORT,-0.028854372088
V54,UNIUSDT,1740708060000,2025-02,SHORT,-0.017086404143
V54,UNIUSDT,1741420860000,2025-03,SHORT,-0.021581813621
V54,UNIUSDT,1743264120000,2025-03,SHORT,-0.016784231389
V54,UNIUSDT,1745960460000,2025-04,SHORT,-0.016984958848
V54,UNIUSDT,1746018120000,2025-04,SHORT,-0.019699035251
V54,UNIUSDT,1746270060000,2025-05,SHORT,0.035143498628
V54,UNIUSDT,1746619260000,2025-05,SHORT,-0.016785070046
V54,UNIUSDT,1746774060000,2025-05,LONG,-0.034163859682
V54,UNIUSDT,1746896460000,2025-05,LONG,0.060099728648
V54,UNIUSDT,1749027660000,2025-06,LONG,-0.029939381929
V54,UNIUSDT,1749596460000,2025-06,LONG,-0.028589499000
V54,UNIUSDT,1751997660000,2025-07,LONG,-0.026036961733
V54,UNIUSDT,1754676060000,2025-08,LONG,-0.021207521222
V54,UNIUSDT,1758686460000,2025-09,SHORT,-0.027524997737
V54,UNIUSDT,1758823260000,2025-09,SHORT,-0.028543513355
V54,UNIUSDT,1760684460000,2025-10,SHORT,-0.017330568904
V54,UNIUSDT,1761170460000,2025-10,SHORT,-0.027411245395
V54,UNIUSDT,1761930060000,2025-10,SHORT,-0.027986276149
V54,UNIUSDT,1762236060000,2025-11,SHORT,-0.028314638008
V54,UNIUSDT,1762768860000,2025-11,LONG,0.092943013523
V54,UNIUSDT,1769850060000,2026-01,SHORT,0.040468016531
V54,UNIUSDT,1769950860000,2026-02,SHORT,-0.017136016361
V54,UNIUSDT,1770289260000,2026-02,SHORT,0.055913479174
V54,UNIUSDT,1780045260000,2026-05,SHORT,-0.021061286653
V54,UNIUSDT,1781658060000,2026-06,LONG,-0.027384619131
V54,UNIUSDT,1781659800000,2026-06,LONG,0.036800567335
V54,UNIUSDT,1783083660000,2026-07,LONG,-0.027189518077
V54,UNIUSDT,1783688460000,2026-07,LONG,-0.025967382375
V54,UNIUSDT,1787360460000,2026-08,LONG,0.035706961247
V54,UNIUSDT,1788091260000,2026-08,LONG,-0.017086182485
ID121,XRPUSDT,1731675660000,2024-11,LONG,0.107111533517
ID121,XRPUSDT,1731747840000,2024-11,LONG,0.048750094181
ID121,XRPUSDT,1731765660000,2024-11,LONG,0.040032813850
ID121,XRPUSDT,1732924860000,2024-11,LONG,0.034770744298
ID121,XRPUSDT,1733079660000,2024-12,LONG,0.066164258845
ID121,XRPUSDT,1733151660000,2024-12,LONG,-0.033868129395
ID121,XRPUSDT,1735873260000,2025-01,LONG,-0.018450727240
ID121,XRPUSDT,1736956860000,2025-01,LONG,-0.027407944181
ID121,XRPUSDT,1736978640000,2025-01,LONG,-0.030080132678
ID121,XRPUSDT,1741539720000,2025-03,SHORT,-0.028074197849
ID121,XRPUSDT,1745395260000,2025-04,LONG,-0.024681129775
ID121,XRPUSDT,1746777660000,2025-05,LONG,0.041842158230
ID121,XRPUSDT,1751529660000,2025-07,LONG,-0.016274560794
ID121,XRPUSDT,1752058860000,2025-07,LONG,0.034591611644
ID121,XRPUSDT,1752166860000,2025-07,LONG,0.035531644650
ID121,XRPUSDT,1752228060000,2025-07,LONG,0.057575332485
ID121,XRPUSDT,1752775260000,2025-07,LONG,0.043252016563
ID121,XRPUSDT,1760644860000,2025-10,SHORT,-0.031360085648
ID121,XRPUSDT,1762243260000,2025-11,SHORT,-0.029113187521
ID121,XRPUSDT,1763654460000,2025-11,SHORT,0.035588333908
ID121,XRPUSDT,1763712060000,2025-11,SHORT,-0.030844015565
ID121,XRPUSDT,1764928860000,2025-12,SHORT,-0.017565385429
ID121,XRPUSDT,1767488460000,2026-01,LONG,0.047957909455
ID121,XRPUSDT,1768892460000,2026-01,SHORT,0.032723655844
ID121,XRPUSDT,1769180460000,2026-01,SHORT,-0.016807281345
ID121,XRPUSDT,1769328060000,2026-01,SHORT,-0.017791120500
ID121,XRPUSDT,1770285660000,2026-02,SHORT,0.032535962199
ID121,XRPUSDT,1773684060000,2026-03,LONG,-0.017862962473
ID121,XRPUSDT,1776333660000,2026-04,LONG,0.042474608642
ID121,XRPUSDT,1778512320000,2026-05,LONG,-0.016634487291
ID121,XRPUSDT,1780380060000,2026-06,SHORT,0.039317597773
ID121,XRPUSDT,1780516860000,2026-06,SHORT,0.049478187685
ID121,XRPUSDT,1782298920000,2026-06,SHORT,0.050222077232
ID121,XRPUSDT,1787227260000,2026-08,LONG,0.097301066648
ID121,XRPUSDT,1787353260000,2026-08,LONG,0.062617065258
V54,XRPUSDT,1731675660000,2024-11,LONG,0.107111533517
V54,XRPUSDT,1731747840000,2024-11,LONG,0.048750094181
V54,XRPUSDT,1731765660000,2024-11,LONG,0.040032813850
V54,XRPUSDT,1732924860000,2024-11,LONG,0.034770744298
V54,XRPUSDT,1733079660000,2024-12,LONG,0.066164258845
V54,XRPUSDT,1733151660000,2024-12,LONG,-0.033868129395
V54,XRPUSDT,1735873260000,2025-01,LONG,-0.018450727240
V54,XRPUSDT,1736956860000,2025-01,LONG,-0.027407944181
V54,XRPUSDT,1736978640000,2025-01,LONG,-0.030080132678
V54,XRPUSDT,1741539720000,2025-03,SHORT,-0.028074197849
V54,XRPUSDT,1745395260000,2025-04,LONG,-0.024681129775
V54,XRPUSDT,1745827260000,2025-04,LONG,-0.026008218310
V54,XRPUSDT,1746777660000,2025-05,LONG,0.041842158230
V54,XRPUSDT,1751529660000,2025-07,LONG,-0.016274560794
V54,XRPUSDT,1752040860000,2025-07,LONG,0.047035747201
V54,XRPUSDT,1752166860000,2025-07,LONG,0.035531644650
V54,XRPUSDT,1752228060000,2025-07,LONG,0.057575332485
V54,XRPUSDT,1752775260000,2025-07,LONG,0.043252016563
V54,XRPUSDT,1760644860000,2025-10,SHORT,-0.031360085648
V54,XRPUSDT,1762243260000,2025-11,SHORT,-0.029113187521
V54,XRPUSDT,1763654460000,2025-11,SHORT,0.035588333908
V54,XRPUSDT,1763712060000,2025-11,SHORT,-0.030844015565
V54,XRPUSDT,1764928860000,2025-12,SHORT,-0.017565385429
V54,XRPUSDT,1767488460000,2026-01,LONG,0.047957909455
V54,XRPUSDT,1767628860000,2026-01,LONG,0.076679249260
V54,XRPUSDT,1768892460000,2026-01,SHORT,0.032723655844
V54,XRPUSDT,1769180460000,2026-01,SHORT,-0.016807281345
V54,XRPUSDT,1769328060000,2026-01,SHORT,-0.017791120500
V54,XRPUSDT,1770285660000,2026-02,SHORT,0.032535962199
V54,XRPUSDT,1773684060000,2026-03,LONG,-0.017862962473
V54,XRPUSDT,1776333660000,2026-04,LONG,0.042474608642
V54,XRPUSDT,1778050860000,2026-05,LONG,-0.016490987482
V54,XRPUSDT,1778512320000,2026-05,LONG,-0.016634487291
V54,XRPUSDT,1780380060000,2026-06,SHORT,0.039317597773
V54,XRPUSDT,1780516860000,2026-06,SHORT,0.049478187685
V54,XRPUSDT,1782298920000,2026-06,SHORT,0.050222077232
V54,XRPUSDT,1787227260000,2026-08,LONG,0.097301066648
V54,XRPUSDT,1787353260000,2026-08,LONG,0.062617065258
ID121,ZECUSDT,1727287260000,2024-09,SHORT,-0.018337237536
ID121,ZECUSDT,1727895660000,2024-10,SHORT,0.034745805823
ID121,ZECUSDT,1727947620000,2024-10,SHORT,-0.027178272503
ID121,ZECUSDT,1728622860000,2024-10,LONG,-0.025684849874
ID121,ZECUSDT,1735110060000,2024-12,LONG,0.044256719043
ID121,ZECUSDT,1738497660000,2025-02,SHORT,0.089858492692
ID121,ZECUSDT,1741536060000,2025-03,SHORT,0.033661727058
ID121,ZECUSDT,1741705260000,2025-03,SHORT,-0.028466256424
ID121,ZECUSDT,1744678860000,2025-04,SHORT,-0.027245940567
ID121,ZECUSDT,1744959660000,2025-04,SHORT,-0.018150801311
ID121,ZECUSDT,1746655260000,2025-05,LONG,-0.026332296864
ID121,ZECUSDT,1748289660000,2025-05,LONG,-0.026955763305
ID121,ZECUSDT,1750957260000,2025-06,SHORT,-0.026941976166
ID121,ZECUSDT,1751086860000,2025-06,SHORT,-0.027229475861
ID121,ZECUSDT,1751385660000,2025-07,SHORT,-0.024711016526
ID121,ZECUSDT,1757253660000,2025-09,LONG,0.069536616160
ID121,ZECUSDT,1757847660000,2025-09,LONG,-0.030527600485
ID121,ZECUSDT,1759136460000,2025-09,LONG,-0.026535443542
ID121,ZECUSDT,1759158060000,2025-09,LONG,-0.025834001488
ID121,ZECUSDT,1759341660000,2025-10,LONG,0.108171328566
ID121,ZECUSDT,1760058060000,2025-10,LONG,0.097439172941
ID121,ZECUSDT,1761433260000,2025-10,LONG,-0.025893571817
ID121,ZECUSDT,1761451260000,2025-10,LONG,0.060822319088
ID121,ZECUSDT,1761470100000,2025-10,LONG,0.097891594392
ID121,ZECUSDT,1761495960000,2025-10,LONG,-0.027963141051
ID121,ZECUSDT,1762416060000,2025-11,LONG,0.062109705734
ID121,ZECUSDT,1762480320000,2025-11,LONG,0.129040145082
ID121,ZECUSDT,1762509660000,2025-11,LONG,-0.033845450335
ID121,ZECUSDT,1769886060000,2026-01,SHORT,-0.037018277454
ID121,ZECUSDT,1770141660000,2026-02,SHORT,-0.027428650907
ID121,ZECUSDT,1770228060000,2026-02,SHORT,-0.033290725831
ID121,ZECUSDT,1770242460000,2026-02,SHORT,0.041369371810
ID121,ZECUSDT,1770266820000,2026-02,SHORT,0.096769795700
ID121,ZECUSDT,1770321660000,2026-02,SHORT,-0.032906566221
ID121,ZECUSDT,1770336180000,2026-02,SHORT,-0.028917584902
ID121,ZECUSDT,1771880460000,2026-02,SHORT,-0.018666812414
ID121,ZECUSDT,1773770460000,2026-03,LONG,-0.026013490760
ID121,ZECUSDT,1775595660000,2026-04,LONG,0.133663640864
ID121,ZECUSDT,1777849260000,2026-05,LONG,-0.030302253140
ID121,ZECUSDT,1779300060000,2026-05,LONG,-0.018090084446
ID121,ZECUSDT,1783796460000,2026-07,LONG,-0.026563525444
ID121,ZECUSDT,1784116860000,2026-07,LONG,-0.026833770216
ID121,ZECUSDT,1785934860000,2026-08,LONG,-0.021088242725
ID121,ZECUSDT,1787245260000,2026-08,LONG,-0.026627415796
ID121,ZECUSDT,1787331660000,2026-08,LONG,0.062435153365
ID121,ZECUSDT,1788105660000,2026-08,LONG,-0.027023596185
V54,ZECUSDT,1727287260000,2024-09,SHORT,-0.018337237536
V54,ZECUSDT,1727895660000,2024-10,SHORT,0.034745805823
V54,ZECUSDT,1727947620000,2024-10,SHORT,-0.027178272503
V54,ZECUSDT,1728622860000,2024-10,LONG,-0.025684849874
V54,ZECUSDT,1735030860000,2024-12,LONG,-0.029230845941
V54,ZECUSDT,1735110060000,2024-12,LONG,0.044256719043
V54,ZECUSDT,1738497660000,2025-02,SHORT,0.089858492692
V54,ZECUSDT,1741536060000,2025-03,SHORT,0.033661727058
V54,ZECUSDT,1741705260000,2025-03,SHORT,-0.028466256424
V54,ZECUSDT,1744678860000,2025-04,SHORT,-0.027245940567
V54,ZECUSDT,1744959660000,2025-04,SHORT,-0.018150801311
V54,ZECUSDT,1746655260000,2025-05,LONG,-0.026332296864
V54,ZECUSDT,1748289660000,2025-05,LONG,-0.026955763305
V54,ZECUSDT,1750957260000,2025-06,SHORT,-0.026941976166
V54,ZECUSDT,1751086860000,2025-06,SHORT,-0.027229475861
V54,ZECUSDT,1751385660000,2025-07,SHORT,-0.024711016526
V54,ZECUSDT,1757253660000,2025-09,LONG,0.069536616160
V54,ZECUSDT,1757847660000,2025-09,LONG,-0.030527600485
V54,ZECUSDT,1759136460000,2025-09,LONG,-0.026535443542
V54,ZECUSDT,1759158060000,2025-09,LONG,-0.025834001488
V54,ZECUSDT,1759341660000,2025-10,LONG,0.108171328566
V54,ZECUSDT,1760058060000,2025-10,LONG,0.097439172941
V54,ZECUSDT,1761433260000,2025-10,LONG,-0.025893571817
V54,ZECUSDT,1761451260000,2025-10,LONG,0.060822319088
V54,ZECUSDT,1761470100000,2025-10,LONG,0.097891594392
V54,ZECUSDT,1761495960000,2025-10,LONG,-0.027963141051
V54,ZECUSDT,1761531240000,2025-10,LONG,-0.028397471260
V54,ZECUSDT,1762416060000,2025-11,LONG,0.062109705734
V54,ZECUSDT,1762480320000,2025-11,LONG,0.129040145082
V54,ZECUSDT,1762509660000,2025-11,LONG,-0.033845450335
V54,ZECUSDT,1769886060000,2026-01,SHORT,-0.037018277454
V54,ZECUSDT,1770141660000,2026-02,SHORT,-0.027428650907
V54,ZECUSDT,1770228060000,2026-02,SHORT,-0.033290725831
V54,ZECUSDT,1770242460000,2026-02,SHORT,0.041369371810
V54,ZECUSDT,1770266820000,2026-02,SHORT,0.096769795700
V54,ZECUSDT,1770321660000,2026-02,SHORT,-0.032906566221
V54,ZECUSDT,1770336180000,2026-02,SHORT,-0.028917584902
V54,ZECUSDT,1771880460000,2026-02,SHORT,-0.018666812414
V54,ZECUSDT,1773770460000,2026-03,LONG,-0.026013490760
V54,ZECUSDT,1775595660000,2026-04,LONG,0.133663640864
V54,ZECUSDT,1777028460000,2026-04,LONG,-0.019023553010
V54,ZECUSDT,1777849260000,2026-05,LONG,-0.030302253140
V54,ZECUSDT,1779300060000,2026-05,LONG,-0.018090084446
V54,ZECUSDT,1783796460000,2026-07,LONG,-0.026563525444
V54,ZECUSDT,1784116860000,2026-07,LONG,-0.026833770216
V54,ZECUSDT,1785934860000,2026-08,LONG,-0.021088242725
V54,ZECUSDT,1787245260000,2026-08,LONG,-0.026627415796
V54,ZECUSDT,1787292060000,2026-08,LONG,0.052591276476
V54,ZECUSDT,1787331660000,2026-08,LONG,0.062435153365
V54,ZECUSDT,1788105660000,2026-08,LONG,-0.027023596185
ID121,1000PEPEUSDT,1746777660000,2025-05,LONG,0.067550156115
ID121,1000PEPEUSDT,1746860460000,2025-05,LONG,-0.027811735077
ID121,1000PEPEUSDT,1749654060000,2025-06,LONG,-0.026634119228
ID121,1000PEPEUSDT,1750600860000,2025-06,SHORT,-0.027836598942
ID121,1000PEPEUSDT,1752185400000,2025-07,LONG,0.041151781574
ID121,1000PEPEUSDT,1757754120000,2025-09,LONG,-0.033713592888
ID121,1000PEPEUSDT,1763766060000,2025-11,SHORT,-0.027643842101
ID121,1000PEPEUSDT,1767326460000,2026-01,LONG,0.070945786843
ID121,1000PEPEUSDT,1767499260000,2026-01,LONG,0.086755637776
ID121,1000PEPEUSDT,1770789660000,2026-02,SHORT,-0.017628441348
ID121,1000PEPEUSDT,1778014860000,2026-05,LONG,-0.025917185263
ID121,1000PEPEUSDT,1780059660000,2026-05,SHORT,-0.019752155958
ID121,1000PEPEUSDT,1780520460000,2026-06,SHORT,-0.027500831611
ID121,1000PEPEUSDT,1780722060000,2026-06,SHORT,-0.031752852452
ID121,1000PEPEUSDT,1782385260000,2026-06,SHORT,0.046900493635
ID121,1000PEPEUSDT,1784631660000,2026-07,LONG,-0.026107608700
ID121,1000PEPEUSDT,1787288460000,2026-08,LONG,0.048315611687
ID121,1000PEPEUSDT,1787306340000,2026-08,LONG,0.035264558461
V54,1000PEPEUSDT,1746777660000,2025-05,LONG,0.067550156115
V54,1000PEPEUSDT,1746860460000,2025-05,LONG,-0.027811735077
V54,1000PEPEUSDT,1747846860000,2025-05,LONG,-0.026887201248
V54,1000PEPEUSDT,1749654060000,2025-06,LONG,-0.026634119228
V54,1000PEPEUSDT,1750600860000,2025-06,SHORT,-0.027836598942
V54,1000PEPEUSDT,1752185400000,2025-07,LONG,0.041151781574
V54,1000PEPEUSDT,1757754120000,2025-09,LONG,-0.033713592888
V54,1000PEPEUSDT,1763766060000,2025-11,SHORT,-0.027643842101
V54,1000PEPEUSDT,1767326460000,2026-01,LONG,0.070945786843
V54,1000PEPEUSDT,1767499260000,2026-01,LONG,0.086755637776
V54,1000PEPEUSDT,1770789660000,2026-02,SHORT,-0.017628441348
V54,1000PEPEUSDT,1777989660000,2026-05,LONG,0.049038384340
V54,1000PEPEUSDT,1780059660000,2026-05,SHORT,-0.019752155958
V54,1000PEPEUSDT,1780520460000,2026-06,SHORT,-0.027500831611
V54,1000PEPEUSDT,1780722060000,2026-06,SHORT,-0.031752852452
V54,1000PEPEUSDT,1782385260000,2026-06,SHORT,0.046900493635
V54,1000PEPEUSDT,1784631660000,2026-07,LONG,-0.026107608700
V54,1000PEPEUSDT,1787288460000,2026-08,LONG,0.048315611687
V54,1000PEPEUSDT,1787306340000,2026-08,LONG,0.035264558461
ID121,SUIUSDT,1747036860000,2025-05,LONG,-0.027030331991
ID121,SUIUSDT,1750172460000,2025-06,SHORT,-0.017141188962
ID121,SUIUSDT,1750510860000,2025-06,SHORT,0.033844549843
ID121,SUIUSDT,1750543260000,2025-06,SHORT,-0.028710132990
ID121,SUIUSDT,1750600860000,2025-06,SHORT,-0.030819821925
ID121,SUIUSDT,1752184860000,2025-07,LONG,-0.017413591905
ID121,SUIUSDT,1757765160000,2025-09,LONG,-0.026803391724
ID121,SUIUSDT,1760644860000,2025-10,SHORT,0.068191606831
ID121,SUIUSDT,1761170460000,2025-10,SHORT,-0.028023300157
ID121,SUIUSDT,1762138860000,2025-11,SHORT,0.042769829500
ID121,SUIUSDT,1762236060000,2025-11,SHORT,-0.032894726009
ID121,SUIUSDT,1762279260000,2025-11,SHORT,-0.028563747086
ID121,SUIUSDT,1763164860000,2025-11,SHORT,-0.027433212780
ID121,SUIUSDT,1763406060000,2025-11,SHORT,-0.024644144555
ID121,SUIUSDT,1763694060000,2025-11,SHORT,0.086886307495
ID121,SUIUSDT,1763802060000,2025-11,SHORT,-0.020304578425
ID121,SUIUSDT,1767405660000,2026-01,LONG,-0.026046227895
ID121,SUIUSDT,1769180460000,2026-01,SHORT,-0.021616980788
ID121,SUIUSDT,1769360460000,2026-01,SHORT,-0.017063897449
ID121,SUIUSDT,1769882520000,2026-01,SHORT,-0.034481144039
ID121,SUIUSDT,1769950860000,2026-02,SHORT,-0.018738646916
ID121,SUIUSDT,1770274860000,2026-02,SHORT,0.032453416670
ID121,SUIUSDT,1770303600000,2026-02,SHORT,0.044081115425
ID121,SUIUSDT,1770326220000,2026-02,SHORT,-0.029443366309
ID121,SUIUSDT,1770786060000,2026-02,SHORT,-0.017009426989
ID121,SUIUSDT,1773396060000,2026-03,LONG,-0.026496829318
ID121,SUIUSDT,1778032860000,2026-05,LONG,0.044001984668
ID121,SUIUSDT,1778410860000,2026-05,LONG,0.175676425650
ID121,SUIUSDT,1780394460000,2026-06,SHORT,0.036883594955
ID121,SUIUSDT,1780520460000,2026-06,SHORT,-0.028343148481
ID121,SUIUSDT,1780621260000,2026-06,SHORT,0.067433575348
ID121,SUIUSDT,1782079260000,2026-06,SHORT,-0.017746935002
ID121,SUIUSDT,1782309660000,2026-06,SHORT,-0.019886357052
ID121,SUIUSDT,1786114860000,2026-08,SHORT,-0.017598666508
ID121,SUIUSDT,1787288760000,2026-08,LONG,0.036586477093
V54,SUIUSDT,1747036860000,2025-05,LONG,-0.027030331991
V54,SUIUSDT,1749625260000,2025-06,LONG,-0.020638596945
V54,SUIUSDT,1750172460000,2025-06,SHORT,-0.017141188962
V54,SUIUSDT,1750510860000,2025-06,SHORT,0.033844549843
V54,SUIUSDT,1750543260000,2025-06,SHORT,-0.028710132990
V54,SUIUSDT,1750600860000,2025-06,SHORT,-0.030819821925
V54,SUIUSDT,1752184860000,2025-07,LONG,-0.017413591905
V54,SUIUSDT,1757765160000,2025-09,LONG,-0.026803391724
V54,SUIUSDT,1760644860000,2025-10,SHORT,0.068191606831
V54,SUIUSDT,1761170460000,2025-10,SHORT,-0.028023300157
V54,SUIUSDT,1762138860000,2025-11,SHORT,0.042769829500
V54,SUIUSDT,1762236060000,2025-11,SHORT,-0.032894726009
V54,SUIUSDT,1762279260000,2025-11,SHORT,-0.028563747086
V54,SUIUSDT,1763164860000,2025-11,SHORT,-0.027433212780
V54,SUIUSDT,1763406060000,2025-11,SHORT,-0.024644144555
V54,SUIUSDT,1763694060000,2025-11,SHORT,0.086886307495
V54,SUIUSDT,1763802060000,2025-11,SHORT,-0.020304578425
V54,SUIUSDT,1767405660000,2026-01,LONG,-0.026046227895
V54,SUIUSDT,1767488460000,2026-01,LONG,0.160377785391
V54,SUIUSDT,1769180460000,2026-01,SHORT,-0.021616980788
V54,SUIUSDT,1769360460000,2026-01,SHORT,-0.017063897449
V54,SUIUSDT,1769882520000,2026-01,SHORT,-0.034481144039
V54,SUIUSDT,1769950860000,2026-02,SHORT,-0.018738646916
V54,SUIUSDT,1770274860000,2026-02,SHORT,0.032453416670
V54,SUIUSDT,1770303600000,2026-02,SHORT,0.044081115425
V54,SUIUSDT,1770326220000,2026-02,SHORT,-0.029443366309
V54,SUIUSDT,1770786060000,2026-02,SHORT,-0.017009426989
V54,SUIUSDT,1773396060000,2026-03,LONG,-0.026496829318
V54,SUIUSDT,1776322860000,2026-04,LONG,-0.025426208321
V54,SUIUSDT,1778032860000,2026-05,LONG,0.044001984668
V54,SUIUSDT,1778410860000,2026-05,LONG,0.175676425650
V54,SUIUSDT,1780394460000,2026-06,SHORT,0.036883594955
V54,SUIUSDT,1780520460000,2026-06,SHORT,-0.028343148481
V54,SUIUSDT,1780621260000,2026-06,SHORT,0.067433575348
V54,SUIUSDT,1782079260000,2026-06,SHORT,-0.017746935002
V54,SUIUSDT,1782309660000,2026-06,SHORT,-0.019886357052
V54,SUIUSDT,1786114860000,2026-08,SHORT,-0.017598666508
V54,SUIUSDT,1787288760000,2026-08,LONG,0.036586477093
V54,SUIUSDT,1787349660000,2026-08,LONG,-0.027387360384
ID121,ONDOUSDT,1768892460000,2026-01,SHORT,0.039319238068
ID121,ONDOUSDT,1769356860000,2026-01,SHORT,0.040238975013
ID121,ONDOUSDT,1769958060000,2026-02,SHORT,0.032550543538
ID121,ONDOUSDT,1770289260000,2026-02,SHORT,0.037631175060
ID121,ONDOUSDT,1773698460000,2026-03,LONG,-0.026012395182
ID121,ONDOUSDT,1777924860000,2026-05,LONG,-0.026103945706
ID121,ONDOUSDT,1778230860000,2026-05,LONG,0.056406907324
ID121,ONDOUSDT,1778252460000,2026-05,LONG,0.084469569217
ID121,ONDOUSDT,1778288460000,2026-05,LONG,-0.028421135356
ID121,ONDOUSDT,1779328860000,2026-05,LONG,-0.025934012352
ID121,ONDOUSDT,1784170860000,2026-07,LONG,-0.027091903549
ID121,ONDOUSDT,1784206860000,2026-07,LONG,-0.026993370590
ID121,ONDOUSDT,1784628060000,2026-07,LONG,-0.017385678881
ID121,ONDOUSDT,1787367660000,2026-08,LONG,-0.044410482520
V54,ONDOUSDT,1768892460000,2026-01,SHORT,0.039319238068
V54,ONDOUSDT,1769356860000,2026-01,SHORT,0.040238975013
V54,ONDOUSDT,1769958060000,2026-02,SHORT,0.032550543538
V54,ONDOUSDT,1770289260000,2026-02,SHORT,0.037631175060
V54,ONDOUSDT,1773633660000,2026-03,LONG,0.042983166762
V54,ONDOUSDT,1777924860000,2026-05,LONG,-0.026103945706
V54,ONDOUSDT,1778230860000,2026-05,LONG,0.056406907324
V54,ONDOUSDT,1778252460000,2026-05,LONG,0.084469569217
V54,ONDOUSDT,1778288460000,2026-05,LONG,-0.028421135356
V54,ONDOUSDT,1779328860000,2026-05,LONG,-0.025934012352
V54,ONDOUSDT,1779386460000,2026-05,LONG,-0.029220179335
V54,ONDOUSDT,1784170860000,2026-07,LONG,-0.027091903549
V54,ONDOUSDT,1784206860000,2026-07,LONG,-0.026993370590
V54,ONDOUSDT,1784628060000,2026-07,LONG,-0.017385678881
V54,ONDOUSDT,1787367660000,2026-08,LONG,-0.044410482520
