publish,article_code,asset,symbol,side,quote_volume_24h,entry,r1,r4,r12
2023-01-04T06:05:33.795000+00:00,5b683b27347b405f9e04e643b2f28e32,BCH,BCHUSDT,LONG,62159173.20931001,2023-01-04T07:00:00+00:00,-0.002261221039192574,9.819806557713602e-05,-0.001179129546069294
2023-01-11T05:00:08.182000+00:00,b4e365b2d4d143ff87b21f271c5b94f3,SOL,SOLUSDT,LONG,989619740.9679998,2023-01-11T06:00:00+00:00,0.009536644720917968,0.006430087391856956,-0.02697805557051391
2023-02-01T05:10:46.536000+00:00,304cb9f4c5f0469792076889e885bad7,AVAX,AVAXUSDT,LONG,240455955.41799995,2023-02-01T06:00:00+00:00,-0.018960607278382283,-0.02607919269098507,-0.03637522598816067
2023-02-01T05:10:46.536000+00:00,304cb9f4c5f0469792076889e885bad7,BAND,BANDUSDT,LONG,164880876.07944998,2023-02-01T06:00:00+00:00,-0.016460498413430658,0.014253350436043675,-0.06252641030506269
2023-03-08T11:00:06.799000+00:00,0b910fed1f1b42469119de782069cb3c,ADA,ADAUSDT,LONG,265794787.00660008,2023-03-08T12:00:00+00:00,-0.00712408154734882,0.0027739268827252244,-0.020265697459583024
2023-03-08T11:00:06.799000+00:00,0b910fed1f1b42469119de782069cb3c,ATOM,ATOMUSDT,LONG,92622075.86503999,2023-03-08T12:00:00+00:00,-0.005153975156463957,-0.011567914466726252,-0.046822944712383574
2023-03-08T11:00:06.799000+00:00,0b910fed1f1b42469119de782069cb3c,AVAX,AVAXUSDT,LONG,183120862.527,2023-03-08T12:00:00+00:00,-0.006397011466584336,-0.0065228530322195164,-0.05751150560333812
2023-03-08T11:00:06.799000+00:00,0b910fed1f1b42469119de782069cb3c,MATIC,MATICUSDT,LONG,671752056.1501001,2023-03-08T12:00:00+00:00,-0.005275169816984977,-0.020359229468453338,-0.06607349564781995
2023-03-08T11:00:06.799000+00:00,0b910fed1f1b42469119de782069cb3c,SOL,SOLUSDT,LONG,607487122.3519999,2023-03-08T12:00:00+00:00,-0.015070028389670729,-0.005709259292739864,-0.04818740621023482
2023-03-22T15:08:30.568000+00:00,192e85d1df784105ae75aa1bc2f066b7,ADA,ADAUSDT,LONG,892919476.3467999,2023-03-22T16:00:00+00:00,-0.007976644261357546,-0.07533101441959408,-0.060591518550794705
2023-03-22T15:08:30.568000+00:00,192e85d1df784105ae75aa1bc2f066b7,MATIC,MATICUSDT,LONG,487981102.50720006,2023-03-22T16:00:00+00:00,-0.004302592579521389,-0.04727549655945463,-0.033499791780716034
2023-04-05T14:32:27.272000+00:00,b0296d766a6745b896632b448f3e2641,ICX,ICXUSDT,LONG,769350394.7944,2023-04-05T15:00:00+00:00,-0.013114942077828018,-0.06935855690184088,-0.14335143880549814
2023-04-05T14:32:27.272000+00:00,b0296d766a6745b896632b448f3e2641,SXP,SXPUSDT,LONG,707816930.68479,2023-04-05T15:00:00+00:00,-0.004582659411092128,-0.03821273015664132,-0.0052390427625219746
2023-04-05T14:32:27.272000+00:00,b0296d766a6745b896632b448f3e2641,ZRX,ZRXUSDT,LONG,346801604.1191,2023-04-05T15:00:00+00:00,-0.004977319600666089,-0.03144726651124293,-0.08404212772433878
2023-04-26T09:00:05.836000+00:00,afb2bc69ad394fe3aab58f016990ea8b,AXS,AXSUSDT,LONG,59355669.86700002,2023-04-26T10:00:00+00:00,0.009006291214417457,0.022668372464020387,-0.03364944778190488
2023-04-26T09:00:05.836000+00:00,afb2bc69ad394fe3aab58f016990ea8b,BEL,BELUSDT,LONG,69405895.4085,2023-04-26T10:00:00+00:00,-0.0018530402280528867,0.03841522703724242,0.036494787489537515
2023-04-26T09:00:05.836000+00:00,afb2bc69ad394fe3aab58f016990ea8b,SXP,SXPUSDT,LONG,82777809.77340999,2023-04-26T10:00:00+00:00,0.0008118860558007304,-0.0047219822331152645,-0.06371581438610774
2023-05-24T09:00:02.781000+00:00,76c57c24d84040e9ab1b6617c55e8aca,KAVA,KAVAUSDT,LONG,492469697.44082,2023-05-24T10:00:00+00:00,0.007396053160192833,-0.024913672972037927,-0.05309920957854711
2023-05-31T12:00:04.311000+00:00,d87592cefbaa493eb59d5d9b5e315328,LINA,LINAUSDT,LONG,5127046378.503091,2023-05-31T13:00:00+00:00,-0.011044530034898019,0.08378267463325739,0.08202443242206112
2023-06-28T03:00:04.327000+00:00,e73486f2ba2040268cf8834dd34dd526,BCH,BCHUSDT,LONG,2799922023.7013197,2023-06-28T04:00:00+00:00,-0.005387595731137086,-0.0447448841812712,-0.002410054532005897
2023-06-28T03:00:04.327000+00:00,e73486f2ba2040268cf8834dd34dd526,COMP,COMPUSDT,LONG,505162594.73477006,2023-06-28T04:00:00+00:00,0.010800301350769646,0.03325145557846091,0.005169242279838433
2023-07-05T08:00:03.752000+00:00,e7019bfcf130428f9e3700b21c94e5ba,AXS,AXSUSDT,LONG,64142752.85900001,2023-07-05T09:00:00+00:00,-0.005185556912434924,-0.04225748369226218,-0.0417517946802217
2023-07-12T08:05:03.184000+00:00,ece11a6599e146bab744306ba10cb707,COMP,COMPUSDT,LONG,951050229.70556,2023-07-12T09:00:00+00:00,0.004486324258672885,-0.004205473305397168,-0.01784411477982267
2023-07-12T08:05:03.184000+00:00,ece11a6599e146bab744306ba10cb707,FLM,FLMUSDT,LONG,110484424.69469999,2023-07-12T09:00:00+00:00,0.0,0.004528309624747389,-0.012176710575255344
2023-07-12T08:05:03.184000+00:00,ece11a6599e146bab744306ba10cb707,STORJ,STORJUSDT,LONG,83211129.77810001,2023-07-12T09:00:00+00:00,0.005315003914264501,0.004066953830267766,-0.015161376963323892
2023-07-19T11:00:28.701000+00:00,2585bd7bea234f36be7f99adc02c1e41,ZRX,ZRXUSDT,LONG,58000617.201790005,2023-07-19T12:00:00+00:00,-0.008028378423118718,-0.013257769945650925,-0.013257769945650925
2023-07-26T08:00:04.967000+00:00,8f972133a7df4d80ba10a6552951fe7f,KNC,KNCUSDT,LONG,698284147.3158998,2023-07-26T09:00:00+00:00,0.017760917384652474,0.041241486940585666,0.06786558521181453
2023-07-26T08:00:04.967000+00:00,8f972133a7df4d80ba10a6552951fe7f,OGN,OGNUSDT,LONG,128627775.84679998,2023-07-26T09:00:00+00:00,-0.007808182447811587,0.125163142954006,0.18324705431489763
2023-07-26T08:00:04.967000+00:00,8f972133a7df4d80ba10a6552951fe7f,STMX,STMXUSDT,LONG,181781877.05859998,2023-07-26T09:00:00+00:00,-0.0171825533199969,-0.025885828448298568,-0.008554372096658745
2023-08-02T08:45:05.995000+00:00,0678e5d4de45431e9f0f64be03ed29f0,COMP,COMPUSDT,LONG,568434239.8310999,2023-08-02T09:00:00+00:00,0.002660200301271538,-0.014679452294685499,-0.01770517321122244
2023-08-02T08:45:05.995000+00:00,0678e5d4de45431e9f0f64be03ed29f0,QTUM,QTUMUSDT,LONG,277789436.319,2023-08-02T09:00:00+00:00,-0.0013908208083428532,-0.016818896810029817,-0.06532641541511539
2023-08-16T09:30:05.392000+00:00,7a9c41a1dc664eb9aef7e3ddd296267d,KNC,KNCUSDT,LONG,112620684.48240001,2023-08-16T10:00:00+00:00,0.009905816740597167,0.007358855796734319,-0.033303763474159406
2023-08-16T09:30:05.392000+00:00,7a9c41a1dc664eb9aef7e3ddd296267d,RUNE,RUNEUSDT,LONG,1075435978.348,2023-08-16T10:00:00+00:00,0.02298951822469878,-0.040875828871967945,-0.07440616807064751
2023-08-23T06:35:03.090000+00:00,3d615328df424fa3a8f83829f7ee0454,KAVA,KAVAUSDT,LONG,47828930.08329999,2023-08-23T07:00:00+00:00,-0.0014484359426862106,-0.001738375057503665,0.011369482765152344
2023-08-23T06:35:03.090000+00:00,3d615328df424fa3a8f83829f7ee0454,SFP,SFPUSDT,LONG,592287888.5604001,2023-08-23T07:00:00+00:00,-0.00617405009653114,0.02187854793604296,0.1128339623417676
2023-08-30T09:20:06.693000+00:00,71231fa8ac8f4bab8d8d5308aec9174e,TRB,TRBUSDT,LONG,600190956.7009001,2023-08-30T10:00:00+00:00,-0.00088649465384858,0.021710669355259282,0.003741882789018316
2023-08-30T09:20:06.693000+00:00,71231fa8ac8f4bab8d8d5308aec9174e,UNFI,UNFIUSDT,LONG,400900108.92720014,2023-08-30T10:00:00+00:00,0.011110402415365535,0.01081572140542387,-0.0137995290139054
2023-09-06T06:15:11.141000+00:00,162aa1b09e1646ab93ebe3dd005d6797,BLZ,BLZUSDT,LONG,756889860.6192502,2023-09-06T07:00:00+00:00,-0.0037842996912395067,-0.01596168021651193,0.003046129422408004
2023-09-06T06:15:11.141000+00:00,162aa1b09e1646ab93ebe3dd005d6797,CTK,CTKUSDT,LONG,109368289.34230003,2023-09-06T07:00:00+00:00,-0.009095933187713342,0.004877617835801277,-0.007452547443983327
2023-09-20T03:00:15.256000+00:00,a8a272b1175b46ddb100aa732770ce15,STORJ,STORJUSDT,LONG,509641309.0602999,2023-09-20T04:00:00+00:00,-0.01576775707794441,-0.0343146546327131,-0.0529542853120795
2023-10-18T08:10:05.200000+00:00,76c655a7ef164ce6babfdd40b270ad90,AXS,AXSUSDT,LONG,48408632.72699999,2023-10-18T09:00:00+00:00,-0.00760821549208251,-0.007846907461231126,-0.02178944101150148
2023-10-18T08:10:05.200000+00:00,76c655a7ef164ce6babfdd40b270ad90,CHZ,CHZUSDT,LONG,46340072.97114,2023-10-18T09:00:00+00:00,-0.002641079094836246,0.008753557295071381,0.0063102751023026375
2023-11-15T05:00:03.513000+00:00,5047ed3fe65d47579d12e19d3842d901,AXS,AXSUSDT,LONG,80198519.767,2023-11-15T06:00:00+00:00,0.00016301247081478357,0.007956524884371716,0.02559083885273669
2023-12-27T03:15:46.171000+00:00,be726ce40ff240bd9bfc3e7792951b97,BNB,BNBUSDT,LONG,1584016137.5868998,2023-12-27T04:00:00+00:00,0.0010688366214845837,0.01009104152425534,0.07161121515881715
2024-02-21T06:05:27.684000+00:00,00e8817413cf4562ab24143a59f86580,FIL,FILUSDT,LONG,1466570643.413,2024-02-21T07:00:00+00:00,-0.010979194436974591,0.005650900572428601,-0.02789053320813557
2024-03-06T06:20:18.315000+00:00,91d6f1f1fd4240f2abc4d1ce57788712,FIL,FILUSDT,LONG,1131112893.9868,2024-03-06T07:00:00+00:00,0.016053074228041607,0.019317093972435112,0.06493363115406241
2024-05-29T03:03:09.174000+00:00,8197ef3d20bd423c8ac005c6648b4d12,AXS,AXSUSDT,LONG,32984793.136,2024-05-29T04:00:00+00:00,0.014179199042391167,0.014559644167771307,0.00972994489659415
2024-05-29T03:03:09.174000+00:00,8197ef3d20bd423c8ac005c6648b4d12,BCH,BCHUSDT,LONG,213627449.39718994,2024-05-29T04:00:00+00:00,-0.0011595670843790545,-0.017986708226782677,-0.017879447766103406
2024-05-29T03:03:09.174000+00:00,8197ef3d20bd423c8ac005c6648b4d12,SXP,SXPUSDT,LONG,10039585.177989999,2024-05-29T04:00:00+00:00,0.007863000354486194,-0.0002819681394685523,-0.0042378930497712275
2024-06-26T07:30:04.277000+00:00,a3f50595b143465bbe3201174c89b7da,BCH,BCHUSDT,LONG,221130177.42123,2024-06-26T08:00:00+00:00,-0.0049912491450310095,-0.0011129071871265911,0.0023013752271184465
2024-06-26T07:30:04.277000+00:00,a3f50595b143465bbe3201174c89b7da,MTL,MTLUSDT,LONG,133998110.3302,2024-06-26T08:00:00+00:00,0.017432430279263576,0.014210367621360725,0.02429147454150613
2024-07-10T03:00:29.049000+00:00,696da2c676474b0a82a3a8a2be124fae,BCH,BCHUSDT,LONG,97904431.59866,2024-07-10T04:00:00+00:00,0.029085980395640986,0.030743511635741537,0.005319161477599805
2024-07-17T03:00:17.976000+00:00,3adbeaf4945b41c28d564b33ea32f593,EOS,EOSUSDT,LONG,97115613.44479999,2024-07-17T04:00:00+00:00,0.01326719294404886,0.0149132838507176,0.02147068439687665
2024-07-24T03:00:05.183000+00:00,89e0c0a14a174104a250e9edda90b5b7,AXS,AXSUSDT,LONG,21245463.975999996,2024-07-24T04:00:00+00:00,-0.00033344448458324816,0.01489107595548109,0.01604002971338912
2024-07-24T03:00:05.183000+00:00,89e0c0a14a174104a250e9edda90b5b7,BCH,BCHUSDT,LONG,192870954.15264997,2024-07-24T04:00:00+00:00,-0.004128309184853839,0.003976363490280091,-0.008519724356595908
2024-07-24T03:00:05.183000+00:00,89e0c0a14a174104a250e9edda90b5b7,SXP,SXPUSDT,LONG,5596822.984840001,2024-07-24T04:00:00+00:00,-0.0039185003117295876,-0.004311196173834708,0.0039032055799538765
2024-07-31T03:00:03.771000+00:00,a11d963e096d42618621ae44c757dfa3,BNX,BNXUSDT,LONG,138338374.83081,2024-07-31T04:00:00+00:00,-0.02982108490635176,0.002326717002676863,0.10362320939862944
2024-07-31T03:00:03.771000+00:00,a11d963e096d42618621ae44c757dfa3,STMX,STMXUSDT,LONG,287342917.6603601,2024-07-31T04:00:00+00:00,-0.0011527378798082853,-0.022132528349003013,-0.017432167168671117
2024-08-07T04:00:08.746000+00:00,df98cddd3b8742afa11daeed58a6d124,STORJ,STORJUSDT,LONG,158381807.51590002,2024-08-07T05:00:00+00:00,-0.0007642338927557949,0.003812433134655939,-0.037622805359606826
2024-08-21T03:00:03.275000+00:00,fb7109175ca144c49ff569dca7e147c5,ARPA,ARPAUSDT,LONG,125058996.07215996,2024-08-21T04:00:00+00:00,-0.002004510819019919,0.005989536248825985,0.02031784461887843
2024-08-28T04:00:01.865000+00:00,995ccfa758c047598ef2aa9a85efbf3b,ETH,ETHUSDT,LONG,10566378054.39086,2024-08-28T05:00:00+00:00,-0.0032225076275135787,-0.0036164058647344516,0.016989618861658066
2024-08-28T04:00:01.865000+00:00,995ccfa758c047598ef2aa9a85efbf3b,FIL,FILUSDT,LONG,171749528.47109997,2024-08-28T05:00:00+00:00,0.0016268984065616297,0.002710028758865158,-0.007900872049396383
2024-09-11T03:00:26.276000+00:00,e588d4f0e3704d5db22f4047303abf61,DAR,DARUSDT,LONG,104372239.12265,2024-09-11T04:00:00+00:00,-0.01010747707805336,-0.009472757919962417,-0.03909501395130571
2024-09-18T03:00:01.824000+00:00,214a76d8178448b9aa628e8614cff0b2,BCH,BCHUSDT,LONG,67869749.46396999,2024-09-18T04:00:00+00:00,-0.0028318265102068555,-0.0011444922565439525,-0.024313788156668827
2024-09-18T03:00:01.824000+00:00,214a76d8178448b9aa628e8614cff0b2,FIL,FILUSDT,LONG,78071266.8342,2024-09-18T04:00:00+00:00,-0.004878758421549286,-0.0025799068344385745,-0.03436564150020174
2024-10-16T03:00:19.416000+00:00,1ba3316382424c949b803bf271e6bfc5,SXP,SXPUSDT,LONG,34526134.42575,2024-10-16T04:00:00+00:00,-0.002718976233243116,-0.00974476625764867,-0.0015527953430606038
2024-10-23T05:00:12.676000+00:00,63720958aa9249c3b0e102abf05c48eb,API3,API3USDT,LONG,41268255.03582999,2024-10-23T06:00:00+00:00,-0.002435186663575565,-0.008998064464456234,-0.03329419155688839
2024-10-23T05:00:12.676000+00:00,63720958aa9249c3b0e102abf05c48eb,STORJ,STORJUSDT,LONG,73517369.54900001,2024-10-23T06:00:00+00:00,-0.01079818090092962,-0.012971880007978644,-0.06265264836274352
2024-10-30T03:00:06.329000+00:00,362b287a31774025beb73bd18d53c566,SXP,SXPUSDT,LONG,53983063.12748,2024-10-30T04:00:00+00:00,-0.0019751142111192324,-0.0007895776170176962,0.01682684977128051
2024-11-13T03:30:06.329000+00:00,88f8ce25ed094dbbac00b8c7481b18e8,ETH,ETHUSDT,LONG,21503478741.368416,2024-11-13T04:00:00+00:00,-0.005691097665673485,-0.014943167477911502,0.031106382786477826
2024-12-04T03:00:01.554000+00:00,5d01d150a01a44518724954f3a2bc087,GMT,GMTUSDT,LONG,100353043.26136999,2024-12-04T04:00:00+00:00,0.0054560880330826655,0.012508849691708707,0.05104028007032155
2024-12-04T03:00:01.554000+00:00,5d01d150a01a44518724954f3a2bc087,SXP,SXPUSDT,LONG,94690961.3869,2024-12-04T04:00:00+00:00,-0.005783458339688617,0.010622577047421377,0.01904013516695076
2024-12-18T03:00:02.935000+00:00,25d5f1d2e7d64afe930479efd202e146,AXS,AXSUSDT,LONG,55607209.29200001,2024-12-18T04:00:00+00:00,-0.01035103180299862,-0.009923529124596058,-0.0109213198138925
2024-12-25T02:00:02.365000+00:00,ffbb697b71444b3795b9393936d5103b,GMT,GMTUSDT,LONG,31756650.77533,2024-12-25T03:00:00+00:00,-0.0039558436165845565,-0.014751876454565188,-0.0223570319401641
