database,template_id,dimension,key,closed,open,wins,losses,net_pnl,net_pf,mean_margin_return_pct,median_holding_h,p90_holding_h
go_binance,59,symbol,SOPHUSDT,3,0,1,2,12.56732377,4.23123439,20.94553961,0.36666667,9.82422222
go_binance,59,symbol,BATUSDT,3,0,0,3,-5.95292168,0.00000000,-9.92153613,1.50055556,5.67966667
go_binance,59,symbol,INJUSDT,2,0,1,1,0.63195970,1.34876363,1.57989925,3.96694444,6.19494444
go_binance,59,symbol,LDOUSDT,3,0,1,2,-1.69667170,0.57638007,-2.82778617,1.62944444,3.51611111
go_binance,59,symbol,PENDLEUSDT,3,0,1,2,-2.95455570,0.22750879,-4.92425950,2.06805556,8.01783333
go_binance,59,symbol,PENGUUSDT,2,0,1,1,1.32916506,1.73463432,3.32291265,4.11305556,6.22261111
go_binance,59,symbol,SOONUSDT,2,0,1,1,2.56317760,2.38161794,6.40794400,6.86222222,8.95600000
go_binance,59,symbol,UNIUSDT,5,0,1,4,-2.58558050,0.68098168,-2.58558050,1.08277778,1.47372222
go_binance,59,symbol,CHZUSDT,4,0,1,3,-3.68499528,0.37757088,-4.60624410,7.20236111,10.82250000
go_binance,59,symbol,STXUSDT,3,0,0,3,-5.91927290,0.00000000,-9.86545483,2.22361111,2.72116667
go_binance,59,symbol,ERAUSDT,4,0,2,2,17.40678214,6.45339780,21.75847767,4.17791667,10.31483333
go_binance,59,symbol,STGUSDT,2,0,0,2,-3.80896500,0.00000000,-9.52241250,0.82180556,1.16058333
go_binance,59,symbol,SAGAUSDT,2,0,0,2,-3.85383118,0.00000000,-9.63457796,0.29986111,0.33841667
go_binance,59,symbol,1000FLOKIUSDT,4,0,0,4,-7.25816086,0.00000000,-9.07270108,0.97722222,3.16272222
go_binance,59,symbol,PYTHUSDT,2,0,0,2,-3.87947130,0.00000000,-9.69867825,0.76569444,0.99025000
go_binance,59,symbol,ONDOUSDT,4,0,0,4,-6.90864737,0.00000000,-8.63580921,0.88361111,4.65055556
go_binance,59,symbol,NOTUSDT,5,0,1,4,-4.86449989,0.31991631,-4.86449989,1.35222222,11.43350000
go_binance,59,symbol,AEROUSDT,2,0,1,1,-0.91376098,0.53750037,-2.28440244,1.66555556,2.88800000
go_binance,59,symbol,KOMAUSDT,4,0,1,3,-5.00585045,0.14638617,-6.25731306,1.06611111,3.98333333
go_binance,59,symbol,PAXGUSDT,4,0,1,3,-2.48362193,0.46149635,-3.10452741,13.57777778,21.20958333
go_binance,59,symbol,MONUSDT,3,0,1,2,-0.02647202,0.99307216,-0.04412003,2.70333333,2.96955556
go_binance,59,symbol,ZECUSDT,3,0,3,0,29.72578139,—,49.54296898,2.23666667,2.79422222
go_binance,59,symbol,ENSUSDT,4,0,2,2,2.82498855,1.73204635,3.53123569,2.30611111,2.41238889
go_binance,59,symbol,BULLAUSDT,3,0,0,3,-6.57358758,0.00000000,-10.95597930,0.34805556,11.88050000
go_binance,59,symbol,TAUSDT,3,0,1,2,0.00416804,1.00104480,0.00694673,0.60166667,1.40966667
go_binance,59,symbol,CVXUSDT,3,0,2,1,3.54330190,2.78567151,5.90550317,1.18972222,1.52727778
go_binance,59,symbol,PTBUSDT,2,0,0,2,-4.27052619,0.00000000,-10.67631547,0.49347222,0.87691667
go_binance,59,symbol,币安人生USDT,4,0,0,4,-7.81596143,0.00000000,-9.76995178,0.59680556,3.57125000
go_binance,59,symbol,PEOPLEUSDT,6,0,0,6,-11.49914144,0.00000000,-9.58261787,1.87888889,7.69194444
go_binance,59,symbol,BOMEUSDT,4,0,1,3,-4.16274683,0.17757959,-5.20343354,1.48666667,2.28263889
go_binance,59,symbol,FFUSDT,3,0,1,2,-0.45006497,0.88387892,-0.75010828,0.11305556,0.44150000
go_binance,59,symbol,BEATUSDT,2,0,0,2,-3.99225500,0.00000000,-9.98063750,0.04930556,0.04941667
go_binance,59,symbol,龙虾USDT,2,0,1,1,14.57619851,8.79237501,36.44049627,1.41430556,2.52975000
go_binance,59,symbol,FLOWUSDT,4,0,2,2,2.40612204,1.53792065,3.00765255,2.57263889,10.11869444
go_binance,59,symbol,TLMUSDT,3,0,2,1,1.17464261,1.56128407,1.95773768,7.75277778,13.97322222
go_binance,59,symbol,FORMUSDT,1,0,0,1,-1.84729000,0.00000000,-9.23645000,2.30333333,2.30333333
go_binance,59,symbol,OPUSDT,5,0,1,4,-4.73283929,0.42360915,-4.73283929,2.56833333,4.86550000
go_binance,59,symbol,IOUSDT,3,0,0,3,-5.78799202,0.00000000,-9.64665337,2.28194444,2.64105556
go_binance,59,symbol,EIGENUSDT,6,0,3,3,3.54541052,1.58823250,2.95450877,2.52111111,10.59611111
go_binance,59,symbol,BLESSUSDT,4,0,2,2,3.80261517,1.95482362,4.75326896,3.89597222,5.53566667
go_binance,59,symbol,BEUSDT,6,0,3,3,4.62241890,1.90918430,3.85201575,5.84236111,13.95111111
go_binance,59,symbol,ALGOUSDT,4,0,2,2,8.88628419,4.00535953,11.10785524,3.50083333,7.62852778
go_binance,59,symbol,ROSEUSDT,5,0,0,5,-9.80163780,0.00000000,-9.80163780,0.63500000,5.50761111
go_binance,59,symbol,SUSHIUSDT,7,0,1,6,-10.36885515,0.15189621,-7.40632511,0.77444444,1.42694444
go_binance,59,symbol,NEARUSDT,6,0,1,5,-7.43656950,0.26351520,-6.19714125,2.17680556,5.28916667
go_binance,59,symbol,LPTUSDT,2,0,1,1,-0.41432440,0.77284846,-1.03581100,1.13625000,1.26813889
go_binance,59,symbol,ACTUSDT,2,0,1,1,3.00153782,2.50707059,7.50384455,6.12277778,9.38011111
go_binance,59,symbol,ONUSDT,3,0,1,2,0.74703940,1.17769473,1.24506567,2.81222222,8.71266667
go_binance,59,symbol,FETUSDT,2,0,0,2,-4.18482810,0.00000000,-10.46207025,2.54027778,4.30072222
go_binance,59,symbol,HEIUSDT,2,0,0,2,-3.96399072,0.00000000,-9.90997681,0.93208333,1.42152778
go_binance,59,symbol,ZKUSDT,4,0,0,4,-7.80023213,0.00000000,-9.75029016,2.18361111,2.57844444
go_binance,59,symbol,KASUSDT,5,0,1,4,-4.85535025,0.37090743,-4.85535025,1.44444444,3.33122222
go_binance,59,symbol,LSKUSDT,4,0,0,4,-6.97789771,0.00000000,-8.72237214,0.44041667,0.60797222
go_binance,59,symbol,NEOUSDT,3,1,1,2,0.02117414,1.00667725,0.03529023,15.20833333,15.27633333
go_binance,59,symbol,SNXUSDT,1,0,0,1,-1.87224000,0.00000000,-9.36120000,0.59916667,0.59916667
go_binance,59,symbol,ENJUSDT,4,0,2,2,2.90415999,1.73208046,3.63019999,6.31888889,9.89175000
go_binance,59,symbol,GRTUSDT,6,0,2,4,-3.35556777,0.58661496,-2.79630647,1.38444444,11.42486111
go_binance,59,symbol,MANAUSDT,4,0,2,2,-0.52633187,0.86444297,-0.65791483,4.91625000,12.11291667
go_binance,59,symbol,GALAUSDT,3,0,0,3,-5.79540730,0.00000000,-9.65901217,0.10333333,4.19688889
go_binance,59,symbol,APEUSDT,1,0,1,0,1.99070000,—,9.95350000,18.36361111,18.36361111
go_binance,59,symbol,ACHUSDT,3,0,3,0,4.48894894,—,7.48158157,1.96138889,16.07983333
go_binance,59,symbol,STEEMUSDT,2,1,1,1,1.38107767,1.71207471,3.45269419,7.69763889,13.69975000
go_binance,59,symbol,JTOUSDT,4,0,3,1,1.73419545,1.92441122,2.16774431,1.07708333,1.99355556
go_binance,59,symbol,RAREUSDT,4,0,1,3,-3.19955095,0.38951412,-3.99943869,7.01486111,11.13916667
go_binance,59,symbol,HMSTRUSDT,3,0,1,2,-2.70076554,0.37782667,-4.50127591,6.69777778,15.94844444
go_binance,59,symbol,PNUTUSDT,1,0,1,0,6.19144000,—,30.95720000,7.65055556,7.65055556
go_binance,59,symbol,MOVEUSDT,5,0,2,3,2.93799873,1.58447259,2.93799873,1.26138889,6.25666667
go_binance,59,symbol,UBUSDT,3,0,1,2,-2.16388093,0.31490038,-3.60646822,0.81777778,3.35933333
go_binance,59,symbol,MUUSDT,3,0,0,3,-6.21465685,0.00000000,-10.35776142,2.09000000,12.79444444
go_binance,59,symbol,ADAUSDT,4,0,1,3,-3.40876775,0.42266497,-4.26095969,6.32180556,16.48663889
go_binance,59,symbol,1000SHIBUSDT,4,0,2,2,5.06290859,2.32239070,6.32863574,9.89319444,22.20927778
go_binance,59,symbol,1000PEPEUSDT,3,0,2,1,7.32567031,4.57013595,12.20945052,14.56750000,15.09927778
go_binance,59,symbol,RIFUSDT,3,0,1,2,1.42297692,1.45986923,2.37162821,0.82555556,4.99244444
go_binance,59,symbol,VIRTUALUSDT,3,0,2,1,3.32842448,2.64209447,5.54737413,1.66000000,5.16222222
go_binance,59,symbol,JSTUSDT,2,0,1,1,1.14495277,1.62178384,2.86238193,22.68083333,40.40705556
go_binance,59,symbol,COINUSDT,3,0,1,2,-2.99928890,0.22024039,-4.99881483,4.06305556,5.49861111
go_binance,59,symbol,BTWUSDT,2,0,0,2,-5.22412403,0.00000000,-13.06031009,0.37222222,0.65466667
go_binance,59,symbol,DYDXUSDT,2,0,0,2,-3.88061171,0.00000000,-9.70152926,17.03611111,21.04944444
go_binance,59,symbol,COMPUSDT,4,0,2,2,-0.89414630,0.77003761,-1.11768287,5.10388889,23.03725000
go_binance,59,symbol,BRUSDT,5,0,1,4,-7.99627487,0.15949143,-7.99627487,0.43055556,0.61105556
go_binance,59,symbol,CYSUSDT,3,0,0,3,-6.41766350,0.00000000,-10.69610583,0.15972222,0.50616667
go_binance,59,symbol,XMRUSDT,2,0,1,1,0.26117130,1.13900963,0.65292825,0.62416667,0.86261111
go_binance,59,symbol,LAUSDT,4,0,2,2,-2.12601344,0.56094313,-2.65751680,0.08819444,2.46766667
go_binance,59,symbol,AIOTUSDT,3,0,1,2,-2.12975296,0.28842564,-3.54958826,1.80500000,13.27522222
go_binance,59,symbol,SYNUSDT,4,0,2,2,-1.06772280,0.64875025,-1.33465350,1.10847222,3.23794444
go_binance,59,symbol,MUSDT,4,0,1,3,-3.60664795,0.41301808,-4.50830994,0.50875000,6.95800000
go_binance,59,symbol,CLUSDT,4,1,0,4,-7.08341950,0.00000000,-8.85427437,3.23263889,5.03166667
go_binance,59,symbol,TWTUSDT,2,0,0,2,-4.52408330,0.00000000,-11.31020825,0.17597222,0.20852778
go_binance,59,symbol,APRUSDT,2,0,0,2,-5.17532925,0.00000000,-12.93832313,1.08069444,1.61925000
go_binance,59,symbol,CRWVUSDT,5,0,3,2,3.65107185,1.90918245,3.65107185,7.46055556,10.16016667
go_binance,59,symbol,TRXUSDT,2,0,2,0,3.86399235,—,9.65998088,23.32194444,25.20794444
go_binance,59,symbol,1000BONKUSDT,4,0,0,4,-8.56798966,0.00000000,-10.70998707,1.92388889,2.77072222
go_binance,59,symbol,BIOUSDT,4,0,3,1,5.03717150,4.67298028,6.29646438,9.81333333,13.75955556
go_binance,59,symbol,BERAUSDT,3,0,1,2,-1.95618915,0.51681014,-3.26031525,3.41722222,9.80455556
go_binance,59,symbol,ZENUSDT,3,0,2,1,11.49816840,6.74192746,19.16361400,0.76916667,4.50672222
go_binance,59,symbol,CATIUSDT,3,0,0,3,-5.94563532,0.00000000,-9.90939221,0.29194444,4.07016667
go_binance,59,symbol,1000RATSUSDT,4,0,1,3,-4.54844060,0.17523474,-5.68555075,2.69013889,3.33588889
go_binance,59,symbol,XLMUSDT,5,0,2,3,1.44556023,1.32292909,1.44556023,5.64222222,8.92766667
go_binance,59,symbol,FILUSDT,2,0,1,1,0.86443000,1.42333398,2.16107500,7.86444444,10.15155556
go_binance,59,symbol,HBARUSDT,7,0,4,3,10.94133888,3.09999705,7.81524206,5.81972222,14.63716667
go_binance,59,symbol,1000LUNCUSDT,4,0,1,3,-3.85426172,0.36600209,-4.81782715,5.51902778,7.10991667
go_binance,59,symbol,LUNA2USDT,1,0,0,1,-1.99042282,0.00000000,-9.95211410,5.31222222,5.31222222
go_binance,59,symbol,APTUSDT,3,0,0,3,-6.08139875,0.00000000,-10.13566458,0.49888889,0.58622222
go_binance,59,symbol,ARBUSDT,3,0,0,3,-6.28054076,0.00000000,-10.46756793,1.19027778,1.36916667
go_binance,59,symbol,WDCUSDT,2,1,1,1,1.37306400,1.69950359,3.43266000,12.25916667,19.24450000
go_binance,59,symbol,USELESSUSDT,6,0,0,6,-12.19174819,0.00000000,-10.15979016,0.06902778,0.30097222
go_binance,59,symbol,MITOUSDT,3,0,2,1,6.35734041,4.11528323,10.59556734,1.47111111,4.03755556
go_binance,59,symbol,MUBARAKUSDT,3,0,0,3,-6.47051319,0.00000000,-10.78418865,0.39000000,7.40000000
go_binance,59,symbol,ALLOUSDT,4,0,1,3,-1.71041447,0.67372042,-2.13801809,2.80555556,8.31877778
go_binance,59,symbol,LINKUSDT,4,0,1,3,-5.06501741,0.14791145,-6.33127176,1.95166667,3.40727778
go_binance,59,symbol,SANDUSDT,4,0,1,3,-4.98772951,0.15264106,-6.23466189,2.00222222,3.36200000
go_binance,59,symbol,BICOUSDT,5,0,1,4,-5.45429871,0.31884209,-5.45429871,0.08055556,2.29044444
go_binance,59,symbol,AAVEUSDT,2,0,1,1,4.77824750,3.39581466,11.94561875,7.29263889,10.10341667
go_binance,59,symbol,DODOXUSDT,2,0,0,2,-4.09660106,0.00000000,-10.24150264,4.03333333,4.28688889
go_binance,59,symbol,PARTIUSDT,3,0,2,1,4.77327251,3.12512471,7.95545418,4.52027778,4.92761111
go_binance,59,symbol,KAITOUSDT,2,0,0,2,-3.98328685,0.00000000,-9.95821713,2.39277778,3.71877778
go_binance,59,symbol,HOMEUSDT,2,0,1,1,-0.08681123,0.96087078,-0.21702806,10.37250000,14.61850000
go_binance,59,symbol,BMTUSDT,2,0,0,2,-4.20023500,0.00000000,-10.50058750,0.25902778,0.31580556
go_binance,59,symbol,CRVUSDT,2,0,2,0,24.37249672,—,60.93124180,13.67944444,18.24055556
go_binance,59,symbol,BTRUSDT,2,0,0,2,-4.67432525,0.00000000,-11.68581314,0.00333333,0.00422222
go_binance,59,symbol,ZILUSDT,3,0,1,2,-1.90533972,0.54614366,-3.17556620,3.99194444,16.54972222
go_binance,59,symbol,AXSUSDT,2,1,0,2,-3.12632885,0.00000000,-7.81582212,7.76805556,8.14427778
go_binance,59,symbol,ICPUSDT,3,0,2,1,5.48801200,3.64784807,9.14668667,7.43611111,9.94588889
go_binance,59,symbol,STRKUSDT,1,0,0,1,-1.95889144,0.00000000,-9.79445718,7.25416667,7.25416667
go_binance,59,symbol,TAOUSDT,3,0,1,2,-3.08138315,0.21712223,-5.13563858,5.01750000,6.10750000
go_binance,59,symbol,GRASSUSDT,2,0,0,2,-4.31509896,0.00000000,-10.78774740,2.65041667,3.61363889
go_binance,59,symbol,GUNUSDT,2,0,0,2,-3.31706544,0.00000000,-8.29266361,3.60736111,5.71658333
go_binance,59,symbol,FHEUSDT,3,0,1,2,-0.55260910,0.84825963,-0.92101517,4.28111111,5.66066667
go_binance,59,symbol,BUSDT,2,0,0,2,-3.48757975,0.00000000,-8.71894938,3.40527778,5.62683333
go_binance,59,symbol,AKEUSDT,3,0,0,3,-6.89145013,0.00000000,-11.48575021,0.09083333,0.12216667
go_binance,59,symbol,BSBUSDT,4,0,0,4,-8.17380210,0.00000000,-10.21725262,1.61319444,2.57602778
go_binance,59,symbol,ATOMUSDT,4,0,2,2,1.92067955,1.47787269,2.40084944,2.79916667,7.46536111
go_binance,59,symbol,WIFUSDT,1,0,0,1,-2.08095888,0.00000000,-10.40479440,1.65083333,1.65083333
go_binance,59,symbol,KAVAUSDT,1,0,0,1,-1.59089588,0.00000000,-7.95447939,1.79416667,1.79416667
go_binance,59,symbol,WLFIUSDT,2,0,1,1,0.71307964,1.35879762,1.78269910,21.70069444,37.17058333
go_binance,59,symbol,DOTUSDT,1,0,0,1,-1.19159165,0.00000000,-5.95795825,1.14888889,1.14888889
go_binance,59,symbol,SKYAIUSDT,2,0,1,1,4.53490368,3.31422586,11.33725920,1.35347222,2.42647222
go_binance,59,symbol,XAGUSDT,2,0,1,1,0.59226150,1.32143520,1.48065375,13.14319444,16.06330556
go_binance,59,symbol,QQQUSDT,1,1,0,1,-1.20805660,0.00000000,-6.04028300,54.01250000,54.01250000
go_binance,59,symbol,XRPUSDT,4,1,2,2,5.93231526,2.48264080,7.41539408,2.43125000,3.57586111
go_binance,59,symbol,ETCUSDT,3,0,0,3,-5.21389341,0.00000000,-8.68982235,1.49250000,5.40716667
go_binance,59,symbol,DOGEUSDT,4,0,1,3,-3.51670187,0.40573447,-4.39587734,3.65430556,5.36527778
go_binance,59,symbol,TRBUSDT,2,0,0,2,-3.24354140,0.00000000,-8.10885350,1.85166667,2.05477778
go_binance,59,symbol,RVNUSDT,4,0,4,0,9.82240908,—,12.27801135,2.78972222,10.05941667
go_binance,59,symbol,WALUSDT,2,0,1,1,-1.12285269,0.44005203,-2.80713171,2.43805556,2.79294444
go_binance,59,symbol,XPLUSDT,3,0,0,3,-6.43436309,0.00000000,-10.72393848,0.27638889,0.65861111
go_binance,59,symbol,QNTUSDT,1,0,1,0,3.37313600,—,16.86568000,6.47527778,6.47527778
go_binance,59,symbol,TIAUSDT,1,0,0,1,-2.16084050,0.00000000,-10.80420250,0.57833333,0.57833333
go_binance,59,symbol,ACEUSDT,2,0,0,2,-4.12357355,0.00000000,-10.30893387,0.17847222,0.28391667
go_binance,59,symbol,ENAUSDT,3,0,1,2,11.61496709,3.92459779,19.35827849,0.61222222,2.40844444
go_binance,59,symbol,BANANAS31USDT,3,0,1,2,-0.95074608,0.71696968,-1.58457680,3.32333333,17.45933333
go_binance,59,symbol,HUSDT,4,0,1,3,-0.95733617,0.83964836,-1.19667022,1.74680556,6.99300000
go_binance,59,symbol,LISTAUSDT,4,0,2,2,2.90333603,1.68491613,3.62917004,1.04680556,10.79955556
go_binance,59,symbol,AIXBTUSDT,3,0,0,3,-6.09025492,0.00000000,-10.15042486,1.05111111,1.68800000
go_binance,59,symbol,AVAAIUSDT,1,0,0,1,-2.04051608,0.00000000,-10.20258041,12.53833333,12.53833333
go_binance,59,symbol,ONEUSDT,1,0,0,1,-2.15033650,0.00000000,-10.75168249,7.61611111,7.61611111
go_binance,59,symbol,DEXEUSDT,1,0,1,0,1.88702580,—,9.43512900,2.81416667,2.81416667
go_binance,59,symbol,PUMPUSDT,1,0,0,1,-1.99954439,0.00000000,-9.99772193,0.36916667,0.36916667
go_binance,59,symbol,HUMAUSDT,3,0,1,2,-1.82470626,0.54421308,-3.04117709,0.44777778,3.27800000
go_binance,59,symbol,NEIROUSDT,2,0,1,1,0.18162335,1.09160134,0.45405836,0.99819444,1.21030556
go_binance,59,symbol,1000CATUSDT,3,0,0,3,-5.83466097,0.00000000,-9.72443496,4.88055556,5.28033333
go_binance,59,symbol,CHILLGUYUSDT,1,0,0,1,-1.98353363,0.00000000,-9.91766813,1.25333333,1.25333333
go_binance,59,symbol,TSTUSDT,2,0,0,2,-4.04107116,0.00000000,-10.10267790,0.86263889,0.91697222
go_binance,59,symbol,LABUSDT,4,0,1,3,-4.30968950,0.30333071,-5.38711188,6.39777778,11.48544444
go_binance,59,symbol,POLUSDT,1,0,0,1,-1.99180380,0.00000000,-9.95901900,1.77972222,1.77972222
go_binance,59,symbol,PROMUSDT,3,0,0,3,-7.74877500,0.00000000,-12.91462500,0.15472222,0.27205556
go_binance,59,symbol,TUTUSDT,3,0,1,2,-1.19690088,0.70701233,-1.99483480,0.34916667,0.69583333
go_binance,59,symbol,SUIUSDT,3,0,1,2,-2.88184372,0.38924220,-4.80307287,0.83583333,14.66650000
go_binance,59,symbol,WLDUSDT,2,0,1,1,-0.07199205,0.96475257,-0.17998013,1.16000000,1.81111111
go_binance,59,symbol,MEMEUSDT,1,0,0,1,-2.01517907,0.00000000,-10.07589537,0.40166667,0.40166667
go_binance,59,symbol,JUPUSDT,3,0,1,2,-3.02464940,0.23543048,-5.04108233,0.15333333,0.34088889
go_binance,59,symbol,BBUSDT,4,0,1,3,-4.38800514,0.28778428,-5.48500642,0.74055556,1.63066667
go_binance,59,symbol,AVAXUSDT,5,0,1,4,-2.07835550,0.71636101,-2.07835550,12.82750000,15.02855556
go_binance,59,symbol,MOVRUSDT,1,0,0,1,-1.98573471,0.00000000,-9.92867356,3.80805556,3.80805556
go_binance,59,symbol,GPSUSDT,1,0,1,0,9.71971369,—,48.59856844,12.03694444,12.03694444
go_binance,59,symbol,VELVETUSDT,2,0,1,1,1.09553405,1.55340393,2.73883512,0.55305556,0.89972222
go_binance,59,symbol,SEIUSDT,3,0,1,2,-2.54173690,0.42015016,-4.23622816,0.74722222,0.96166667
go_binance,59,symbol,MYXUSDT,2,0,0,2,-3.50040806,0.00000000,-8.75102014,1.56152778,1.86830556
go_binance,59,symbol,CAPUSDT,2,0,0,2,-3.93672445,0.00000000,-9.84181113,0.15500000,0.16766667
go_binance,59,symbol,COOKIEUSDT,3,0,1,2,-1.05604443,0.66679720,-1.76007404,3.99583333,5.96850000
go_binance,59,symbol,QTUMUSDT,3,1,1,2,2.63671889,1.65534851,4.39453148,5.62888889,10.37888889
go_binance,59,symbol,IOTXUSDT,1,0,1,0,1.96873388,—,9.84366938,4.38805556,4.38805556
go_binance,59,symbol,BZUSDT,3,1,0,3,-5.89959630,0.00000000,-9.83266050,1.65944444,2.92166667
go_binance,59,symbol,ZROUSDT,1,0,0,1,-1.98260166,0.00000000,-9.91300832,0.09444444,0.09444444
go_binance,59,symbol,BIGTIMEUSDT,2,0,0,2,-4.25123081,0.00000000,-10.62807704,0.86875000,0.93863889
go_binance,59,symbol,HYPEUSDT,2,1,0,2,-4.03623095,0.00000000,-10.09057736,0.55263889,0.74052778
go_binance,59,symbol,VETUSDT,1,0,0,1,-1.96051270,0.00000000,-9.80256349,3.75055556,3.75055556
go_binance,59,symbol,NXPCUSDT,2,0,1,1,0.37663260,1.19328965,0.94158150,6.80694444,9.85783333
go_binance,59,symbol,CAKEUSDT,3,0,0,3,-5.22785565,0.00000000,-8.71309275,1.08666667,1.21288889
go_binance,59,symbol,BANDUSDT,2,0,0,2,-4.07695619,0.00000000,-10.19239048,2.65444444,2.78088889
go_binance,59,symbol,COTIUSDT,2,0,1,1,0.84045101,1.39707588,2.10112754,0.89527778,1.39683333
go_binance,59,symbol,DASHUSDT,2,0,1,1,30.02852231,13.86974057,75.07130578,3.73597222,6.57719444
go_binance,59,symbol,AGTUSDT,1,0,0,1,-1.23625509,0.00000000,-6.18127544,0.99166667,0.99166667
go_binance,59,symbol,TRUMPUSDT,1,0,0,1,-1.96971985,0.00000000,-9.84859925,1.69666667,1.69666667
go_binance,59,entry_day_Asia_Shanghai,2026-08-30,30,0,6,24,-8.79377510,0.79483007,-1.46562918,2.22805556,6.75019444
go_binance,59,entry_day_Asia_Shanghai,2026-08-31,93,0,29,64,-41.62711606,0.65197688,-2.23801699,1.75388889,15.46361111
go_binance,59,entry_day_Asia_Shanghai,2026-09-01,91,0,27,64,-38.70886917,0.68759569,-2.12686094,1.80694444,7.97805556
go_binance,59,entry_day_Asia_Shanghai,2026-09-02,91,0,19,72,-85.78654389,0.39061087,-4.71354637,1.66055556,8.04138889
go_binance,59,entry_day_Asia_Shanghai,2026-09-03,93,0,36,57,33.31918284,1.28438128,1.79135392,1.97388889,11.41444444
go_binance,59,entry_day_Asia_Shanghai,2026-09-04,104,1,23,81,-93.85915391,0.43826633,-4.51245932,1.25638889,10.61930556
go_binance,59,entry_day_Asia_Shanghai,2026-09-05,64,9,24,40,50.41739921,1.67524926,3.93885931,1.61194444,11.19880556
go_binance,59,stake_USDT,20,566,10,164,402,-185.03887609,0.76460228,-1.63461905,1.76680556,11.48388889
go_binance,60,symbol,MONUSDT,1,0,0,1,-1.23760959,0.00000000,-6.18804795,3.96527778,3.96527778
go_binance,60,symbol,USELESSUSDT,1,0,0,1,-1.56367816,0.00000000,-7.81839080,0.13083333,0.13083333
go_binance,60,symbol,UNIUSDT,1,0,1,0,8.71305600,—,43.56528000,3.36750000,3.36750000
go_binance,60,symbol,PEOPLEUSDT,1,0,0,1,-1.60610114,0.00000000,-8.03050571,3.46833333,3.46833333
go_binance,60,symbol,XMRUSDT,1,0,0,1,-1.56272504,0.00000000,-7.81362522,5.88388889,5.88388889
go_binance,60,symbol,IOTXUSDT,1,0,0,1,-1.57701542,0.00000000,-7.88507709,0.38555556,0.38555556
go_binance,60,symbol,BERAUSDT,1,0,0,1,-1.60529485,0.00000000,-8.02647425,5.14000000,5.14000000
go_binance,60,symbol,BATUSDT,1,0,0,1,-1.56301138,0.00000000,-7.81505690,2.19555556,2.19555556
go_binance,60,symbol,BANDUSDT,1,0,0,1,-1.62410066,0.00000000,-8.12050330,0.56166667,0.56166667
go_binance,60,symbol,SOPHUSDT,1,0,0,1,-1.55196483,0.00000000,-7.75982415,0.70444444,0.70444444
go_binance,60,symbol,GUNUSDT,1,0,0,1,-1.58331126,0.00000000,-7.91655628,1.33000000,1.33000000
go_binance,60,symbol,DASHUSDT,1,0,0,1,-1.75102453,0.00000000,-8.75512267,0.05055556,0.05055556
go_binance,60,symbol,ZECUSDT,0,1,0,0,0.00000000,—,—,—,—
go_binance,60,symbol,PTBUSDT,1,0,0,1,-1.79950955,0.00000000,-8.99754777,0.42861111,0.42861111
go_binance,60,symbol,MUSDT,1,0,0,1,-1.55986600,0.00000000,-7.79933000,0.17805556,0.17805556
go_binance,60,symbol,FLOWUSDT,0,1,0,0,0.00000000,—,—,—,—
go_binance,60,symbol,FETUSDT,0,1,0,0,0.00000000,—,—,—,—
go_binance,60,symbol,TIAUSDT,1,0,0,1,-1.78675805,0.00000000,-8.93379025,0.07722222,0.07722222
go_binance,60,symbol,HUMAUSDT,0,1,0,0,0.00000000,—,—,—,—
go_binance,60,symbol,MUBARAKUSDT,0,1,0,0,0.00000000,—,—,—,—
go_binance,60,entry_day_Asia_Shanghai,2026-09-06,15,5,1,14,-13.65891447,0.38946306,-4.55297149,0.70444444,4.67011111
go_binance,60,stake_USDT,20,15,5,1,14,-13.65891447,0.38946306,-4.55297149,0.70444444,4.67011111
go_bn_oracle1,36,symbol,LTCUSDT,3,0,2,1,6.14620826,5.45268697,10.24368043,2.23916667,3.44783333
go_bn_oracle1,36,symbol,LINKUSDT,3,0,2,1,2.64038926,2.33042116,4.40064877,2.70194444,8.97905556
go_bn_oracle1,36,symbol,BATUSDT,4,0,0,4,-7.28162477,0.00000000,-9.10203096,2.80666667,5.70508333
go_bn_oracle1,36,symbol,DOGEUSDT,3,0,3,0,5.42371920,—,9.03953200,8.99861111,10.16194444
go_bn_oracle1,36,symbol,DOTUSDT,2,0,0,2,-3.78467352,0.00000000,-9.46168379,1.06791667,1.51758333
go_bn_oracle1,36,symbol,UNIUSDT,2,0,0,2,-3.87448750,0.00000000,-9.68621875,1.12222222,1.45777778
go_bn_oracle1,36,symbol,LPTUSDT,3,0,2,1,1.50558295,1.75339278,2.50930492,2.81305556,5.60016667
go_bn_oracle1,36,symbol,INJUSDT,1,0,0,1,-1.92640000,0.00000000,-9.63200000,6.24833333,6.24833333
go_bn_oracle1,36,symbol,STXUSDT,2,0,1,1,-0.92699010,0.48431792,-2.31747525,1.20222222,1.69444444
go_bn_oracle1,36,symbol,MEMEUSDT,3,0,1,2,-2.79477251,0.26672117,-4.65795418,5.39333333,12.53444444
go_bn_oracle1,36,symbol,VIRTUALUSDT,3,0,1,2,-2.92174806,0.23247004,-4.86958010,1.67388889,1.78388889
go_bn_oracle1,36,symbol,PENGUUSDT,4,0,2,2,1.45934040,1.38544423,1.82417550,4.18708333,7.62083333
go_bn_oracle1,36,symbol,WLFIUSDT,1,0,0,1,-1.78100000,0.00000000,-8.90500000,7.08250000,7.08250000
go_bn_oracle1,36,symbol,SOXLUSDT,2,0,1,1,1.44996265,2.39876775,3.62490662,1.99138889,3.26072222
go_bn_oracle1,36,symbol,WDCUSDT,4,0,2,2,-0.52294890,0.83435671,-0.65368612,5.87152778,10.33927778
go_bn_oracle1,36,symbol,ZILUSDT,2,0,2,0,7.22800113,—,18.07000282,19.30361111,30.45316667
go_bn_oracle1,36,symbol,PENDLEUSDT,2,0,0,2,-3.55113945,0.00000000,-8.87784863,4.70986111,6.82352778
go_bn_oracle1,36,symbol,PLUMEUSDT,3,0,0,3,-6.31894811,0.00000000,-10.53158018,1.02222222,7.72000000
go_bn_oracle1,36,symbol,PAXGUSDT,3,0,1,2,-1.30334142,0.62995847,-2.17223571,17.01250000,22.19383333
go_bn_oracle1,36,symbol,BABYUSDT,2,0,0,2,-3.91981179,0.00000000,-9.79952947,5.01652778,6.31841667
go_bn_oracle1,36,symbol,TAUSDT,2,0,0,2,-3.35823704,0.00000000,-8.39559260,4.20013889,7.48625000
go_bn_oracle1,36,symbol,XRPUSDT,4,1,2,2,3.67218588,1.91986984,4.59023235,2.39180556,2.69466667
go_bn_oracle1,36,symbol,ROSEUSDT,1,0,1,0,1.90728000,—,9.53640000,5.45694444,5.45694444
go_bn_oracle1,36,symbol,FORMUSDT,3,0,0,3,-5.91572772,0.00000000,-9.85954620,0.19555556,3.75777778
go_bn_oracle1,36,symbol,DASHUSDT,2,0,0,2,-3.79937290,0.00000000,-9.49843225,0.09361111,0.16250000
go_bn_oracle1,36,symbol,ZENUSDT,3,0,2,1,2.27851295,2.22093717,3.79752158,1.00027778,4.36205556
go_bn_oracle1,36,symbol,NEARUSDT,4,0,1,3,-1.90266100,0.65774203,-2.37832625,1.87791667,3.52366667
go_bn_oracle1,36,symbol,SAHARAUSDT,4,0,1,3,-3.00565616,0.41892995,-3.75707020,0.53194444,2.43969444
go_bn_oracle1,36,symbol,ENJUSDT,3,0,2,1,1.34267883,1.66928878,2.23779804,4.68138889,7.25450000
go_bn_oracle1,36,symbol,SANDUSDT,3,0,1,2,2.33856947,1.77186866,3.89761578,2.43250000,5.94627778
go_bn_oracle1,36,symbol,GALAUSDT,3,0,0,3,-5.83605879,0.00000000,-9.72676465,0.20111111,8.33777778
go_bn_oracle1,36,symbol,FETUSDT,2,0,1,1,-0.19515370,0.90575716,-0.48788425,5.04041667,8.18786111
go_bn_oracle1,36,symbol,IDUSDT,1,0,1,0,1.08152000,—,5.40760000,0.31138889,0.31138889
go_bn_oracle1,36,symbol,AEROUSDT,3,0,3,0,9.73670913,—,16.22784855,4.14166667,7.15144444
go_bn_oracle1,36,symbol,AVAXUSDT,3,0,2,1,1.76320950,1.77430691,2.93868250,11.69611111,18.64477778
go_bn_oracle1,36,symbol,FILUSDT,4,0,2,2,0.51025195,1.10002629,0.63781494,4.47166667,9.46980556
go_bn_oracle1,36,symbol,AXSUSDT,1,0,0,1,-1.01460000,0.00000000,-5.07300000,9.15888889,9.15888889
go_bn_oracle1,36,symbol,GRTUSDT,3,0,0,3,-4.26284010,0.00000000,-7.10473350,1.22805556,21.83938889
go_bn_oracle1,36,symbol,HBARUSDT,4,0,3,1,5.50376003,3.72135707,6.87970004,5.95527778,19.49827778
go_bn_oracle1,36,symbol,ONEUSDT,2,0,1,1,-0.97765761,0.51616139,-2.44414403,2.85333333,4.77800000
go_bn_oracle1,36,symbol,1000SHIBUSDT,2,0,2,0,6.09722297,—,15.24305742,20.32361111,26.01205556
go_bn_oracle1,36,symbol,PEOPLEUSDT,5,0,0,5,-10.01641996,0.00000000,-10.01641996,1.38055556,3.91500000
go_bn_oracle1,36,symbol,APEUSDT,4,0,1,3,-4.90303160,0.16705967,-6.12878950,0.70791667,22.52250000
go_bn_oracle1,36,symbol,1000LUNCUSDT,5,0,1,4,-5.72918558,0.20914197,-5.72918558,1.23305556,5.78022222
go_bn_oracle1,36,symbol,LUNA2USDT,1,0,1,0,2.42488000,—,12.12440000,7.37111111,7.37111111
go_bn_oracle1,36,symbol,QNTUSDT,4,0,0,4,-6.46020200,0.00000000,-8.07525250,3.97861111,10.29950000
go_bn_oracle1,36,symbol,SEIUSDT,3,0,2,1,1.56105087,1.79298000,2.60175145,2.00583333,6.29650000
go_bn_oracle1,36,symbol,STEEMUSDT,1,1,1,0,2.14583000,—,10.72915000,26.98277778,26.98277778
go_bn_oracle1,36,symbol,KASUSDT,2,0,2,0,3.99262331,—,9.98155828,6.35180556,11.10458333
go_bn_oracle1,36,symbol,1000BONKUSDT,4,0,2,2,5.76005474,2.36564609,7.20006843,3.34736111,6.33991667
go_bn_oracle1,36,symbol,TAOUSDT,5,0,2,3,-3.84858219,0.35511446,-3.84858219,1.15611111,3.27977778
go_bn_oracle1,36,symbol,WALUSDT,2,0,2,0,7.59652396,—,18.99130990,5.87083333,9.88794444
go_bn_oracle1,36,symbol,GUNUSDT,3,0,1,2,-2.16744093,0.29190203,-3.61240154,5.00805556,6.57561111
go_bn_oracle1,36,symbol,1000CATUSDT,2,0,1,1,0.51616662,1.24935063,1.29041654,15.53833333,23.67433333
go_bn_oracle1,36,symbol,HOODUSDT,3,0,1,2,-3.03086760,0.25305178,-5.05144600,0.69500000,2.00277778
go_bn_oracle1,36,symbol,SPYUSDT,1,0,0,1,-1.20960000,0.00000000,-6.04800000,88.59638889,88.59638889
go_bn_oracle1,36,symbol,BMTUSDT,3,0,1,2,-2.61898774,0.31991130,-4.36497957,0.43250000,0.49850000
go_bn_oracle1,36,symbol,SYNUSDT,4,0,2,2,2.80446560,1.70460226,3.50558200,4.06402778,13.16305556
go_bn_oracle1,36,symbol,TRBUSDT,2,0,0,2,-4.00875795,0.00000000,-10.02189487,5.17055556,8.02388889
go_bn_oracle1,36,symbol,AVAAIUSDT,2,0,2,0,6.10263671,—,15.25659178,10.08625000,16.41747222
go_bn_oracle1,36,symbol,TUTUSDT,3,0,1,2,-3.15728243,0.21839553,-5.26213738,0.18416667,0.86150000
go_bn_oracle1,36,symbol,PARTIUSDT,1,0,1,0,0.89843856,—,4.49219280,14.73972222,14.73972222
go_bn_oracle1,36,symbol,MITOUSDT,2,0,0,2,-4.26580593,0.00000000,-10.66451482,0.30416667,0.53327778
go_bn_oracle1,36,symbol,DODOXUSDT,2,0,0,2,-4.08753419,0.00000000,-10.21883549,4.03083333,4.29261111
go_bn_oracle1,36,symbol,CRVUSDT,3,0,1,2,5.30594401,2.35133372,8.84324001,0.47416667,5.34816667
go_bn_oracle1,36,symbol,EIGENUSDT,3,0,1,2,-3.08356970,0.22334751,-5.13928284,1.29805556,1.52494444
go_bn_oracle1,36,symbol,OPUSDT,2,0,1,1,1.10218028,1.56440825,2.75545070,4.54750000,8.09483333
go_bn_oracle1,36,symbol,STRKUSDT,2,0,0,2,-3.91964746,0.00000000,-9.79911865,3.66041667,6.53519444
go_bn_oracle1,36,symbol,BERAUSDT,2,0,0,2,-4.00995741,0.00000000,-10.02489353,1.46986111,2.25197222
go_bn_oracle1,36,symbol,ALGOUSDT,2,0,1,1,2.45365384,2.21121084,6.13413461,4.98458333,8.70558333
go_bn_oracle1,36,symbol,MANAUSDT,2,0,1,1,-0.84296238,0.57158419,-2.10740595,5.66763889,8.60308333
go_bn_oracle1,36,symbol,LDOUSDT,2,0,0,2,-3.97595415,0.00000000,-9.93988538,4.29375000,5.83341667
go_bn_oracle1,36,symbol,JTOUSDT,2,0,0,2,-4.04304805,0.00000000,-10.10762013,1.19250000,1.37050000
go_bn_oracle1,36,symbol,FHEUSDT,2,0,2,0,3.75238917,—,9.38097293,4.66291667,4.95525000
go_bn_oracle1,36,symbol,TRXUSDT,1,0,1,0,2.51724144,—,12.58620720,11.68111111,11.68111111
go_bn_oracle1,36,symbol,DEXEUSDT,3,0,0,3,-6.12177906,0.00000000,-10.20296511,5.42361111,8.20072222
go_bn_oracle1,36,symbol,BSBUSDT,1,0,0,1,-1.95240051,0.00000000,-9.76200255,2.88361111,2.88361111
go_bn_oracle1,36,symbol,ACEUSDT,1,0,0,1,-2.00228405,0.00000000,-10.01142024,0.23972222,0.23972222
go_bn_oracle1,36,symbol,COTIUSDT,2,0,0,2,-4.00477699,0.00000000,-10.01194247,1.05666667,1.44155556
go_bn_oracle1,36,symbol,CHILLGUYUSDT,1,0,1,0,3.47807504,—,17.39037519,7.86500000,7.86500000
go_bn_oracle1,36,symbol,SOPHUSDT,1,0,0,1,-1.96591736,0.00000000,-9.82958678,2.31888889,2.31888889
go_bn_oracle1,36,symbol,CVXUSDT,3,0,0,3,-5.20985315,0.00000000,-8.68308858,1.29333333,3.52911111
go_bn_oracle1,36,symbol,USELESSUSDT,2,0,1,1,6.59239959,3.62570575,16.48099898,0.57916667,0.95205556
go_bn_oracle1,36,symbol,ENSUSDT,3,0,2,1,3.47581980,2.74223491,5.79303300,0.37555556,1.85555556
go_bn_oracle1,36,symbol,SUSHIUSDT,2,0,0,2,-3.31023850,0.00000000,-8.27559625,0.68527778,0.74750000
go_bn_oracle1,36,symbol,CHIPUSDT,4,0,0,4,-8.78941302,0.00000000,-10.98676628,0.47319444,1.27413889
go_bn_oracle1,36,symbol,ERAUSDT,1,0,1,0,0.88298545,—,4.41492727,0.17722222,0.17722222
go_bn_oracle1,36,symbol,INTCUSDT,2,0,1,1,1.82258370,1.93127192,4.55645925,3.44416667,3.78683333
go_bn_oracle1,36,symbol,KAVAUSDT,4,0,2,2,-2.14020555,0.46325581,-2.67525694,1.19319444,6.64344444
go_bn_oracle1,36,symbol,DYDXUSDT,4,0,1,3,-5.07377640,0.17347623,-6.34222050,3.02125000,5.47333333
go_bn_oracle1,36,symbol,SUIUSDT,4,0,1,3,-4.13695984,0.32033612,-5.17119979,2.07166667,5.72700000
go_bn_oracle1,36,symbol,NEIROUSDT,2,0,1,1,-0.27081436,0.77125906,-0.67703591,0.95847222,1.62902778
go_bn_oracle1,36,symbol,CATIUSDT,2,0,2,0,2.59305228,—,6.48263069,1.53597222,1.90608333
go_bn_oracle1,36,symbol,ZECUSDT,6,0,4,2,17.76509007,5.41894701,14.80424172,0.76402778,2.64333333
go_bn_oracle1,36,symbol,QTUMUSDT,3,0,1,2,-3.17294250,0.22819307,-5.28823750,0.46000000,2.19666667
go_bn_oracle1,36,symbol,ICPUSDT,2,0,0,2,-4.02346150,0.00000000,-10.05865375,0.80291667,1.38658333
go_bn_oracle1,36,symbol,SAGAUSDT,2,0,0,2,-4.08015670,0.00000000,-10.20039175,5.13555556,7.96066667
go_bn_oracle1,36,symbol,RAREUSDT,4,0,1,3,-4.99949797,0.19996470,-6.24937247,10.05152778,25.82016667
go_bn_oracle1,36,symbol,SOONUSDT,1,0,1,0,3.26921980,—,16.34609900,9.36277778,9.36277778
go_bn_oracle1,36,symbol,HYPEUSDT,2,0,1,1,0.44342118,1.22040022,1.10855296,12.15333333,20.03088889
go_bn_oracle1,36,symbol,BANKUSDT,1,0,0,1,-2.00839179,0.00000000,-10.04195895,7.03777778,7.03777778
go_bn_oracle1,36,symbol,HOMEUSDT,1,0,1,0,2.77869023,—,13.89345113,7.91750000,7.91750000
go_bn_oracle1,36,symbol,RVNUSDT,4,0,0,4,-7.06679036,0.00000000,-8.83348795,5.07388889,12.17252778
go_bn_oracle1,36,symbol,MUSDT,2,0,0,2,-4.68627900,0.00000000,-11.71569750,3.19541667,4.38819444
go_bn_oracle1,36,symbol,MUUSDT,1,0,0,1,-1.98781340,0.00000000,-9.93906700,1.44194444,1.44194444
go_bn_oracle1,36,symbol,MUUUSDT,1,0,0,1,-1.30567810,0.00000000,-6.52839050,0.27388889,0.27388889
go_bn_oracle1,36,symbol,BANDUSDT,3,0,0,3,-6.08523954,0.00000000,-10.14206590,2.36583333,2.46738889
go_bn_oracle1,36,symbol,1000RATSUSDT,1,0,0,1,-2.11052314,0.00000000,-10.55261570,4.20694444,4.20694444
go_bn_oracle1,36,symbol,LISTAUSDT,1,0,1,0,1.06882862,—,5.34414310,23.07833333,23.07833333
go_bn_oracle1,36,symbol,TRUMPUSDT,4,0,3,1,3.28879115,2.65689412,4.11098893,1.25916667,5.89852778
go_bn_oracle1,36,symbol,BROCCOLI714USDT,2,0,2,0,4.79738969,—,11.99347421,5.10583333,7.64205556
go_bn_oracle1,36,symbol,LITEUSDT,1,0,0,1,-2.05494405,0.00000000,-10.27472025,10.33805556,10.33805556
go_bn_oracle1,36,symbol,REUSDT,3,0,2,1,-0.37704935,0.82417092,-0.62841558,1.17416667,1.31483333
go_bn_oracle1,36,symbol,ETCUSDT,3,0,0,3,-5.96901483,0.00000000,-9.94835805,2.01138889,2.58583333
go_bn_oracle1,36,symbol,AIXBTUSDT,2,0,0,2,-4.03751764,0.00000000,-10.09379411,0.23500000,0.35077778
go_bn_oracle1,36,symbol,CLOUSDT,1,0,1,0,14.12981408,—,70.64907040,11.73472222,11.73472222
go_bn_oracle1,36,symbol,BIGTIMEUSDT,2,0,0,2,-3.18079096,0.00000000,-7.95197740,0.42291667,0.55902778
go_bn_oracle1,36,symbol,BTRUSDT,1,0,0,1,-2.12282317,0.00000000,-10.61411587,0.03638889,0.03638889
go_bn_oracle1,36,symbol,NILUSDT,1,0,0,1,-2.00270678,0.00000000,-10.01353389,0.74166667,0.74166667
go_bn_oracle1,36,symbol,CYSUSDT,1,0,0,1,-2.02500300,0.00000000,-10.12501500,0.01638889,0.01638889
go_bn_oracle1,36,symbol,GRASSUSDT,2,0,0,2,-3.19521080,0.00000000,-7.98802700,8.20250000,13.81338889
go_bn_oracle1,36,symbol,XLMUSDT,3,0,1,2,0.08306737,1.02095572,0.13844562,5.16083333,8.96372222
go_bn_oracle1,36,symbol,NEOUSDT,1,0,0,1,-1.99631670,0.00000000,-9.98158350,2.74111111,2.74111111
go_bn_oracle1,36,symbol,PNUTUSDT,2,0,0,2,-4.08996417,0.00000000,-10.22491042,3.82097222,5.54575000
go_bn_oracle1,36,symbol,MORPHOUSDT,1,0,0,1,-1.99486535,0.00000000,-9.97432673,0.96555556,0.96555556
go_bn_oracle1,36,symbol,DOSUSDT,3,0,1,2,-1.62338670,0.23970702,-5.41128900,0.22388889,0.54011111
go_bn_oracle1,36,symbol,TSTUSDT,1,0,0,1,-1.94833022,0.00000000,-9.74165108,0.11416667,0.11416667
go_bn_oracle1,36,symbol,BULLAUSDT,5,0,1,4,2.78128929,1.25446343,2.78128929,0.08416667,3.86227778
go_bn_oracle1,36,symbol,FLOWUSDT,2,0,2,0,3.80804032,—,9.52010079,0.77944444,0.94611111
go_bn_oracle1,36,symbol,PYTHUSDT,4,0,1,3,-4.05441618,0.31093816,-5.06802022,0.88388889,1.91088889
go_bn_oracle1,36,symbol,ARBUSDT,1,0,0,1,-2.00335242,0.00000000,-10.01676210,0.15416667,0.15416667
go_bn_oracle1,36,symbol,JUPUSDT,2,0,1,1,-0.20414270,0.83083243,-0.51035675,0.42097222,0.67797222
go_bn_oracle1,36,symbol,BOMEUSDT,1,0,0,1,-2.00892384,0.00000000,-10.04461920,6.92694444,6.92694444
go_bn_oracle1,36,symbol,APTUSDT,1,0,0,1,-1.96220436,0.00000000,-9.81102180,0.14027778,0.14027778
go_bn_oracle1,36,symbol,AIOUSDT,4,0,0,4,-9.65257816,0.00000000,-12.06572269,0.76208333,2.13466667
go_bn_oracle1,36,symbol,MYXUSDT,1,0,0,1,-2.20699034,0.00000000,-11.03495168,1.94555556,1.94555556
go_bn_oracle1,36,symbol,COOKIEUSDT,1,0,1,0,0.88607198,—,4.43035989,11.98194444,11.98194444
go_bn_oracle1,36,symbol,SQDUSDT,3,0,1,2,-1.00086390,0.74457010,-1.66810650,0.85833333,5.94633333
go_bn_oracle1,36,symbol,ADAUSDT,2,0,2,0,8.87410810,—,22.18527025,5.22819444,6.81652778
go_bn_oracle1,36,symbol,WLDUSDT,2,0,2,0,8.12671320,—,20.31678300,5.75833333,9.42166667
go_bn_oracle1,36,symbol,ZKUSDT,2,0,0,2,-3.93525261,0.00000000,-9.83813153,1.69930556,1.85408333
go_bn_oracle1,36,symbol,KAITOUSDT,1,0,0,1,-1.99760558,0.00000000,-9.98802790,0.76750000,0.76750000
go_bn_oracle1,36,symbol,CLUSDT,2,1,0,2,-3.90271260,0.00000000,-9.75678150,2.93902778,3.16825000
go_bn_oracle1,36,symbol,MOVEUSDT,2,0,1,1,3.43616885,2.69658374,8.59042214,2.32902778,3.89736111
go_bn_oracle1,36,symbol,ETHFIUSDT,1,0,0,1,-1.96608550,0.00000000,-9.83042750,0.66833333,0.66833333
go_bn_oracle1,36,symbol,NXPCUSDT,1,0,0,1,-1.97848875,0.00000000,-9.89244375,1.16083333,1.16083333
go_bn_oracle1,36,symbol,XPLUSDT,3,0,2,1,15.19090174,8.74637627,25.31816957,3.92083333,5.80905556
go_bn_oracle1,36,symbol,COMPUSDT,1,0,0,1,-1.98896022,0.00000000,-9.94480110,7.52861111,7.52861111
go_bn_oracle1,36,symbol,SKYAIUSDT,2,0,1,1,1.60143210,1.76043964,4.00358025,0.36347222,0.47047222
go_bn_oracle1,36,symbol,BZUSDT,1,1,0,1,-2.00137070,0.00000000,-10.00685350,9.10444444,9.10444444
go_bn_oracle1,36,symbol,RENDERUSDT,2,0,2,0,4.08971300,—,10.22428250,8.00777778,9.52488889
go_bn_oracle1,36,symbol,BIOUSDT,3,0,2,1,4.74111724,3.23225213,7.90186207,6.10777778,12.07200000
go_bn_oracle1,36,symbol,AAVEUSDT,1,0,0,1,-1.89528600,0.00000000,-9.47643000,1.03250000,1.03250000
go_bn_oracle1,36,symbol,ENAUSDT,2,0,1,1,1.84823710,1.91345180,4.62059275,1.11444444,1.99000000
go_bn_oracle1,36,symbol,RIFUSDT,1,0,0,1,-1.96227217,0.00000000,-9.81136085,0.34666667,0.34666667
go_bn_oracle1,36,symbol,STGUSDT,1,0,0,1,-1.94697605,0.00000000,-9.73488025,10.37638889,10.37638889
go_bn_oracle1,36,symbol,ACHUSDT,3,0,1,2,1.34047879,1.34378649,2.23413132,0.48500000,10.14300000
go_bn_oracle1,36,symbol,ORDIUSDT,2,0,1,1,-0.01249775,0.99357408,-0.03124437,1.67583333,2.96716667
go_bn_oracle1,36,symbol,WIFUSDT,1,0,1,0,3.16077309,—,15.80386545,2.24388889,2.24388889
go_bn_oracle1,36,symbol,ONDOUSDT,2,0,1,1,-0.82408948,0.58090225,-2.06022370,0.82319444,1.42686111
go_bn_oracle1,36,symbol,LSKUSDT,2,0,0,2,-3.93353763,0.00000000,-9.83384408,0.35458333,0.55669444
go_bn_oracle1,36,symbol,BBUSDT,1,0,0,1,-2.03939967,0.00000000,-10.19699835,6.42555556,6.42555556
go_bn_oracle1,36,symbol,VVVUSDT,1,0,1,0,2.09974626,—,10.49873130,2.16361111,2.16361111
go_bn_oracle1,36,symbol,SIRENUSDT,1,0,0,1,-1.95924507,0.00000000,-9.79622537,8.89333333,8.89333333
go_bn_oracle1,36,symbol,BANANAS31USDT,1,0,0,1,-2.13385224,0.00000000,-10.66926118,6.06166667,6.06166667
go_bn_oracle1,36,symbol,VETUSDT,2,0,0,2,-3.91935650,0.00000000,-9.79839124,3.47041667,4.52452778
go_bn_oracle1,36,symbol,IOUSDT,2,0,0,2,-3.24533644,0.00000000,-8.11334110,1.24013889,1.68980556
go_bn_oracle1,36,symbol,PROMUSDT,2,0,0,2,-4.76541210,0.00000000,-11.91353025,3.23277778,5.75055556
go_bn_oracle1,36,symbol,ARCUSDT,1,0,0,1,-1.97553897,0.00000000,-9.87769483,5.45583333,5.45583333
go_bn_oracle1,36,symbol,XMRUSDT,1,0,0,1,-2.21199555,0.00000000,-11.05997775,4.52111111,4.52111111
go_bn_oracle1,36,symbol,1000FLOKIUSDT,1,0,0,1,-2.11460421,0.00000000,-10.57302105,0.10000000,0.10000000
go_bn_oracle1,36,symbol,GPSUSDT,3,0,0,3,-6.24015082,0.00000000,-10.40025137,1.15166667,4.24500000
go_bn_oracle1,36,symbol,BEATUSDT,1,0,0,1,-1.95808300,0.00000000,-9.79041500,0.75250000,0.75250000
go_bn_oracle1,36,symbol,EPICUSDT,2,0,1,1,-0.23686962,0.88301048,-0.59217405,0.31736111,0.47369444
go_bn_oracle1,36,symbol,KOMAUSDT,1,0,0,1,-1.96454558,0.00000000,-9.82272791,0.12361111,0.12361111
go_bn_oracle1,36,symbol,BICOUSDT,1,0,0,1,-1.96396728,0.00000000,-9.81983640,0.10166667,0.10166667
go_bn_oracle1,36,symbol,LAUSDT,1,0,0,1,-2.14027628,0.00000000,-10.70138138,0.15083333,0.15083333
go_bn_oracle1,36,symbol,POLUSDT,1,0,0,1,-1.15897551,0.00000000,-5.79487755,1.12555556,1.12555556
go_bn_oracle1,36,symbol,HUMAUSDT,1,0,1,0,2.98984771,—,14.94923856,31.08305556,31.08305556
go_bn_oracle1,36,symbol,TLMUSDT,1,1,0,1,-2.16796711,0.00000000,-10.83983556,0.46083333,0.46083333
go_bn_oracle1,36,symbol,VELVETUSDT,1,0,0,1,-1.94383575,0.00000000,-9.71917875,0.11222222,0.11222222
go_bn_oracle1,36,symbol,FARTCOINUSDT,1,0,0,1,-1.96865842,0.00000000,-9.84329210,1.84055556,1.84055556
go_bn_oracle1,36,entry_day_Asia_Shanghai,2026-08-30,22,0,7,15,-18.70992570,0.28405089,-4.25225584,3.79291667,8.27686111
go_bn_oracle1,36,entry_day_Asia_Shanghai,2026-08-31,45,0,25,20,18.66867355,1.54370276,2.07429706,6.96750000,26.47300000
go_bn_oracle1,36,entry_day_Asia_Shanghai,2026-09-01,74,0,28,46,-18.54460873,0.78825385,-1.25301410,2.00208333,8.87333333
go_bn_oracle1,36,entry_day_Asia_Shanghai,2026-09-02,61,0,9,52,-68.86478752,0.34254259,-5.73459258,1.34638889,8.27611111
go_bn_oracle1,36,entry_day_Asia_Shanghai,2026-09-03,93,0,34,59,9.80608375,1.08180418,0.47140397,1.94555556,9.08327778
go_bn_oracle1,36,entry_day_Asia_Shanghai,2026-09-04,53,0,7,46,-77.17150869,0.17251875,-7.28033101,0.75250000,6.41644444
go_bn_oracle1,36,entry_day_Asia_Shanghai,2026-09-05,51,5,27,24,30.05464185,1.69380829,2.99671247,1.79666667,10.89222222
go_bn_oracle1,36,stake_USDT,20,396,5,136,260,-123.13804479,0.75717652,-1.55477329,1.86666667,10.12597222
go_bn_oracle1,36,stake_USDT,10,3,0,1,2,-1.62338670,0.23970702,-5.41128900,0.22388889,0.54011111
go_bn_oracle1,37,symbol,MUBARAKUSDT,1,0,0,1,-1.57129933,0.00000000,-7.85649667,0.43138889,0.43138889
go_bn_oracle1,37,symbol,COOKIEUSDT,1,0,0,1,-1.54961409,0.00000000,-7.74807046,1.71861111,1.71861111
go_bn_oracle1,37,symbol,TWTUSDT,1,0,0,1,-1.55356080,0.00000000,-7.76780400,1.88833333,1.88833333
go_bn_oracle1,37,symbol,MUUSDT,1,0,1,0,2.35441600,—,11.77208000,18.13138889,18.13138889
go_bn_oracle1,37,symbol,USELESSUSDT,1,0,0,1,-1.58235174,0.00000000,-7.91175872,0.01777778,0.01777778
go_bn_oracle1,37,symbol,HMSTRUSDT,1,0,0,1,-1.73298373,0.00000000,-8.66491863,1.48666667,1.48666667
go_bn_oracle1,37,symbol,NOTUSDT,0,1,0,0,0.00000000,—,—,—,—
go_bn_oracle1,37,symbol,DYDXUSDT,2,0,1,1,1.62957229,2.01579463,4.07393072,0.94166667,1.25322222
go_bn_oracle1,37,symbol,NEIROUSDT,1,0,0,1,-1.63699582,0.00000000,-8.18497910,0.35888889,0.35888889
go_bn_oracle1,37,symbol,SOXLUSDT,1,0,1,0,5.52317555,—,27.61587775,16.19555556,16.19555556
go_bn_oracle1,37,symbol,AEROUSDT,2,0,1,1,1.17745646,1.74532205,2.94364115,0.70180556,0.86413889
go_bn_oracle1,37,symbol,MANAUSDT,0,1,0,0,0.00000000,—,—,—,—
go_bn_oracle1,37,symbol,XMRUSDT,1,0,0,1,-2.58100248,0.00000000,-12.90501240,7.80111111,7.80111111
go_bn_oracle1,37,symbol,BATUSDT,1,0,0,1,-1.56262765,0.00000000,-7.81313827,1.14722222,1.14722222
go_bn_oracle1,37,symbol,BANDUSDT,1,0,0,1,-1.62481752,0.00000000,-8.12408760,0.59694444,0.59694444
go_bn_oracle1,37,symbol,IOTXUSDT,1,0,0,1,-1.62576807,0.00000000,-8.12884033,0.37444444,0.37444444
go_bn_oracle1,37,symbol,BERAUSDT,1,0,0,1,-1.69031232,0.00000000,-8.45156160,6.43111111,6.43111111
go_bn_oracle1,37,symbol,SOPHUSDT,1,0,0,1,-1.55196483,0.00000000,-7.75982415,0.71500000,0.71500000
go_bn_oracle1,37,symbol,GUNUSDT,1,0,0,1,-1.58286399,0.00000000,-7.91431993,1.32277778,1.32277778
go_bn_oracle1,37,symbol,HYPEUSDT,1,1,1,0,3.75549388,—,18.77746942,8.23388889,8.23388889
go_bn_oracle1,37,symbol,DASHUSDT,1,0,0,1,-1.68184914,0.00000000,-8.40924570,0.04777778,0.04777778
go_bn_oracle1,37,symbol,ZECUSDT,1,0,1,0,15.45785325,—,77.28926625,5.14583333,5.14583333
go_bn_oracle1,37,symbol,XLMUSDT,0,1,0,0,0.00000000,—,—,—,—
go_bn_oracle1,37,symbol,MUUUSDT,1,0,1,0,2.01023130,—,10.05115650,4.13444444,4.13444444
go_bn_oracle1,37,symbol,MUSDT,1,0,0,1,-1.64367000,0.00000000,-8.21835000,0.18472222,0.18472222
go_bn_oracle1,37,symbol,FLOWUSDT,0,1,0,0,0.00000000,—,—,—,—
go_bn_oracle1,37,symbol,PYTHUSDT,0,1,0,0,0.00000000,—,—,—,—
go_bn_oracle1,37,symbol,ERAUSDT,0,1,0,0,0.00000000,—,—,—,—
go_bn_oracle1,37,symbol,APEUSDT,0,1,0,0,0.00000000,—,—,—,—
go_bn_oracle1,37,symbol,FARTCOINUSDT,1,0,0,1,-1.62551063,0.00000000,-8.12755313,0.08555556,0.08555556
go_bn_oracle1,37,symbol,FETUSDT,0,1,0,0,0.00000000,—,—,—,—
go_bn_oracle1,37,symbol,TIAUSDT,1,0,0,1,-1.82647790,0.00000000,-9.13238950,0.08055556,0.08055556
go_bn_oracle1,37,symbol,HUMAUSDT,0,1,0,0,0.00000000,—,—,—,—
go_bn_oracle1,37,entry_day_Asia_Shanghai,2026-09-05,2,0,0,2,-3.12091343,0.00000000,-7.80228357,1.07500000,1.58988889
go_bn_oracle1,37,entry_day_Asia_Shanghai,2026-09-06,24,10,7,17,6.40544212,1.22328894,1.33446711,1.02597222,8.10405556
go_bn_oracle1,37,stake_USDT,20,26,10,7,19,3.28452870,1.10326206,0.63164013,1.02597222,8.01750000
go_bn_oracle2,38,symbol,CHZUSDT,2,0,0,2,-3.88082059,0.00000000,-9.70205148,0.64763889,1.06197222
go_bn_oracle2,38,symbol,STXUSDT,1,0,0,1,-1.84730000,0.00000000,-9.23650000,0.55694444,0.55694444
go_bn_oracle2,38,symbol,BABYUSDT,1,0,0,1,-1.88385000,0.00000000,-9.41925000,4.68750000,4.68750000
go_bn_oracle2,38,symbol,MONUSDT,3,0,1,2,0.73420287,1.18017220,1.22367144,1.28000000,1.41000000
go_bn_oracle2,38,symbol,ZENUSDT,2,0,0,2,-3.78037940,0.00000000,-9.45094850,0.52888889,0.64444444
go_bn_oracle2,38,symbol,ONUSDT,2,0,0,2,-4.10217390,0.00000000,-10.25543475,1.59291667,2.37102778
go_bn_oracle2,38,symbol,GUAUSDT,4,0,2,2,0.44980579,1.11619191,0.56225724,8.06805556,10.91555556
go_bn_oracle2,38,symbol,EWYUSDT,2,0,1,1,-0.13523645,0.88390091,-0.33809113,1.13055556,1.83366667
go_bn_oracle2,38,symbol,KORUUSDT,2,0,1,1,-0.99446850,0.53178755,-2.48617125,0.73513889,1.22436111
go_bn_oracle2,38,symbol,ORDIUSDT,2,0,0,2,-3.81856150,0.00000000,-9.54640375,7.20875000,12.16219444
go_bn_oracle2,38,symbol,HEIUSDT,1,0,0,1,-1.83376000,0.00000000,-9.16880000,0.49861111,0.49861111
go_bn_oracle2,38,symbol,WALUSDT,1,0,1,0,1.07200000,—,5.36000000,0.49916667,0.49916667
go_bn_oracle2,38,symbol,XAUUSDT,1,0,1,0,2.44080000,—,12.20400000,34.50444444,34.50444444
go_bn_oracle2,38,symbol,PAXGUSDT,1,0,1,0,2.01276000,—,10.06380000,34.45972222,34.45972222
go_bn_oracle2,38,symbol,INJUSDT,2,0,0,2,-4.43390460,0.00000000,-11.08476150,2.69166667,4.42900000
go_bn_oracle2,38,symbol,MITOUSDT,3,0,1,2,1.73678002,1.43914586,2.89463337,0.61555556,2.40355556
go_bn_oracle2,38,symbol,币安人生USDT,1,0,0,1,-1.85920000,0.00000000,-9.29600000,19.32444444,19.32444444
go_bn_oracle2,38,symbol,COINUSDT,1,0,0,1,-1.82700000,0.00000000,-9.13500000,7.16944444,7.16944444
go_bn_oracle2,38,symbol,BICOUSDT,2,0,0,2,-3.99540959,0.00000000,-9.98852399,1.46083333,2.05638889
go_bn_oracle2,38,symbol,FARTCOINUSDT,1,0,0,1,-1.83480000,0.00000000,-9.17400000,6.62666667,6.62666667
go_bn_oracle2,38,symbol,POLUSDT,1,0,1,0,8.36640000,—,41.83200000,23.79472222,23.79472222
go_bn_oracle2,38,symbol,TRXUSDT,1,0,1,0,3.62997000,—,18.14985000,33.29611111,33.29611111
go_bn_oracle2,38,symbol,ACEUSDT,3,0,0,3,-6.20672767,0.00000000,-10.34454611,1.10361111,1.30738889
go_bn_oracle2,38,symbol,HOODUSDT,2,0,0,2,-3.87709330,0.00000000,-9.69273325,2.64500000,3.27566667
go_bn_oracle2,38,symbol,IRENUSDT,1,0,0,1,-1.86960000,0.00000000,-9.34800000,3.21361111,3.21361111
go_bn_oracle2,38,symbol,BTRUSDT,2,0,1,1,1.63727496,1.80968037,4.09318740,0.31944444,0.40633333
go_bn_oracle2,38,symbol,PEOPLEUSDT,2,0,0,2,-3.79171794,0.00000000,-9.47929485,5.13347222,7.38025000
go_bn_oracle2,38,symbol,BEATUSDT,2,0,1,1,-1.04825600,0.45488508,-2.62064000,6.61888889,10.32400000
go_bn_oracle2,38,symbol,GRTUSDT,1,0,0,1,-1.86504000,0.00000000,-9.32520000,15.60472222,15.60472222
go_bn_oracle2,38,symbol,ARMUSDT,2,0,0,2,-4.01135230,0.00000000,-10.02838075,3.01083333,3.43727778
go_bn_oracle2,38,symbol,1000LUNCUSDT,1,0,0,1,-1.19835508,0.00000000,-5.99177538,14.98944444,14.98944444
go_bn_oracle2,38,symbol,BILLUSDT,1,0,0,1,-2.09364946,0.00000000,-10.46824732,10.90250000,10.90250000
go_bn_oracle2,38,symbol,IOUSDT,1,0,0,1,-2.04779831,0.00000000,-10.23899153,6.47805556,6.47805556
go_bn_oracle2,38,symbol,CYSUSDT,2,0,1,1,-0.78818835,0.60237723,-1.97047088,0.01611111,0.02100000
go_bn_oracle2,38,symbol,BIOUSDT,2,0,0,2,-4.22973860,0.00000000,-10.57434649,2.79944444,4.14922222
go_bn_oracle2,38,symbol,PNUTUSDT,1,0,0,1,-1.98342000,0.00000000,-9.91710000,0.55361111,0.55361111
go_bn_oracle2,38,symbol,WDCUSDT,2,0,1,1,0.47958435,1.19265295,1.19896088,11.00569444,17.80980556
go_bn_oracle2,38,symbol,BEUSDT,2,0,0,2,-2.54338980,0.00000000,-6.35847450,12.70333333,18.66866667
go_bn_oracle2,38,symbol,SPYUSDT,1,1,0,1,-1.17978315,0.00000000,-5.89891575,70.73805556,70.73805556
go_bn_oracle2,38,symbol,NEARUSDT,1,0,0,1,-2.05213200,0.00000000,-10.26066000,1.25333333,1.25333333
go_bn_oracle2,38,symbol,BLUAIUSDT,2,0,1,1,-1.92817257,0.30409550,-4.82043143,5.07513889,6.88102778
go_bn_oracle2,38,symbol,DODOXUSDT,1,0,0,1,-2.00988000,0.00000000,-10.04940000,3.32416667,3.32416667
go_bn_oracle2,38,symbol,CCUSDT,2,0,1,1,-0.51445007,0.74472289,-1.28612519,7.84416667,13.18283333
go_bn_oracle2,38,symbol,ENJUSDT,2,0,2,0,7.31085382,—,18.27713456,6.39111111,10.71933333
go_bn_oracle2,38,symbol,ZBTUSDT,2,0,0,2,-4.07296620,0.00000000,-10.18241550,4.97625000,7.43769444
go_bn_oracle2,38,symbol,LABUSDT,3,0,1,2,-0.77299512,0.80622181,-1.28832520,1.44416667,6.88594444
go_bn_oracle2,38,symbol,ZILUSDT,1,0,0,1,-1.19488436,0.00000000,-5.97442181,6.69583333,6.69583333
go_bn_oracle2,38,symbol,LDOUSDT,1,0,0,1,-1.95503490,0.00000000,-9.77517450,6.01833333,6.01833333
go_bn_oracle2,38,symbol,MANAUSDT,2,0,1,1,-0.64004625,0.68390588,-1.60011563,3.00333333,3.47777778
go_bn_oracle2,38,symbol,UBUSDT,2,0,0,2,-4.69410231,0.00000000,-11.73525577,3.14138889,3.59850000
go_bn_oracle2,38,symbol,XTZUSDT,1,0,1,0,1.55632503,—,7.78162515,2.24055556,2.24055556
go_bn_oracle2,38,symbol,SYNUSDT,3,0,0,3,-5.43653795,0.00000000,-9.06089658,4.11250000,5.66894444
go_bn_oracle2,38,symbol,AKEUSDT,2,0,0,2,-4.51266166,0.00000000,-11.28165415,0.20777778,0.28244444
go_bn_oracle2,38,symbol,PIEVERSEUSDT,1,0,1,0,1.03222845,—,5.16114225,4.91305556,4.91305556
go_bn_oracle2,38,symbol,UNIUSDT,2,0,1,1,7.54226900,4.80637007,18.85567250,2.31625000,3.65925000
go_bn_oracle2,38,symbol,AIAUSDT,1,0,0,1,-1.99312893,0.00000000,-9.96564465,5.45500000,5.45500000
go_bn_oracle2,38,symbol,JTOUSDT,3,0,0,3,-5.97778460,0.00000000,-9.96297433,1.16222222,1.33800000
go_bn_oracle2,38,symbol,1000CATUSDT,1,0,0,1,-2.13630209,0.00000000,-10.68151046,1.39444444,1.39444444
go_bn_oracle2,38,symbol,GRASSUSDT,1,0,0,1,-2.10640200,0.00000000,-10.53201000,0.61638889,0.61638889
go_bn_oracle2,38,symbol,KOMAUSDT,1,0,0,1,-1.98371009,0.00000000,-9.91855043,0.51277778,0.51277778
go_bn_oracle2,38,symbol,ARCUSDT,2,0,1,1,4.28145327,3.04394549,10.70363318,4.35486111,7.79430556
go_bn_oracle2,38,symbol,BROCCOLI714USDT,3,0,2,1,5.30383672,3.58388166,8.83972787,1.81416667,7.28483333
go_bn_oracle2,38,symbol,PARTIUSDT,2,0,1,1,3.07745211,2.23703109,7.69363028,16.29986111,16.37775000
go_bn_oracle2,38,symbol,VELVETUSDT,1,0,1,0,3.37376640,—,16.86883200,0.47583333,0.47583333
go_bn_oracle2,38,symbol,HOMEUSDT,1,0,0,1,-1.98338120,0.00000000,-9.91690602,7.47277778,7.47277778
go_bn_oracle2,38,symbol,AXTIUSDT,1,0,1,0,6.96989120,—,34.84945600,8.52166667,8.52166667
go_bn_oracle2,38,symbol,1000RATSUSDT,2,0,0,2,-4.16757443,0.00000000,-10.41893609,4.28583333,5.72494444
go_bn_oracle2,38,symbol,VVVUSDT,2,0,1,1,-0.24101372,0.87966214,-0.60253430,0.40000000,0.47422222
go_bn_oracle2,38,symbol,2ZUSDT,2,0,2,0,1.72349027,—,4.30872568,0.88013889,1.36091667
go_bn_oracle2,38,symbol,CSCOUSDT,1,0,0,1,-2.01354720,0.00000000,-10.06773600,21.33250000,21.33250000
go_bn_oracle2,38,symbol,MOVRUSDT,2,0,0,2,-4.10514292,0.00000000,-10.26285730,2.40305556,3.74194444
go_bn_oracle2,38,symbol,COOKIEUSDT,2,0,1,1,0.00903128,1.00443579,0.02257821,6.90305556,11.22105556
go_bn_oracle2,38,symbol,FLOWUSDT,1,0,0,1,-1.99088536,0.00000000,-9.95442681,18.72166667,18.72166667
go_bn_oracle2,38,symbol,LISTAUSDT,5,0,1,4,-6.03778036,0.24861957,-6.03778036,2.46527778,4.60961111
go_bn_oracle2,38,symbol,ENSOUSDT,1,0,0,1,-2.01505568,0.00000000,-10.07527840,8.13055556,8.13055556
go_bn_oracle2,38,symbol,RIFUSDT,3,0,1,2,4.06141888,1.95658241,6.76903147,17.12083333,22.22150000
go_bn_oracle2,38,symbol,VIRTUALUSDT,2,0,1,1,-0.07890862,0.96144498,-0.19727154,1.13277778,1.58166667
go_bn_oracle2,38,symbol,ONEUSDT,1,0,0,1,-1.98433894,0.00000000,-9.92169470,6.13333333,6.13333333
go_bn_oracle2,38,symbol,AVAAIUSDT,2,0,0,2,-3.64345013,0.00000000,-9.10862533,10.87527778,15.73705556
go_bn_oracle2,38,symbol,DEXEUSDT,1,0,0,1,-2.12826908,0.00000000,-10.64134540,5.52750000,5.52750000
go_bn_oracle2,38,symbol,RAVEUSDT,1,0,1,0,3.14362685,—,15.71813425,16.34555556,16.34555556
go_bn_oracle2,38,symbol,ADAUSDT,1,0,1,0,0.90012675,—,4.50063375,1.15805556,1.15805556
go_bn_oracle2,38,symbol,SUIUSDT,1,0,0,1,-2.02156405,0.00000000,-10.10782025,22.85472222,22.85472222
go_bn_oracle2,38,symbol,XRPUSDT,2,0,1,1,0.14999294,1.07713393,0.37498236,9.30972222,14.99550000
go_bn_oracle2,38,symbol,GRVTUSDT,1,0,0,1,-2.61303250,0.00000000,-13.06516250,4.01055556,4.01055556
go_bn_oracle2,38,symbol,BRUSDT,1,0,0,1,-1.98686282,0.00000000,-9.93431408,2.60472222,2.60472222
go_bn_oracle2,38,symbol,WLFIUSDT,3,0,0,3,-5.13113058,0.00000000,-8.55188430,8.71833333,16.52033333
go_bn_oracle2,38,symbol,NILUSDT,1,0,1,0,3.49994368,—,17.49971839,16.00027778,16.00027778
go_bn_oracle2,38,symbol,RIVERUSDT,2,0,1,1,2.15233650,2.06583807,5.38084125,6.48180556,11.19658333
go_bn_oracle2,38,symbol,ATOMUSDT,2,0,1,1,1.57411846,2.24836077,3.93529615,15.18527778,18.65416667
go_bn_oracle2,38,symbol,XPTUSDT,1,0,0,1,-1.99222880,0.00000000,-9.96114398,1.63416667,1.63416667
go_bn_oracle2,38,symbol,GLWUSDT,1,1,0,1,-2.15428640,0.00000000,-10.77143200,1.20361111,1.20361111
go_bn_oracle2,38,symbol,ENAUSDT,1,0,0,1,-2.05846732,0.00000000,-10.29233660,0.26083333,0.26083333
go_bn_oracle2,38,symbol,RENDERUSDT,2,0,0,2,-4.21746150,0.00000000,-10.54365375,2.64666667,3.40866667
go_bn_oracle2,38,symbol,IOTAUSDT,2,0,0,2,-3.29776026,0.00000000,-8.24440066,1.46666667,1.63800000
go_bn_oracle2,38,symbol,FETUSDT,1,0,0,1,-2.07075370,0.00000000,-10.35376850,0.28861111,0.28861111
go_bn_oracle2,38,symbol,HPEUSDT,1,0,0,1,-2.04292385,0.00000000,-10.21461925,0.94138889,0.94138889
go_bn_oracle2,38,symbol,GPSUSDT,1,0,0,1,-1.95280258,0.00000000,-9.76401290,0.93416667,0.93416667
go_bn_oracle2,38,symbol,XMRUSDT,1,0,1,0,0.87059264,—,4.35296320,3.97055556,3.97055556
go_bn_oracle2,38,symbol,4USDT,1,0,0,1,-1.96434884,0.00000000,-9.82174420,0.23527778,0.23527778
go_bn_oracle2,38,symbol,NIGHTUSDT,1,0,1,0,12.15483300,—,60.77416500,14.20666667,14.20666667
go_bn_oracle2,38,symbol,OUSDT,2,0,1,1,-1.11111190,0.43047716,-2.77777975,1.93222222,2.58644444
go_bn_oracle2,38,symbol,MYXUSDT,1,0,0,1,-1.99251570,0.00000000,-9.96257850,0.83083333,0.83083333
go_bn_oracle2,38,symbol,COMPUSDT,1,0,1,0,5.60161170,—,28.00805850,9.21055556,9.21055556
go_bn_oracle2,38,symbol,MEMEUSDT,1,0,1,0,0.88804932,—,4.44024659,6.25555556,6.25555556
go_bn_oracle2,38,symbol,1000SHIBUSDT,1,0,0,1,-1.95960338,0.00000000,-9.79801690,1.57138889,1.57138889
go_bn_oracle2,38,symbol,WIFUSDT,2,0,1,1,-1.19580011,0.42135703,-2.98950026,1.83222222,2.08688889
go_bn_oracle2,38,symbol,XPLUSDT,1,0,0,1,-1.96810652,0.00000000,-9.84053262,1.38527778,1.38527778
go_bn_oracle2,38,symbol,AVAXUSDT,1,0,1,0,4.78716700,—,23.93583500,13.30138889,13.30138889
go_bn_oracle2,38,symbol,RVNUSDT,1,0,1,0,2.43217392,—,12.16086960,13.30083333,13.30083333
go_bn_oracle2,38,symbol,USUSDT,1,0,0,1,-2.01619668,0.00000000,-10.08098340,0.69138889,0.69138889
go_bn_oracle2,38,symbol,NOTUSDT,1,0,0,1,-1.94124401,0.00000000,-9.70622006,0.90138889,0.90138889
go_bn_oracle2,38,symbol,BERAUSDT,1,0,0,1,-2.01757875,0.00000000,-10.08789375,6.03861111,6.03861111
go_bn_oracle2,38,symbol,SKYAIUSDT,1,0,0,1,-2.06581774,0.00000000,-10.32908870,0.09916667,0.09916667
go_bn_oracle2,38,symbol,LPTUSDT,1,0,1,0,5.86514310,—,29.32571550,9.80833333,9.80833333
go_bn_oracle2,38,symbol,LUNA2USDT,1,0,0,1,-2.06632596,0.00000000,-10.33162980,27.40333333,27.40333333
go_bn_oracle2,38,symbol,DYDXUSDT,1,0,0,1,-2.01131892,0.00000000,-10.05659460,4.08055556,4.08055556
go_bn_oracle2,38,symbol,APRUSDT,1,0,1,0,16.96628160,—,84.83140800,2.47972222,2.47972222
go_bn_oracle2,38,symbol,TIAUSDT,1,0,0,1,-1.95472830,0.00000000,-9.77364150,3.55750000,3.55750000
go_bn_oracle2,38,symbol,BSBUSDT,1,0,1,0,3.09556484,—,15.47782418,1.19750000,1.19750000
go_bn_oracle2,38,symbol,MOVEUSDT,1,0,1,0,2.88521013,—,14.42605067,25.94194444,25.94194444
go_bn_oracle2,38,symbol,OPUSDT,1,0,0,1,-1.99430364,0.00000000,-9.97151820,3.18305556,3.18305556
go_bn_oracle2,38,symbol,STGUSDT,1,0,0,1,-1.94133170,0.00000000,-9.70665850,5.84111111,5.84111111
go_bn_oracle2,38,symbol,ROSEUSDT,1,0,0,1,-1.97613383,0.00000000,-9.88066913,4.75944444,4.75944444
go_bn_oracle2,38,symbol,ACHUSDT,1,0,1,0,0.84906283,—,4.24531413,19.00444444,19.00444444
go_bn_oracle2,38,symbol,SANDUSDT,1,0,0,1,-2.01370299,0.00000000,-10.06851495,1.65277778,1.65277778
go_bn_oracle2,38,symbol,GUNUSDT,1,0,0,1,-1.98139766,0.00000000,-9.90698832,1.25972222,1.25972222
go_bn_oracle2,38,symbol,LITUSDT,2,0,0,2,-4.16657020,0.00000000,-10.41642550,0.87444444,0.88822222
go_bn_oracle2,38,symbol,PROMUSDT,1,0,0,1,-2.04041880,0.00000000,-10.20209400,0.25722222,0.25722222
go_bn_oracle2,38,symbol,NXPCUSDT,1,0,0,1,-2.31492800,0.00000000,-11.57464000,4.45638889,4.45638889
go_bn_oracle2,38,symbol,SOXLUSDT,1,0,0,1,-2.23253820,0.00000000,-11.16269100,2.48000000,2.48000000
go_bn_oracle2,38,symbol,MORPHOUSDT,1,0,0,1,-2.19391848,0.00000000,-10.96959240,0.48166667,0.48166667
go_bn_oracle2,38,symbol,MUSDT,0,1,0,0,0.00000000,—,—,—,—
go_bn_oracle2,38,symbol,PENGUUSDT,1,0,1,0,1.20409531,—,6.02047655,1.49777778,1.49777778
go_bn_oracle2,38,symbol,BLESSUSDT,1,0,0,1,-2.03670707,0.00000000,-10.18353537,0.59222222,0.59222222
go_bn_oracle2,38,symbol,SEIUSDT,1,0,0,1,-2.00338992,0.00000000,-10.01694960,16.53888889,16.53888889
go_bn_oracle2,38,symbol,AIXBTUSDT,1,0,0,1,-2.02599310,0.00000000,-10.12996552,4.60194444,4.60194444
go_bn_oracle2,38,symbol,ICPUSDT,1,0,1,0,0.88016500,—,4.40082500,1.46694444,1.46694444
go_bn_oracle2,38,symbol,BNBUSDT,1,0,0,1,-1.95333600,0.00000000,-9.76668000,11.31083333,11.31083333
go_bn_oracle2,38,symbol,KAVAUSDT,1,0,0,1,-1.32118646,0.00000000,-6.60593229,9.99194444,9.99194444
go_bn_oracle2,38,symbol,MUUSDT,1,0,1,0,1.93428160,—,9.67140800,30.48833333,30.48833333
go_bn_oracle2,38,symbol,INTCUSDT,1,0,0,1,-1.96226670,0.00000000,-9.81133350,2.64111111,2.64111111
go_bn_oracle2,38,symbol,CATIUSDT,1,0,1,0,2.05211425,—,10.26057125,1.98527778,1.98527778
go_bn_oracle2,38,symbol,PLUMEUSDT,1,0,1,0,1.01188607,—,5.05943035,8.67972222,8.67972222
go_bn_oracle2,38,symbol,BATUSDT,1,0,0,1,-2.08459799,0.00000000,-10.42298994,1.76361111,1.76361111
go_bn_oracle2,38,symbol,MEGAUSDT,1,0,0,1,-1.99572030,0.00000000,-9.97860150,0.35555556,0.35555556
go_bn_oracle2,38,symbol,ATUSDT,1,0,0,1,-1.32986615,0.00000000,-6.64933075,3.06722222,3.06722222
go_bn_oracle2,38,symbol,CRVUSDT,1,0,1,0,9.78527755,—,48.92638775,14.48555556,14.48555556
go_bn_oracle2,38,symbol,DASHUSDT,1,0,0,1,-1.96013319,0.00000000,-9.80066595,0.84305556,0.84305556
go_bn_oracle2,38,entry_day_Asia_Shanghai,2026-08-30,3,0,0,3,-5.56635000,0.00000000,-9.27725000,1.16555556,3.98311111
go_bn_oracle2,38,entry_day_Asia_Shanghai,2026-08-31,37,0,11,26,-19.58141266,0.59400473,-2.64613685,4.86333333,27.59527778
go_bn_oracle2,38,entry_day_Asia_Shanghai,2026-09-01,43,0,14,29,-11.87773726,0.79603927,-1.38113224,2.24055556,8.11994444
go_bn_oracle2,38,entry_day_Asia_Shanghai,2026-09-02,40,0,8,32,-43.97900398,0.32670978,-5.49737550,1.69402778,16.64741667
go_bn_oracle2,38,entry_day_Asia_Shanghai,2026-09-03,45,0,15,30,23.14567255,1.38892278,2.57174139,2.75000000,16.75350000
go_bn_oracle2,38,entry_day_Asia_Shanghai,2026-09-04,32,3,9,23,-31.37261343,0.32460721,-4.90197085,2.56055556,16.33675000
go_bn_oracle2,38,entry_day_Asia_Shanghai,2026-09-05,15,0,5,10,-3.94723053,0.78657688,-1.31574351,1.48111111,12.17866667
go_bn_oracle2,38,stake_USDT,20,215,3,62,153,-93.17867532,0.69126708,-2.16694594,2.48694444,16.40905556
go_bn_oracle2,39,symbol,STEEMUSDT,0,1,0,0,0.00000000,—,—,—,—
go_bn_oracle2,39,symbol,BIOUSDT,1,0,0,1,-1.59353781,0.00000000,-7.96768903,16.18055556,16.18055556
go_bn_oracle2,39,symbol,CLUSDT,0,1,0,0,0.00000000,—,—,—,—
go_bn_oracle2,39,symbol,MUBARAKUSDT,1,1,0,1,-1.62058170,0.00000000,-8.10290850,0.49750000,0.49750000
go_bn_oracle2,39,symbol,COOKIEUSDT,1,0,0,1,-1.54961409,0.00000000,-7.74807046,1.70916667,1.70916667
go_bn_oracle2,39,symbol,UNIUSDT,1,0,1,0,8.80932000,—,44.04660000,3.49472222,3.49472222
go_bn_oracle2,39,symbol,NOTUSDT,0,1,0,0,0.00000000,—,—,—,—
go_bn_oracle2,39,symbol,HMSTRUSDT,1,0,0,1,-1.55668043,0.00000000,-7.78340214,0.70472222,0.70472222
go_bn_oracle2,39,symbol,XTZUSDT,0,1,0,0,0.00000000,—,—,—,—
go_bn_oracle2,39,symbol,NEIROUSDT,1,0,0,1,-1.54938498,0.00000000,-7.74692492,0.35722222,0.35722222
go_bn_oracle2,39,symbol,SOXLUSDT,0,1,0,0,0.00000000,—,—,—,—
go_bn_oracle2,39,symbol,AEROUSDT,1,0,1,0,3.62942571,—,18.14712855,2.42722222,2.42722222
go_bn_oracle2,39,symbol,MANAUSDT,1,0,0,1,-1.65092832,0.00000000,-8.25464160,10.21305556,10.21305556
go_bn_oracle2,39,symbol,ARMUSDT,0,1,0,0,0.00000000,—,—,—,—
go_bn_oracle2,39,symbol,XMRUSDT,1,0,0,1,-1.61429607,0.00000000,-8.07148037,5.95250000,5.95250000
go_bn_oracle2,39,symbol,BERAUSDT,1,0,0,1,-1.60462497,0.00000000,-8.02312485,4.06472222,4.06472222
go_bn_oracle2,39,symbol,HOLOUSDT,1,0,0,1,-1.55938136,0.00000000,-7.79690678,1.17666667,1.17666667
go_bn_oracle2,39,symbol,BATUSDT,1,0,0,1,-1.67324206,0.00000000,-8.36621032,2.23250000,2.23250000
go_bn_oracle2,39,symbol,BANDUSDT,1,0,0,1,-1.62481752,0.00000000,-8.12408760,0.58694444,0.58694444
go_bn_oracle2,39,symbol,IOTXUSDT,1,0,0,1,-1.62576807,0.00000000,-8.12884033,0.36472222,0.36472222
go_bn_oracle2,39,symbol,DASHUSDT,1,0,0,1,-1.61330354,0.00000000,-8.06651770,0.06750000,0.06750000
go_bn_oracle2,39,symbol,GUNUSDT,1,0,0,1,-1.58286399,0.00000000,-7.91431993,1.31972222,1.31972222
go_bn_oracle2,39,symbol,HYPEUSDT,0,1,0,0,0.00000000,—,—,—,—
go_bn_oracle2,39,symbol,ZECUSDT,1,0,1,0,16.76501325,—,83.82506625,2.64972222,2.64972222
go_bn_oracle2,39,symbol,XRPUSDT,0,1,0,0,0.00000000,—,—,—,—
go_bn_oracle2,39,symbol,AIAUSDT,1,0,0,1,-1.71445248,0.00000000,-8.57226240,1.11222222,1.11222222
go_bn_oracle2,39,symbol,EWYUSDT,0,1,0,0,0.00000000,—,—,—,—
go_bn_oracle2,39,symbol,KORUUSDT,0,1,0,0,0.00000000,—,—,—,—
go_bn_oracle2,39,symbol,BZUSDT,0,1,0,0,0.00000000,—,—,—,—
go_bn_oracle2,39,symbol,FLOWUSDT,0,1,0,0,0.00000000,—,—,—,—
go_bn_oracle2,39,symbol,COINUSDT,0,1,0,0,0.00000000,—,—,—,—
go_bn_oracle2,39,symbol,APEUSDT,0,1,0,0,0.00000000,—,—,—,—
go_bn_oracle2,39,symbol,SEIUSDT,0,1,0,0,0.00000000,—,—,—,—
go_bn_oracle2,39,symbol,FETUSDT,0,1,0,0,0.00000000,—,—,—,—
go_bn_oracle2,39,symbol,TIAUSDT,1,0,0,1,-1.74707790,0.00000000,-8.73538950,0.07805556,0.07805556
go_bn_oracle2,39,symbol,MOVRUSDT,0,1,0,0,0.00000000,—,—,—,—
go_bn_oracle2,39,entry_day_Asia_Shanghai,2026-09-05,3,2,0,3,-4.76373360,0.00000000,-7.93955599,1.70916667,13.28627778
go_bn_oracle2,39,entry_day_Asia_Shanghai,2026-09-06,16,16,3,13,8.08693727,1.38296186,2.52716790,1.24819444,5.00861111
go_bn_oracle2,39,stake_USDT,20,19,18,3,16,3.32320367,1.12840542,0.87452728,1.31972222,6.80461111
