symbol,time,family,oi4,price4,fwd1h,fwd4h,fwd12h
BTCUSDT,2026-01-05T11:05:00+00:00,oi_expansion_continuation,0.0023065066629583825,0.00550567435918933,0.0006367610421903475,0.0035063728345900128,0.011033193378234572
BTCUSDT,2026-01-05T11:40:00+00:00,oi_contraction_reversal,-0.0004296055408145861,0.00503754918053087,0.0021966133639468167,-0.008886408728998386,-0.00952859128834325
BTCUSDT,2026-01-05T12:05:00+00:00,oi_expansion_continuation,0.0008008144712575029,0.004736631827805888,-0.0016628594682262714,0.008044333603823901,0.007693373653325798
BTCUSDT,2026-01-05T20:15:00+00:00,oi_contraction_reversal,-0.0003912329045984955,0.004296818108988306,0.003214650458277278,0.0066446113016542935,0.010651478331520869
BTCUSDT,2026-01-05T20:20:00+00:00,oi_expansion_continuation,0.000884670739591837,0.006771468443094029,-0.004829594338991649,-0.00805968459155353,-0.012237186640468165
BTCUSDT,2026-01-05T20:25:00+00:00,oi_contraction_reversal,-0.002232333404251589,0.009593998094507561,0.009671842213015326,0.009958076902550255,0.014893550036281589
BTCUSDT,2026-01-06T11:40:00+00:00,oi_expansion_continuation,0.00031401363308378985,0.005637284725663865,0.0003291471631970489,-0.0033969030416982136,-0.002721808906763035
BTCUSDT,2026-01-06T14:10:00+00:00,oi_contraction_reversal,-0.00011697883756528253,0.005466539139296165,0.0037527193740249255,0.024470240489259363,0.015261814854731418
BTCUSDT,2026-01-06T14:15:00+00:00,oi_expansion_continuation,0.001501874624091303,0.006152435605375094,-0.0009671602916957244,-0.02514565922532399,-0.01746195387392542
BTCUSDT,2026-01-06T15:25:00+00:00,oi_contraction_reversal,-9.439935972881011e-05,0.003260268547757844,0.013885010158254026,0.020249391838776745,0.012106161214454375
BTCUSDT,2026-01-06T15:30:00+00:00,oi_expansion_continuation,0.0005587788300616347,0.002515930932232774,-0.01306999392100078,-0.01941594131046144,-0.012507696588929999
BTCUSDT,2026-01-06T16:05:00+00:00,oi_contraction_reversal,-1.1043258815511035e-06,-0.005019937027427437,-0.008540116458129287,-0.011511462690877678,-0.006917608119102678
BTCUSDT,2026-01-07T00:50:00+00:00,oi_expansion_continuation,0.0011827577522913147,0.005099612462458195,-0.00577514205148801,-0.003703959332890427,-0.010753640478482792
BTCUSDT,2026-01-07T11:20:00+00:00,oi_contraction_reversal,-0.000464845774624149,-0.006783614491687102,-0.001264668595677053,-0.00942865629149743,-0.0077994885801936685
BTCUSDT,2026-04-06T13:00:00+00:00,oi_contraction_reversal,-0.000419822527866045,0.0028412601439419516,0.003298043314174349,-0.0019609196604786715,0.010115550396902115
BTCUSDT,2026-04-06T13:20:00+00:00,oi_expansion_continuation,0.0014435105289729402,-0.009123052047797597,-0.0012764786796516556,-0.0008125709136126141,0.009799809494346605
BTCUSDT,2026-04-06T13:35:00+00:00,oi_contraction_reversal,-0.0016038986442937758,-0.006979725523983649,0.00031906059479222223,0.003026935473699007,-0.010342758971272074
BTCUSDT,2026-04-06T16:50:00+00:00,oi_expansion_continuation,0.0006481426533026664,0.009126903851052193,-0.00700097772995047,-0.0024981295332917887,-0.01659556495353153
BTCUSDT,2026-04-06T21:10:00+00:00,oi_contraction_reversal,-0.0023012333785765015,0.005630631732972435,0.0024928567337476463,0.01643199575794619,0.00891967367195732
BTCUSDT,2026-04-07T04:20:00+00:00,oi_expansion_continuation,3.721593181604029e-05,-0.004976988085830934,-0.0023669501711659885,-0.003908108967471043,0.004103154837917014
BTCUSDT,2026-04-07T04:40:00+00:00,oi_contraction_reversal,-0.0019302241059990226,0.0008780366558879882,0.003013748953184105,-0.0012415522514138348,0.007653226949861451
BTCUSDT,2026-04-07T05:50:00+00:00,oi_expansion_continuation,0.001176318948492515,0.002931065523263611,-0.001134208457291799,0.00710789913983112,0.001373652811770115
BTCUSDT,2026-04-07T06:50:00+00:00,oi_contraction_reversal,-7.599211036292424e-05,-0.0007298185118866596,0.001126923305524149,-0.004661113360566278,-0.0028016664712981103
BTCUSDT,2026-04-07T08:55:00+00:00,oi_expansion_continuation,0.0002439921431104395,0.0013994044547496404,0.0029125801159699703,-0.00789081802743613,0.005450249078029331
BTCUSDT,2026-04-07T09:05:00+00:00,oi_contraction_reversal,-0.0003483404472793696,0.005444770046073569,0.0035204468668976465,0.008917532071589917,-0.009880867031852552
BTCUSDT,2026-04-07T09:30:00+00:00,oi_expansion_continuation,9.957399562653501e-05,0.006822328731719816,-0.0060534595141962045,-0.010546550518720487,0.0075508823019701035
BTCUSDT,2026-04-07T11:10:00+00:00,oi_contraction_reversal,-0.00038075545599063813,-0.003178983693217071,-0.0009710551650067931,-0.006714101206710255,0.04493932245404758
BTCUSDT,2026-04-07T11:20:00+00:00,oi_expansion_continuation,0.00027719207306418404,-0.004574472097358093,-0.0016510574548710762,0.0037748735636380514,-0.053108509700092024
BTCUSDT,2026-04-07T11:35:00+00:00,oi_contraction_reversal,-8.532806057842417e-05,-0.003051197488520869,-0.0004268569595096158,-0.004653324617066886,0.05159195818170391
BTCUSDT,2026-04-07T12:00:00+00:00,oi_expansion_continuation,8.223360718168107e-05,-0.004179211216340094,-0.0007293164119640122,0.0015810580862716248,-0.04999261724031783
BTCUSDT,2026-04-07T12:05:00+00:00,oi_contraction_reversal,-0.00030279094744585635,-0.007390889127271366,0.006100726190158598,-0.0004466020332375274,0.05324229015400958
BTCUSDT,2026-04-07T23:15:00+00:00,oi_expansion_continuation,0.0028125805852786743,0.040927182747757994,0.0053223630924230094,-0.004572871083525847,0.00034918981335155686
BTCUSDT,2026-04-07T23:25:00+00:00,oi_contraction_reversal,-0.00369266858693889,0.05906718465631175,0.01151286038594569,0.017638907129715116,0.015196102921789066
BTCUSDT,2026-04-08T01:05:00+00:00,oi_expansion_continuation,0.00013418617558129614,0.02630537947650972,-0.0009834659945013571,-0.00170249624220122,0.012405908737903591
BTCUSDT,2026-04-08T01:10:00+00:00,oi_contraction_reversal,-0.00783084771886718,0.02368312395306931,-0.0002988198267065167,0.0005007710709754081,-0.012343252283271496
BTCUSDT,2026-04-08T02:05:00+00:00,oi_expansion_continuation,0.0040607155063486534,0.0206385942046532,-0.004186030888012134,-0.0004099609752050128,-0.004289718054148931
BTCUSDT,2026-04-08T02:30:00+00:00,oi_contraction_reversal,-0.004059267400785643,0.0069322415816422435,-0.0005308967338338767,-0.006219374516967311,0.004582939157388965
BTCUSDT,2026-04-08T03:35:00+00:00,oi_expansion_continuation,0.0007701106294497282,-0.009720394204108756,-0.0033155554614887305,-0.004221729259257933,0.0018346949576009757
BTCUSDT,2026-04-08T03:50:00+00:00,oi_contraction_reversal,-9.912330359116152e-05,-0.009230669370172102,0.0035687622020943734,0.004083492881313825,-0.00039713867204432384
BTCUSDT,2026-04-08T04:00:00+00:00,oi_expansion_continuation,0.006362952231404136,-0.007637294437672862,-0.003194262022679568,-0.005748698707001195,-0.0001287114837427047
BTCUSDT,2026-04-08T04:15:00+00:00,oi_contraction_reversal,-0.00028181301868932267,-0.0066517963919488395,0.002344539194368676,0.004229576759419516,-0.001986146898543427
BTCUSDT,2026-04-08T04:25:00+00:00,oi_expansion_continuation,0.00045119885554502636,-0.00468998906572343,-0.0018347484463229168,-0.002441424219777999,0.002600121390865694
BTCUSDT,2026-04-08T04:35:00+00:00,oi_contraction_reversal,-0.0003423223043998825,-0.004637427830643903,0.001411362458794495,0.0019406558954780159,-0.002893715190514353
BTCUSDT,2026-04-08T06:15:00+00:00,oi_expansion_continuation,0.00021593739641462875,0.005076202009786387,-0.001283810222977029,-0.0034420898181985117,-0.006429096496258899
BTCUSDT,2026-07-06T11:55:00+00:00,oi_expansion_continuation,0.017428171270836373,-0.0090266150112303,0.012261775327286003,-0.016042346953802886,-0.02411722061736037
BTCUSDT,2026-07-06T12:30:00+00:00,oi_contraction_reversal,-0.0006670217733939668,-0.012429245370817736,-0.009182079657708328,0.022613103518102404,0.03208712634979957
BTCUSDT,2026-07-06T12:35:00+00:00,oi_expansion_continuation,0.00017889609415340743,-0.013532473566727961,0.007990599958193654,-0.025848350736327776,-0.03232760813043935
BTCUSDT,2026-07-06T12:40:00+00:00,oi_contraction_reversal,-0.0037270807860242884,-0.01760955573506375,-0.0025685313298264827,0.030791030776463273,0.036131192075074495
BTCUSDT,2026-07-06T12:55:00+00:00,oi_expansion_continuation,0.0004805418372955747,-0.018325793143444638,-0.0002486785853855612,-0.03148392579621105,-0.03876574175612161
BTCUSDT,2026-07-06T15:50:00+00:00,oi_contraction_reversal,-0.005024863627892521,0.008924176815391033,-0.003610647293973208,-0.005258499674238011,0.004987312031608961
BTCUSDT,2026-07-06T16:30:00+00:00,oi_expansion_continuation,0.0011181539081689792,0.022613103518102404,0.0031811817139840103,0.004472031633129893,-0.005433866636378575
BTCUSDT,2026-07-06T17:00:00+00:00,oi_contraction_reversal,-0.0016006539007291062,0.03437029570211696,0.0007045629765100601,-0.0006548144875691585,0.010741421393816177
BTCUSDT,2026-07-06T17:05:00+00:00,oi_expansion_continuation,0.0022026408477418217,0.034481040006149016,-0.0035932005721713905,0.008157670702249731,-0.013742801043188028
BTCUSDT,2026-07-06T17:10:00+00:00,oi_contraction_reversal,-0.000401044116199984,0.03521203266511127,0.002474284537154356,-0.007203717857584723,0.016329778031746473
BTCUSDT,2026-07-06T19:15:00+00:00,oi_expansion_continuation,0.003279253885409953,0.022239454559772883,-0.0036019051330208377,0.005147224149986292,-0.008102470571871974
BTCUSDT,2026-07-06T21:05:00+00:00,oi_contraction_reversal,-0.008520350895770043,0.008157670702249731,0.0013236470467229613,0.007024210595421914,0.019795345150106565
BTCUSDT,2026-07-07T01:10:00+00:00,oi_expansion_continuation,0.004502610011472357,-0.005287740462304803,0.002337941836060207,0.01824575542702645,0.009946653684533957
BTCUSDT,2026-07-07T04:20:00+00:00,oi_contraction_reversal,-0.0001122756837937864,-0.01639930096727443,-0.0033279330437880356,-0.0007932734902782396,0.012956067052517853
BTCUSDT,2026-07-07T09:30:00+00:00,oi_expansion_continuation,0.0007284553007480722,0.0007636018931951161,0.0013375340571851356,0.00012984935909067876,0.004892519101515932
BTCUSDT,2026-07-07T12:05:00+00:00,oi_contraction_reversal,-0.0033238596597258835,0.011429164519252261,0.006576582651681895,-0.0013044763766646042,0.004909920163139287
BTCUSDT,2026-07-07T16:05:00+00:00,oi_expansion_continuation,0.0014506359305151407,0.0013044763766646042,0.0035033727784769537,-0.0024782738399487785,-0.01627270817615392
BTCUSDT,2026-07-07T19:30:00+00:00,oi_contraction_reversal,-0.0011442670918880033,6.542177262521964e-05,0.001882348325437504,0.00325105076299972,0.01426485795005839
BTCUSDT,2026-07-07T19:40:00+00:00,oi_expansion_continuation,0.0005850744376456039,-0.0005822021542097911,0.0019132693932016566,0.0056029606299259635,0.01531843704457603
BTCUSDT,2026-07-07T19:45:00+00:00,oi_contraction_reversal,-0.002538429317123686,-0.0020232700954108513,-0.003766488706489997,-0.0069886605211686515,-0.01578110132255671
BTCUSDT,2026-07-08T02:05:00+00:00,oi_expansion_continuation,3.7298110453031535e-05,-0.00915830913325404,-0.00299385806350653,0.0031201128848792384,0.012268425614864183
BTCUSDT,2026-07-08T06:05:00+00:00,oi_contraction_reversal,-0.0017443679972482232,-0.0031201128848792384,-0.0003209665451682775,-0.011217292763865435,-0.006756360242017723
BTCUSDT,2026-07-08T09:00:00+00:00,oi_expansion_continuation,0.001358449713832493,-0.010886749776922467,0.002533737534244096,0.0028602566701485675,1.1274783383337897e-05
ETHUSDT,2026-01-05T06:05:00+00:00,oi_expansion_continuation,0.0016244789749940848,-0.010575245682001584,0.00020289827574361186,-0.005617569897867979,-0.015017028885391356
ETHUSDT,2026-01-05T06:35:00+00:00,oi_contraction_reversal,-0.000664829113787612,-0.011719141286621519,0.001506254368847119,0.005386626180252276,0.013374667909531419
ETHUSDT,2026-01-05T08:25:00+00:00,oi_expansion_continuation,0.0007491266668391188,0.0005635272501838675,-0.0015869456529801608,0.0022284763402075293,0.0294095244428941
ETHUSDT,2026-01-05T09:45:00+00:00,oi_contraction_reversal,-0.0021947614794288156,0.004569796881954391,-0.0004425668153139417,0.007443354082986887,-0.022608931705601187
ETHUSDT,2026-01-05T19:30:00+00:00,oi_expansion_continuation,0.00012936636433343092,0.014595415794042312,0.006033944833841542,0.0015116500355855174,-0.002313198880744688
ETHUSDT,2026-01-05T19:35:00+00:00,oi_contraction_reversal,-0.001025170461668037,0.011694105766237192,-0.010732929350019647,-0.003559304084749724,0.0013778747734453857
ETHUSDT,2026-01-05T19:40:00+00:00,oi_expansion_continuation,0.0034887865477583164,0.008284019071303694,0.0073592513525824075,0.003526655770645249,-0.00029833306621746355
ETHUSDT,2026-01-05T20:00:00+00:00,oi_contraction_reversal,-0.003039396242806879,0.011847053566978408,-0.0026272623795661355,0.002134644216850496,0.004264544061101734
ETHUSDT,2026-01-05T21:50:00+00:00,oi_expansion_continuation,0.0005006619866981398,0.009866044643886707,-0.0006936516333848906,-0.0075341481469178625,-0.00514834116500376
ETHUSDT,2026-01-05T21:55:00+00:00,oi_contraction_reversal,-0.004221656308598245,0.007621224629569554,-0.0005294063643587425,0.006186820901963908,0.004665185369605493
ETHUSDT,2026-01-06T00:00:00+00:00,oi_expansion_continuation,0.0024544017134510497,-0.002134644216850496,0.0027011244224397564,0.0013512007906858819,-0.002013012098099092
ETHUSDT,2026-01-06T00:20:00+00:00,oi_contraction_reversal,-0.00010003327476091772,-0.0066409509604761045,0.0047494911469764915,0.003447934116956096,0.007664509239132277
ETHUSDT,2026-01-06T00:25:00+00:00,oi_expansion_continuation,0.005994889062009872,-0.012440270654601352,-0.007027218038138428,-0.0017503546636834164,-0.006293816913225306
ETHUSDT,2026-01-06T02:15:00+00:00,oi_contraction_reversal,-2.007389857502215e-05,-0.008446245892106914,0.001735159847988669,0.0009481268792211057,0.022272498682243423
ETHUSDT,2026-01-06T02:20:00+00:00,oi_expansion_continuation,0.0007371174933826652,-0.008376121050086324,0.00022928181267331622,-0.0006549393195037645,-0.025247228773790733
ETHUSDT,2026-01-06T04:00:00+00:00,oi_contraction_reversal,-5.314686378845597e-05,-0.0013512007906858819,-0.00034598795849949193,-0.0007786990535653502,0.01530139657485239
ETHUSDT,2026-01-06T04:05:00+00:00,oi_expansion_continuation,0.0001889491417599116,0.002479620235931785,-0.0019990945097890277,-0.0008625545877924579,0.01092251903373619
ETHUSDT,2026-01-06T04:10:00+00:00,oi_contraction_reversal,-0.0004000403251073172,0.0043796776672493315,0.0018609997745184575,0.0030124068061306727,-0.011241373622389026
ETHUSDT,2026-01-06T04:15:00+00:00,oi_expansion_continuation,0.00015116681668785831,0.0032014388354728723,-0.0008898753171956815,-0.0024469715963190285,0.011729599153649932
ETHUSDT,2026-01-06T10:50:00+00:00,oi_contraction_reversal,-0.0018519985092486605,-0.004465744850531557,0.0021006105335069905,0.013760515871992066,0.01383076407725588
ETHUSDT,2026-01-06T11:25:00+00:00,oi_expansion_continuation,0.0008020444890958905,0.006113833637803405,0.00014477035503120825,0.017343027464690682,0.014499648248640386
ETHUSDT,2026-01-06T13:00:00+00:00,oi_contraction_reversal,-0.0010225455639028265,0.003031760955950231,-0.0029141950790598135,-0.005629796635937707,-0.010241030181281948
ETHUSDT,2026-01-07T00:50:00+00:00,oi_expansion_continuation,0.0002359210392064923,0.007238941751409994,-0.007727706887090628,-0.003493132223373212,-0.016191355185292963
ETHUSDT,2026-01-07T02:35:00+00:00,oi_contraction_reversal,-3.409098172154043e-05,-0.0020094167508436047,0.002188003919570796,-0.0032097992228298415,-0.022294355518966236
ETHUSDT,2026-01-07T02:50:00+00:00,oi_expansion_continuation,0.0008756476474328507,-0.001402844121655968,0.0009638761415819374,0.006289560462167872,0.025047838186256242
ETHUSDT,2026-01-07T04:45:00+00:00,oi_contraction_reversal,-3.125555018235751e-05,-0.0027433502142642043,-0.002879123715808742,-0.0016026226927564845,-0.030811678004860933
ETHUSDT,2026-01-07T05:05:00+00:00,oi_expansion_continuation,0.0004038841740521203,-0.0046459254339458215,0.001433603789546262,0.004468790602158587,0.029111145390316777
ETHUSDT,2026-01-07T09:10:00+00:00,oi_contraction_reversal,-7.748893978061959e-05,-0.006492397511080749,-0.007765931516921866,-0.00979053629545172,-0.028260925924495195
ETHUSDT,2026-01-07T09:15:00+00:00,oi_expansion_continuation,0.0011559586456058421,-0.008191407983405459,0.00721237429199552,0.006592464771422584,0.02734378072857694
ETHUSDT,2026-01-07T09:20:00+00:00,oi_contraction_reversal,-0.002720326118500037,-0.009991813258715867,-0.0052462747702200045,-0.0016201724278548074,-0.025348900643558103
ETHUSDT,2026-01-07T09:55:00+00:00,oi_expansion_continuation,0.003237565793879748,-0.014800286910351377,-0.005385376580526748,-0.003467018513778422,0.016048318967629312
ETHUSDT,2026-01-07T11:20:00+00:00,oi_contraction_reversal,-0.0010898410100460114,-0.010162282868467126,-0.002890544567519495,-0.02169701950927654,-0.014970196857041483
ETHUSDT,2026-04-06T13:20:00+00:00,oi_contraction_reversal,-0.00023305072075516578,-0.010996039003799257,0.006815351551490397,-0.0031559853409368296,-0.01365326098072038
ETHUSDT,2026-04-06T13:35:00+00:00,oi_expansion_continuation,0.00030002072952087607,-0.006315434090237056,-0.001253262928803286,0.0036752740539129193,0.016797131486476283
ETHUSDT,2026-04-06T18:20:00+00:00,oi_contraction_reversal,-0.00662726585142104,-0.005834881501004731,-0.0003033761116916442,-0.006167959602614466,-0.02074109528105369
ETHUSDT,2026-04-07T03:40:00+00:00,oi_expansion_continuation,0.0005525599923191407,0.002624673086423466,0.002042524055763721,-0.0026559843375006764,-0.01496630041308561
ETHUSDT,2026-04-07T11:00:00+00:00,oi_contraction_reversal,-0.00010275310840366239,-0.007960223092284372,0.0013518179693215618,-0.00813500133452734,0.06313629332790192
ETHUSDT,2026-04-07T11:10:00+00:00,oi_expansion_continuation,0.00020370393919218898,-0.006080207349955972,0.0024853649072751555,0.00887060305103029,-0.06559728248581348
ETHUSDT,2026-04-07T11:15:00+00:00,oi_contraction_reversal,-0.0006758369025560222,-0.0059852184875955165,-0.0023460081559345514,-0.005424232440687803,0.06616805384400376
ETHUSDT,2026-04-07T22:30:00+00:00,oi_expansion_continuation,0.005247547660014358,0.037627296076643835,0.03452092754609821,0.02593925025574871,0.03036633907461931
ETHUSDT,2026-07-06T04:00:00+00:00,oi_expansion_continuation,0.00247867176510795,-0.0032489983340947986,0.003333140582138033,0.0035329985560135536,-0.0026147519994813937
ETHUSDT,2026-07-06T05:25:00+00:00,oi_contraction_reversal,-0.00193240601964319,-0.012210774794266391,0.002692617091165988,-0.003025737664072935,0.015778730577805898
ETHUSDT,2026-07-06T05:55:00+00:00,oi_expansion_continuation,0.0001658217143463408,-0.006750116495491726,0.0026222465013489276,0.008767035557428743,-0.00791770122523651
ETHUSDT,2026-07-06T06:35:00+00:00,oi_contraction_reversal,-0.00023619314932207374,-0.006356741837383271,0.0001410528753144835,0.0004569391363249017,0.011562119529648274
ETHUSDT,2026-07-06T06:45:00+00:00,oi_expansion_continuation,3.761576604560366e-05,-0.005325887242938314,-0.0011869134588295774,0.00091209372513478,-0.012135060330515299
ETHUSDT,2026-07-06T06:50:00+00:00,oi_contraction_reversal,-0.0009002501476029027,-0.008193800883489111,0.001803618232347498,0.00010782997031351004,0.014140893996395475
ETHUSDT,2026-07-06T07:30:00+00:00,oi_expansion_continuation,0.0013040650308496237,-0.002555389282082743,0.002304673263324463,-0.001575403791119007,-0.013212006434352743
ETHUSDT,2026-07-06T07:40:00+00:00,oi_contraction_reversal,-5.6967822253942375e-05,-0.0007423614827380699,-0.004935546004770222,-0.0012910975089535377,0.011721619292162136
ETHUSDT,2026-07-06T07:55:00+00:00,oi_expansion_continuation,0.00023055173900327089,-0.0042219803754459705,0.0036672466412051505,0.006950342355286227,-0.011587262625741557
ETHUSDT,2026-07-06T08:15:00+00:00,oi_contraction_reversal,-7.721409627969423e-05,-0.00502600375080918,-0.0045805384085664735,-0.012305059070771365,0.008626775814981582
ETHUSDT,2026-07-06T08:20:00+00:00,oi_expansion_continuation,0.0006517054457637413,-0.004481372255499131,0.004795736080231504,0.012490080489483291,-0.009664806561654757
ETHUSDT,2026-07-06T10:55:00+00:00,oi_contraction_reversal,-0.00044320341847277827,0.0007895538282625161,0.006236304805561434,0.010848495892189045,-0.019778479687384335
ETHUSDT,2026-07-06T11:40:00+00:00,oi_expansion_continuation,0.0005302711728244928,-0.0012910975089535377,0.01865997822282695,-0.002699422024609759,-0.015475338688241193
ETHUSDT,2026-07-06T11:55:00+00:00,oi_contraction_reversal,-0.0012770196290155871,-0.006950342355286227,-0.010896601905809438,0.016174442384595263,0.022302640311901954
ETHUSDT,2026-07-06T16:00:00+00:00,oi_expansion_continuation,0.006953388899845609,0.026333548464802466,0.0027090049011593794,0.0009936932565079546,-0.009053704158522538
ETHUSDT,2026-07-06T16:55:00+00:00,oi_contraction_reversal,-7.920014000231848e-05,0.029328179805189012,0.002444879195495099,-0.00022320183118158904,0.014746287670681644
ETHUSDT,2026-07-06T17:50:00+00:00,oi_expansion_continuation,0.0014189912049015457,0.021664341572756537,0.0036461105640337907,0.0155797209404579,-0.008675889322116869
ETHUSDT,2026-07-06T18:10:00+00:00,oi_contraction_reversal,-0.0002629325864926224,0.02331569967974213,-0.003494292286489998,-0.013898114384163652,0.012671787836740552
ETHUSDT,2026-07-06T18:20:00+00:00,oi_expansion_continuation,0.0015909389496279092,0.02526446598274949,0.0026083610244949504,0.010160540441514872,-0.0138965813068723
ETHUSDT,2026-07-06T19:45:00+00:00,oi_contraction_reversal,-0.001969705589919923,0.0118504998327406,0.0013651078311242347,-0.0026595128831389363,0.012233682801675132
ETHUSDT,2026-07-06T20:05:00+00:00,oi_expansion_continuation,0.0018792885086240936,-0.0031879633559125436,-0.019188812937483795,-0.006134060321294903,0.010397411170527436
ETHUSDT,2026-07-06T21:05:00+00:00,oi_contraction_reversal,-0.0023929281049297146,0.015319888574117254,0.00572885757152869,0.016123439481496395,0.02869938624800266
ETHUSDT,2026-07-07T09:10:00+00:00,oi_expansion_continuation,0.000469792852588542,0.009117571223885058,0.003055777310836892,0.001458467222534459,0.006635192899455378
ETHUSDT,2026-07-07T17:45:00+00:00,oi_contraction_reversal,-0.000321272986534622,0.015280366730775114,0.005573355153197655,0.016183985130144407,0.030680409022504403
ETHUSDT,2026-07-07T18:05:00+00:00,oi_expansion_continuation,0.0002022544371242493,0.017753042318897648,-0.01342256995967086,-0.016545816542681047,-0.028918266666048145
ETHUSDT,2026-07-07T18:15:00+00:00,oi_contraction_reversal,-0.0008354180164846302,0.01857136733576774,0.014059102394005436,0.01607975424904045,0.029977884087254728
ETHUSDT,2026-07-07T18:35:00+00:00,oi_expansion_continuation,0.0015731538129247567,0.019193326090593887,-0.007623783587803956,-0.014386716823142964,-0.03144541059285834
ETHUSDT,2026-07-07T18:50:00+00:00,oi_contraction_reversal,-0.002817243709756831,0.0012315352799170572,-0.0005042278585921801,0.0075891031192383595,0.019838857269447285
ETHUSDT,2026-07-08T01:45:00+00:00,oi_expansion_continuation,0.0014009262547907692,-0.009528814427714248,0.0014409709873571428,0.004967609464645701,0.015264143631364168
ETHUSDT,2026-07-08T08:20:00+00:00,oi_contraction_reversal,-0.004289138994956102,-0.01286842683485904,-0.0019807905904319994,0.006453136754224931,0.0012502054096698192
BNBUSDT,2026-01-05T04:25:00+00:00,oi_contraction_reversal,-0.005477481122007237,-0.006330538795867456,0.0028411970029394613,0.00886594892999048,0.014026536241128006
BNBUSDT,2026-01-05T10:25:00+00:00,oi_expansion_continuation,0.003552801848269276,0.011828142701737732,-9.94656485151443e-05,-0.002146232196443337,0.009798447532531639
BNBUSDT,2026-01-05T16:00:00+00:00,oi_contraction_reversal,-0.0002765227652045003,-3.112976052731902e-05,-0.003287411737000946,0.006459301224335814,0.0017592278651242278
BNBUSDT,2026-01-05T17:40:00+00:00,oi_expansion_continuation,0.0002851009351170034,0.0023500824050946617,0.0017959292719258533,0.00717472746178569,0.0005042175745610077
BNBUSDT,2026-01-05T17:50:00+00:00,oi_contraction_reversal,-0.00016750871839391637,0.0032812451758838933,-0.0016531115316596086,-0.006442697864791434,0.0003971537368106034
BNBUSDT,2026-01-05T17:55:00+00:00,oi_expansion_continuation,0.0011986331572476194,0.003156721350769638,0.0018279930208665949,0.005967149032234529,-0.0013288970867634247
BNBUSDT,2026-01-05T23:25:00+00:00,oi_contraction_reversal,-4.850003767491677e-05,-0.0005260043516636296,-0.00294195346993246,-0.005121059138359412,0.00132234144513447
BNBUSDT,2026-01-06T09:25:00+00:00,oi_expansion_continuation,0.0008005238299833643,0.00960239647769123,0.00012590067364161154,0.0010010402048489155,-0.00016963186171583348
BNBUSDT,2026-01-06T14:05:00+00:00,oi_contraction_reversal,-0.00044073340970689104,0.0016943292137925176,-0.006809717331149576,0.018563014781374933,0.0086706591579498
BNBUSDT,2026-01-06T14:15:00+00:00,oi_expansion_continuation,0.010412014130318609,0.006808088786723382,0.002300722703515332,-0.02248293830866487,-0.01358615485291958
BNBUSDT,2026-01-06T16:35:00+00:00,oi_contraction_reversal,-0.00028756222909877104,-0.002477505423711046,-0.001202115949177158,-0.003805675522318134,0.00010991305888126215
BNBUSDT,2026-01-06T22:10:00+00:00,oi_expansion_continuation,3.9724611733629357e-05,0.015010084116049222,0.005539148951134311,-0.004765145943766908,-0.0019062392416236917
BNBUSDT,2026-01-06T22:30:00+00:00,oi_contraction_reversal,-0.00038981775194694285,0.012712068889417545,-0.006377665326677252,0.003632036851879688,0.002748729397133511
BNBUSDT,2026-01-06T22:40:00+00:00,oi_expansion_continuation,0.00023455989940150462,0.012720489861986626,0.006169455201631773,-0.001370080939473679,-0.0029996805198254247
BNBUSDT,2026-01-07T01:25:00+00:00,oi_contraction_reversal,-0.00016726048097963676,-0.005860149301718851,0.0013616668083763232,0.005260195492165599,-0.0005425610415092379
BNBUSDT,2026-01-07T01:45:00+00:00,oi_expansion_continuation,0.00011077835802035105,-0.006220837002672714,-0.004609727674165456,-0.006832213738062805,0.002137710847191401
BNBUSDT,2026-01-07T01:50:00+00:00,oi_contraction_reversal,-0.000698057997138032,-0.00672665460259223,0.005694826296607597,0.00696568331001078,-0.0023273920024631236
BNBUSDT,2026-01-07T02:05:00+00:00,oi_expansion_continuation,0.00021249405932812385,-0.0075239264011912515,-0.005467437895026104,-0.005434587283180411,0.008667372422934427
BNBUSDT,2026-01-07T03:10:00+00:00,oi_contraction_reversal,-0.0005240670955171206,-0.005987652317887963,-0.0034497529200931136,0.004452030497816134,-0.0141959345501731
BNBUSDT,2026-01-07T05:15:00+00:00,oi_expansion_continuation,0.0030516157517228183,0.007603380470688591,4.376846482812995e-05,0.0008994484737929765,-0.014721205203077702
BNBUSDT,2026-01-07T11:45:00+00:00,oi_contraction_reversal,-0.0013979009260243847,-0.007469209342767237,-0.004076077225011505,-0.011392737895908339,-0.012203556255937815
BNBUSDT,2026-04-06T04:00:00+00:00,oi_expansion_continuation,0.0005817873311683435,-0.006557755734364266,0.0018723865916969052,-0.004418422394824777,-0.011518789410521653
BNBUSDT,2026-04-06T04:35:00+00:00,oi_contraction_reversal,-0.0003753736983008607,-0.006118254711283833,0.00026218409354920326,0.006356052143186118,0.012071782145877685
BNBUSDT,2026-04-06T05:20:00+00:00,oi_expansion_continuation,0.0008061374762298264,-0.0006245576132440602,-0.0003409122142701858,-0.012477764748621074,-0.005588783939644445
BNBUSDT,2026-04-06T09:25:00+00:00,oi_contraction_reversal,-0.0007939039670312149,0.01133680079763245,0.0006578392310582875,0.003630422176252508,0.002686290898823593
BNBUSDT,2026-04-06T13:20:00+00:00,oi_expansion_continuation,0.0009896104722112082,-0.006097909667749627,-0.0035143234417620932,0.0007910711412271056,0.009221742040777763
BNBUSDT,2026-04-06T13:50:00+00:00,oi_contraction_reversal,-0.00021100219403069219,-0.00012532286770424174,0.00048603557218275463,-0.003230882518185602,-0.014542200460949409
BNBUSDT,2026-04-06T14:00:00+00:00,oi_expansion_continuation,4.905853381071465e-05,-0.004351703039938198,-0.004376922926526152,0.0023816623344875003,0.013354042044536062
BNBUSDT,2026-04-06T15:00:00+00:00,oi_contraction_reversal,-0.00032297211693848877,0.0031057188261659594,-0.0009775995995416641,0.0023305825200484777,0.015083694315764682
BNBUSDT,2026-04-07T03:20:00+00:00,oi_expansion_continuation,0.00011502698244277535,0.0002825734061530972,-0.00013224142274064914,-0.0011632926324394147,-0.003009171115863171
BNBUSDT,2026-04-07T03:25:00+00:00,oi_contraction_reversal,-0.0003926584818786404,0.0015354952183809897,0.0005421295203137173,0.001561523152988096,0.0014110554489250556
BNBUSDT,2026-04-07T03:35:00+00:00,oi_expansion_continuation,0.0001440647081742549,-0.0011173092356456056,-0.0015005755020748458,0.001352445878738835,0.0018485112222450765
BNBUSDT,2026-04-07T04:05:00+00:00,oi_contraction_reversal,-3.5531896436317486e-05,-0.0024824009561160384,-0.0004877885806602868,0.0014970046184973036,0.00024370065811761524
BNBUSDT,2026-04-07T04:25:00+00:00,oi_expansion_continuation,0.00038615989528022096,-0.0028188061263371964,0.0003341129332785758,-0.004226688776075383,-0.003232697160103983
BNBUSDT,2026-04-07T14:35:00+00:00,oi_contraction_reversal,-0.0010017000137120175,-0.005425461046327807,0.004758147096246467,0.014928235042710307,0.03356703663422914
BNBUSDT,2026-04-07T16:00:00+00:00,oi_expansion_continuation,0.00031865443387726455,0.004681474482152238,0.004470312820885381,0.015593641028285121,0.023570798164730598
BNBUSDT,2026-04-07T16:05:00+00:00,oi_contraction_reversal,-0.0017593082634581548,0.009332882237541995,-0.0041452504118166976,-0.016597266644054507,-0.02578407233122406
BNBUSDT,2026-04-07T16:20:00+00:00,oi_expansion_continuation,0.0013477707808614164,0.005987989676557577,0.004100725757536869,0.012963165348880427,0.02496788144461394
BNBUSDT,2026-04-07T16:55:00+00:00,oi_contraction_reversal,-0.00012386850473851177,0.005104153917084013,-0.0055115291078004745,-0.010991337238007265,-0.023111981926756297
BNBUSDT,2026-04-07T17:00:00+00:00,oi_expansion_continuation,0.00011214505775003421,0.0058587741028438365,0.0031351479107839713,0.01061688142781998,0.021732490808332786
BNBUSDT,2026-04-07T17:05:00+00:00,oi_contraction_reversal,-8.496526829959281e-05,0.0043092156946644,-0.004147880726320164,-0.01608802652738506,-0.023593625316988883
BNBUSDT,2026-04-07T17:20:00+00:00,oi_expansion_continuation,8.928416829893118e-05,0.008000473687795311,0.002665774486218454,0.013228877379284404,0.023432871551380602
BNBUSDT,2026-04-07T17:30:00+00:00,oi_contraction_reversal,-0.0001874440434510579,0.008933012351221594,-0.0019514679972326638,-0.011104861584207986,-0.02067105978590668
BNBUSDT,2026-04-07T17:40:00+00:00,oi_expansion_continuation,0.0009660450814614955,0.012346199152844186,-0.0018119906900618623,0.011941546948049355,0.01795590427955344
BNBUSDT,2026-04-07T18:00:00+00:00,oi_contraction_reversal,-3.574326570506442e-06,0.014194384701747824,0.0008493229493518918,-0.014433694039062838,-0.01848580741194751
BNBUSDT,2026-04-07T18:20:00+00:00,oi_expansion_continuation,0.000184800339843979,0.012670693612328856,0.0012066334864735374,0.016934462804088637,0.020291883893740054
BNBUSDT,2026-04-07T20:05:00+00:00,oi_contraction_reversal,-0.00036242356963330787,0.016597266644054507,-0.0036360102951472134,-0.01802606796456012,-0.006346216035698909
BNBUSDT,2026-04-07T20:55:00+00:00,oi_expansion_continuation,0.0002212988866644104,0.010991337238007265,0.006563666893246651,0.0160025098177413,0.008083172759734221
BNBUSDT,2026-04-07T21:00:00+00:00,oi_contraction_reversal,-9.410054227774098e-05,0.01061688142781998,-0.00695196052202699,-0.013631599532775918,-0.007951961536529316
BNBUSDT,2026-04-08T00:05:00+00:00,oi_expansion_continuation,0.0003673836628367761,0.01802606796456012,-0.0020416140848486166,-0.008839262277390552,-0.01042519773105217
BNBUSDT,2026-04-08T08:40:00+00:00,oi_contraction_reversal,-0.002187205649265552,-0.0055915121538154845,-0.0008425113061090685,0.002338736296831962,-0.01311754673145255
BNBUSDT,2026-04-08T09:05:00+00:00,oi_expansion_continuation,0.00035630533644921166,-0.0037731804867326543,0.0023942377503262673,-0.0025167554035546657,0.013538408611026547
BNBUSDT,2026-07-06T04:00:00+00:00,oi_contraction_reversal,-0.009519233809736847,-0.008175937710338943,-0.003641994638548129,-0.005452052151416455,-0.0035220936423696458
BNBUSDT,2026-07-06T16:00:00+00:00,oi_expansion_continuation,0.0007967980698782538,0.018826675632709945,0.0027715293168220686,0.00027730381031163795,-0.007971804500623274
BNBUSDT,2026-07-06T16:10:00+00:00,oi_contraction_reversal,-0.0008715834606573206,0.017639301826630118,0.0010662441402698455,0.0031222177211734157,0.012114203237284819
BNBUSDT,2026-07-06T16:15:00+00:00,oi_expansion_continuation,6.198729084495843e-05,0.01777363649773798,-0.0018673570174288644,-0.004215986871858397,-0.014013076675038344
BNBUSDT,2026-07-06T16:20:00+00:00,oi_contraction_reversal,-0.00019559642883411907,0.01587487629590734,-0.0008073853297686579,0.0015568656712398909,0.010886125259997985
BNBUSDT,2026-07-06T17:05:00+00:00,oi_expansion_continuation,0.00037073564293670845,0.024400261597644246,-0.002973395447558038,0.007445848254688864,-0.012757581906934351
BNBUSDT,2026-07-06T17:20:00+00:00,oi_contraction_reversal,-0.0007010401237934172,0.023547715764626415,0.0007640644290323193,-0.007330372620219046,0.013094083151358321
BNBUSDT,2026-07-07T04:40:00+00:00,oi_expansion_continuation,0.00022069176744352157,-0.013618503293242119,-0.0018484133960696854,0.0009142683191021686,-0.013485425170315585
BNBUSDT,2026-07-07T14:20:00+00:00,oi_contraction_reversal,-0.000642344575586471,-0.0035750300350908004,0.009184291049260803,0.012572848508500201,-0.01232923687700353
BNBUSDT,2026-07-07T22:00:00+00:00,oi_expansion_continuation,0.0016275699275912219,-0.011893444197069437,-0.0012958853140921849,0.011966608865240497,0.029977662261747924
BNBUSDT,2026-07-08T08:25:00+00:00,oi_contraction_reversal,-0.000611340234252162,-0.012238292308207497,-0.0008993993800676808,0.005564824908906861,0.008159409510239019
BNBUSDT,2026-07-08T08:45:00+00:00,oi_expansion_continuation,0.0010164986250970943,-0.008536821985604898,0.0023318270656842964,-0.0011004798209390259,-0.005333300767474713
BNBUSDT,2026-07-08T08:55:00+00:00,oi_contraction_reversal,-0.00038791501993578866,-0.014279645308418368,-0.00017509809697275561,0.004369145910295913,0.008442535460620314
BNBUSDT,2026-07-08T10:30:00+00:00,oi_expansion_continuation,4.503732347563212e-05,-0.006299344891962307,-0.0006197574810858621,-0.0040212987873829735,-0.008682681384350995
BNBUSDT,2026-07-08T10:35:00+00:00,oi_contraction_reversal,-0.00017135824861570344,-0.005503415913023347,-0.00040821035823792234,0.0022022889643367577,0.007458596425932022
BNBUSDT,2026-07-08T10:40:00+00:00,oi_expansion_continuation,0.00020982246723751953,-0.005735029286980668,-0.003573075424051352,-0.003346347409162878,-0.008262144907240684
BNBUSDT,2026-07-08T10:45:00+00:00,oi_contraction_reversal,-0.00023878101769056874,-0.007043338275133682,0.004321771454616124,0.0017033663338888458,0.008442794287266677
BNBUSDT,2026-07-08T11:00:00+00:00,oi_expansion_continuation,9.149017223548177e-05,-0.006151993837598676,-0.006643954102678262,-0.0014388363896611265,-0.01060924105365084
BNBUSDT,2026-07-08T11:05:00+00:00,oi_contraction_reversal,-0.0005723831496664343,-0.004871895651263271,0.005912986813507118,-0.0012045778201096823,0.009468653184725288
BNBUSDT,2026-07-08T11:25:00+00:00,oi_expansion_continuation,0.00019627610884232407,-0.008038082848340643,-0.004308063914517579,0.002003454244841382,-0.00845537206568894
XRPUSDT,2026-01-05T07:40:00+00:00,oi_expansion_continuation,0.0008678479788093284,-0.0030136989645282255,-0.002395081798232522,0.0015988807929860043,-0.06187897624043954
XRPUSDT,2026-01-05T13:40:00+00:00,oi_contraction_reversal,-0.0014501617602059183,-0.01331348343366171,0.013458793924287194,0.03544076392182392,0.11403289541318991
XRPUSDT,2026-01-05T14:30:00+00:00,oi_expansion_continuation,0.0032857830157758967,-0.007833518052334655,-0.019236216285037227,-0.052379046530586795,-0.12128544648823507
XRPUSDT,2026-01-06T04:15:00+00:00,oi_contraction_reversal,-0.0003633849405516197,0.02263400607188241,-0.00984232640371911,0.017879728890868023,0.01899192907716625
XRPUSDT,2026-01-06T05:30:00+00:00,oi_expansion_continuation,0.0009064401679081691,0.0009537577818625707,-0.005506739977220569,-0.022202902375886492,-0.04687711727113152
XRPUSDT,2026-01-06T10:10:00+00:00,oi_contraction_reversal,-0.002667486660791802,-0.01621805171499923,0.005970166986503975,0.01345642813467781,-0.032720460412152014
XRPUSDT,2026-01-07T03:25:00+00:00,oi_expansion_continuation,0.001173958433987316,-0.010988436086377997,0.003172642542212646,-0.0012859868253572153,0.035937600261148714
XRPUSDT,2026-04-06T05:20:00+00:00,oi_expansion_continuation,0.005123596759648852,0.007817862452491857,0.0028165521538363026,0.011272948515401825,0.0016239461687131782
XRPUSDT,2026-04-06T09:15:00+00:00,oi_contraction_reversal,-0.00018343189032370266,0.00960004167022079,-0.002285788231203653,0.006394074338977125,0.010999407302082027
XRPUSDT,2026-04-06T09:45:00+00:00,oi_expansion_continuation,0.0007319760407650335,0.011588303799606214,-0.000127792507803272,-0.006817871377814303,-0.013158573685205082
XRPUSDT,2026-04-06T10:20:00+00:00,oi_contraction_reversal,-0.0005387935734079501,0.00978510401995478,0.004435908501137944,0.0036593725017696425,0.018163369665952257
XRPUSDT,2026-04-07T04:00:00+00:00,oi_expansion_continuation,0.0018465334092296838,-0.0035031212254779615,-0.0005318542844664861,0.0028159385402274444,0.012221260327882831
XRPUSDT,2026-04-07T04:40:00+00:00,oi_contraction_reversal,-0.00018883294525349958,-0.0030558753286730965,-0.005963631380231489,-0.0003582843415597023,-0.01273201026491131
XRPUSDT,2026-04-07T06:40:00+00:00,oi_expansion_continuation,0.0007510471355385398,-0.004800923681197426,-0.0022225226366894397,-2.0723946895204316e-05,0.004670580061208205
XRPUSDT,2026-04-07T07:40:00+00:00,oi_contraction_reversal,-1.2290127623770075e-05,-0.0026760243771121995,0.0042706205541176104,-0.005435991354541696,-0.004934959715063621
XRPUSDT,2026-04-07T09:30:00+00:00,oi_expansion_continuation,0.0001543139307694463,0.006927276653356019,-0.006863606731624158,-0.010943507917522906,0.006789916693474324
XRPUSDT,2026-04-07T09:35:00+00:00,oi_contraction_reversal,-0.0007815544958969185,0.007354043162404615,0.008437585689111272,0.011038346416681374,-0.010731919509257918
XRPUSDT,2026-04-07T09:45:00+00:00,oi_expansion_continuation,0.00030982459521158726,0.007863658381483563,-0.008309647370282386,-0.011332808074293819,0.013869471727182397
XRPUSDT,2026-04-07T09:50:00+00:00,oi_contraction_reversal,-0.00010744535972749215,0.007605756165367997,0.009334765692485867,0.0098988092224062,-0.012873291039755737
XRPUSDT,2026-04-07T09:55:00+00:00,oi_expansion_continuation,0.0009352543439165134,0.0066278081811233696,-0.009913891150367858,-0.011445988891459183,0.013687809523813946
XRPUSDT,2026-04-08T08:50:00+00:00,oi_contraction_reversal,-6.975135438071243e-05,0.00206419084085082,-0.001127687095768958,-0.0018861739065640115,0.02310151510494933
XRPUSDT,2026-04-08T08:55:00+00:00,oi_expansion_continuation,0.0004991298697880793,0.0033372056508707004,-0.00014486455189766166,-0.0007245327081189468,-0.023968604449854308
XRPUSDT,2026-04-08T09:15:00+00:00,oi_contraction_reversal,-0.001569515015852675,0.003053702235430182,0.0018168769182831377,-5.725158278511604e-05,0.02442141114835801
XRPUSDT,2026-07-06T07:35:00+00:00,oi_expansion_continuation,9.028146698107928e-05,-0.0001747487990464697,0.003501404137438286,0.0031507115159236988,-0.00630942276600354
XRPUSDT,2026-07-06T12:00:00+00:00,oi_contraction_reversal,-0.004394325996982583,-0.022088749298068176,-0.01176576967430815,0.015608851156329618,0.01980833239364806
XRPUSDT,2026-07-06T12:30:00+00:00,oi_expansion_continuation,9.798559417406786e-05,-0.011719744663974558,0.011137909260673451,-0.01774622694103316,-0.0190688628441974
XRPUSDT,2026-07-06T12:40:00+00:00,oi_contraction_reversal,-0.0022618795770105375,-0.019760045731330254,-0.0025999594681873164,0.029513706959650013,0.023530346307347662
XRPUSDT,2026-07-06T21:00:00+00:00,oi_expansion_continuation,0.0013033235537084833,-0.010268102746710436,-0.007233462190096495,0.0006360808535836527,0.015458837754475383
XRPUSDT,2026-07-06T21:05:00+00:00,oi_contraction_reversal,-0.004533175092470197,0.000614166348424325,0.007001917062433584,0.01321615843522531,0.028718948615524674
XRPUSDT,2026-07-07T01:35:00+00:00,oi_expansion_continuation,1.8266392699399194e-05,-0.010126668817929271,0.004837513281762192,0.01044726723883175,0.01782135151996001
XRPUSDT,2026-07-07T01:50:00+00:00,oi_contraction_reversal,-2.7192245784409266e-06,-0.009901147211329599,-0.010940237623187413,-0.012622919683416802,-0.018044432318471693
XRPUSDT,2026-07-07T01:55:00+00:00,oi_expansion_continuation,0.00014754500062268033,-0.011072958509454535,0.008894427004413924,0.012148410739317456,0.01795793315776106
XRPUSDT,2026-07-07T02:05:00+00:00,oi_contraction_reversal,-0.0007084973720993948,-0.00940447496990078,-0.0054568365344827,-0.01118212385070921,-0.015694152104422966
XRPUSDT,2026-07-07T06:20:00+00:00,oi_expansion_continuation,0.0006961924927062621,-0.008749116831984366,-0.004846588856526738,0.00017754105683558488,-0.0015964526672275878
XRPUSDT,2026-07-07T06:30:00+00:00,oi_contraction_reversal,-0.00023477292434433258,-0.0033064808119920917,-0.0003515670164547605,-0.004703802770985032,-0.003636851482784953
XRPUSDT,2026-07-07T06:35:00+00:00,oi_expansion_continuation,0.0005005630990904167,-0.0037029592960241054,0.0023460787041264283,0.004326750458661552,0.002310500636428646
XRPUSDT,2026-07-07T11:10:00+00:00,oi_contraction_reversal,-0.0010397202819133128,-0.01234012416051882,0.010309487343907641,0.0004076962759876434,-0.0025881786604837606
XRPUSDT,2026-07-07T11:30:00+00:00,oi_expansion_continuation,0.000376948631683122,-0.006489559571103716,-0.005512104994693283,-0.005053359836871369,0.005952278985934798
XRPUSDT,2026-07-07T11:55:00+00:00,oi_contraction_reversal,-0.0005058523742795818,-0.001388623750277112,0.0011551962896595785,0.0047650583257068686,-0.011895851564155235
XRPUSDT,2026-07-07T12:00:00+00:00,oi_expansion_continuation,0.003316820976819453,0.0012776228807476234,-0.002255705028698246,0.0009417397417925161,-0.012448926332794836
XRPUSDT,2026-07-07T12:30:00+00:00,oi_contraction_reversal,-0.0003461421007180351,0.002574461007350639,0.00491584880661848,-3.721891903524468e-05,0.013927553047887386
XRPUSDT,2026-07-07T13:25:00+00:00,oi_expansion_continuation,0.0002449223809960306,-0.003410047517005799,0.006532754003979518,-0.007730279731613814,0.009542666211943038
XRPUSDT,2026-07-07T18:30:00+00:00,oi_contraction_reversal,-0.000832417828605362,0.008836581800497944,0.003293429475625745,0.008926239755460374,0.03461135224255574
XRPUSDT,2026-07-07T18:35:00+00:00,oi_expansion_continuation,0.0019097980864450491,0.013998022358800061,-0.0044448468592237726,-0.00998403729314155,-0.03676851557866882
XRPUSDT,2026-07-07T18:45:00+00:00,oi_contraction_reversal,-0.001593139371029258,0.004733208211448535,0.0004309196322448622,0.00670453501472543,0.029562287457881628
XRPUSDT,2026-07-08T01:05:00+00:00,oi_expansion_continuation,0.00043705468589523,-0.006183646535412168,0.015674160078096383,0.0157951974457416,0.02864175989048145
XRPUSDT,2026-07-08T06:50:00+00:00,oi_contraction_reversal,-0.0007216278102752392,-0.006850905991594106,0.002654585292674402,-0.007974073387960346,-0.0032132228702317217
XRPUSDT,2026-07-08T08:30:00+00:00,oi_expansion_continuation,0.0011773883327130734,-0.012600764564283785,-0.0008738128570093745,-0.003972108127711379,-0.0071936121333644265
XRPUSDT,2026-07-08T08:45:00+00:00,oi_contraction_reversal,-0.0019582604100047345,-0.008312480067349004,-0.002472330160468143,-7.315492881548427e-05,0.006101916809666324
XRPUSDT,2026-07-08T09:25:00+00:00,oi_expansion_continuation,9.475642559082864e-05,-0.014454977093899703,-0.0026365287206804628,-0.0009001419082506004,-0.007539806046317779
XRPUSDT,2026-07-08T09:30:00+00:00,oi_contraction_reversal,-0.001043311647358982,-0.010687557872121677,0.0007308135173280506,0.0012527655413825808,0.0059521522133906156
XRPUSDT,2026-07-08T09:40:00+00:00,oi_expansion_continuation,0.0011563797552592873,-0.009333833991444385,-0.0020330845188022482,-0.0014399064077901182,-0.006911656050411585
