symbol,side,entry_time,exit_time,entry_price,exit_price,quantity,net_pnl,normalized_return,fees,funding_pnl,exit_reason
SOLUSDT,LONG,1681434180000,1681436580000,24.6833355,25.191398000000003,162.05265289206963,78.29170952199792,0.01957292738049948,4.041166437979989,0,take_profit
SOLUSDT,LONG,1696258860000,1696261800000,24.196092,23.8130875,178.25882122154238,-72.55296056528766,-0.01682127385488526,4.279029872741719,0,stop_loss
SOLUSDT,LONG,1700128860000,1700134440000,65.5757715,64.4307685,61.34819162328637,-74.23169651733815,-0.018452032546807363,3.987833064100222,0,stop_loss
SOLUSDT,SHORT,1714143660000,1714170360000,143.3632825,140.132031,25.99011507536798,80.61189784884982,0.021634806102044116,3.684037910596261,0.31533743699106687,take_profit
SOLUSDT,LONG,1715875260000,1715877240000,160.46719349999998,158.014953,25.22930521093016,-65.88586566424401,-0.016274239713988566,4.017541639140336,0,stop_loss
SOLUSDT,SHORT,1718985660000,1718998860000,131.126404,133.25959650000001,28.864761200161578,-65.38981149102503,-0.01727634885991388,3.81571938454915,0,stop_loss
DOGEUSDT,SHORT,1705662060000,1705681380000,0.07812092,0.07655826,51202.67400844742,76.4488582571733,0.019112214564293326,3.95999381471698,0.39648150585016156,take_profit
AVAXUSDT,SHORT,1683903660000,1683925800000,14.8235845,15.0745335,269.84026704202347,-71.49514662125036,-0.017873786655312588,4.033858072586964,0.254856625264962,stop_loss
AVAXUSDT,SHORT,1686031260000,1686072420000,14.0899515,14.316154499999998,263.593484584741,-62.74411767563512,-0.016893858294685978,3.7438322320117594,0.6253515498983312,stop_loss
AVAXUSDT,LONG,1702148460000,1702164600000,32.13605999999999,31.6251795,107.76190182656055,-58.4889705017727,-0.016889473063903666,3.435516215669407,0,stop_loss
AVAXUSDT,LONG,1716044460000,1716110040000,37.194588,36.611685,86.81604594747405,-54.6903369136857,-0.01693677992690769,3.203784393989907,-0.8812188887751744,stop_loss
AVAXUSDT,LONG,1721642460000,1721656560000,32.130056999999994,31.596194,93.69188835085556,-53.00394898750745,-0.017607380077165537,2.9853163968552985,0,stop_loss
UNIUSDT,SHORT,1693645260000,1693649460000,4.303847,4.376187,929.4010683929981,-71.26648972419291,-0.017816622431048226,4.033616436643775,0,stop_loss
UNIUSDT,LONG,1707379260000,1707480600000,6.387192,6.520738000000001,581.6224157819631,72.80733987764644,0.01959855520234883,3.753770714672238,-1.1122365456998482,take_profit
ZECUSDT,LONG,1708304460000,1708329120000,25.942964999999997,25.52723,154.18438100656576,-68.06779371594543,-0.017016948428986357,3.9679500781811177,0,stop_loss
ZECUSDT,SHORT,1712995260000,1713022260000,23.518235,23.891939999999998,158.5037663385972,-62.99099564970107,-0.016897955458817275,3.757345650136001,0,stop_loss
ZECUSDT,LONG,1721041260000,1721056380000,29.33466,28.845570000000002,118.48662444144279,-61.39741267902832,-0.01766443227908547,3.4467895309633816,0,stop_loss
