symbol,funding_time,side,funding_1,funding_2,funding_3,entry_time,r1,r4,r12
SOLUSDT,1673308800003,SHORT,0.0001,0.0001,0.0001,1673312400000,0.02115868086945116,0.028829612390991737,0.040196209912983255
SOLUSDT,1673424000006,LONG,-0.00015347,-0.0002485,-0.00001768,1673427600000,0.002928989723678343,-0.013319289697734805,-0.004190255982582718
SOLUSDT,1673510400000,SHORT,0.0001,0.0001,0.0001,1673514000000,0.0014892959625194932,0.000062009735548178,-0.028244939111759425
SOLUSDT,1673712000000,SHORT,0.0001,0.00027702,0.0001,1673715600000,0.004709995623918691,-0.008405231235210678,0.0020469944649098852
SOLUSDT,1675641600001,LONG,-0.00008182,-0.00019779,-0.00004068,1675645200000,-0.005426731425231211,-0.015638967932636704,-0.016326371293610704
SOLUSDT,1675900800014,SHORT,0.0001,0.0001,0.0001,1675904400000,0.004484312447328576,0.031110513180391566,0.020822765426113672
SOLUSDT,1676073600007,LONG,-0.0001841,-0.00011823,-0.00020422,1676077200000,-0.003297328216938135,0.0002456338594060054,-0.0014750715625720591
SOLUSDT,1676448000000,SHORT,0.00001781,0.00009858,0.00008397,1676451600000,-0.00924819316945269,-0.042162728707957245,-0.09096773859328718
SOLUSDT,1676563200001,SHORT,0.0001,0.0001,0.0001,1676566800000,-0.0024888751748028005,0.017339874223668384,0.04381649157569072
SOLUSDT,1677427200000,LONG,-0.00004144,-0.00007838,-0.00001898,1677430800000,0.0038532318452085953,0.02593948887808672,0.008170444141225374
SOLUSDT,1677513600000,SHORT,0.00005327,0.0001,0.00008837,1677517200000,0.00706406640655453,0.014134044156569178,0.02049541706220322
SOLUSDT,1677859200000,SHORT,0.00002047,0.00002627,0.00009745,1677862800000,-0.003998217889994609,-0.0058742150633936535,-0.0027299273284584974
SOLUSDT,1678176000016,LONG,-0.00002168,-0.000096,-0.00007843,1678179600000,-0.009168368086879443,-0.01238992600562706,-0.032538755786773725
SOLUSDT,1678521600003,LONG,-0.00019429,-0.00036773,-0.0001919,1678525200000,0.006865408280676103,-0.007317597689939257,0.026736228612360875
SOLUSDT,1678723200003,SHORT,0.0001,0.0001,0.0001,1678726800000,0.003557421943231898,0.011546681445729614,0.007470555482855689
SOLUSDT,1679155200016,SHORT,0.0001,0.00027581,0.0001,1679158800000,0.003233374859714624,-0.0019531699788767048,0.009685748235247987
SOLUSDT,1679616000013,SHORT,0.00001638,0.0001,0.0001,1679619600000,-0.003299214345511026,0.008638380609570683,0.022015122856690186
SOLUSDT,1679760000011,LONG,-0.00006551,-0.00005825,-0.000046,1679763600000,-0.0027588894825624393,-0.018193405122607656,0.00024164512115255557
SOLUSDT,1679932800000,SHORT,0.0001,0.00003888,0.00002013,1679936400000,0.00015253590979109313,-0.0019301103106900434,-0.00910983576268486
SOLUSDT,1680134400000,SHORT,0.0001,0.00008936,0.00004312,1680138000000,-0.0022506893255247575,-0.014468864093325966,0.010748386402587108
SOLUSDT,1680249600006,LONG,-0.0000611,-0.00011842,-0.00003734,1680253200000,-0.00044395117266350263,0.008886765248488675,0.027578898260641367
SOLUSDT,1680364800018,SHORT,0.0001,0.0001,0.0001,1680368400000,-0.003067193049662083,-0.009601449480227137,-0.004214969359312132
SOLUSDT,1680566400002,SHORT,0.0000236,0.00007659,0.00007915,1680570000000,-0.0024513421109880213,0.0025557863120770474,-0.032359031363737856
SOLUSDT,1680940800014,SHORT,0.00000205,0.0001,0.00004752,1680944400000,-0.00019464720256101185,0.0019973213313885766,0.0189639679732716
SOLUSDT,1681113600010,SHORT,0.00008973,0.0001,0.00006116,1681117200000,-0.0012330153716232437,0.0026190314676625883,-0.014842663923806529
SOLUSDT,1682006400012,SHORT,0.0001,0.0001,0.0001,1682010000000,0.003622372084092132,0.009856323972518264,-0.002257337301650086
SOLUSDT,1682294400000,SHORT,0.00007476,0.00009355,0.00000383,1682298000000,-0.003673773419240719,0.003641144298912981,0.007573694649066123
SOLUSDT,1682496000013,SHORT,0.00001692,0.00005839,0.00001365,1682499600000,-0.004943608108690244,-0.03048218433373189,0.03428069152999667
SOLUSDT,1682640000011,SHORT,0.0000206,0.00005188,0.0001,1682643600000,0.008126858749454593,0.00454647540444253,-0.001022335904133424
SOLUSDT,1683129600011,SHORT,0.00002069,0.00003138,0.00003849,1683133200000,-0.0004196293335850221,-0.009006560418198781,-0.03905388848113974
SOLUSDT,1683244800002,SHORT,0.0001,0.0001,0.0001,1683248400000,-0.008731683628047108,-0.008686165978570779,-0.00004591473634280328
SOLUSDT,1683648000000,LONG,-0.00019637,-0.00005327,-0.00005678,1683651600000,-0.007238365821728264,-0.01331061979107027,-0.0014916398771989486
SOLUSDT,1683820800005,SHORT,0.00007952,0.00002605,0.00002286,1683824400000,0.00534106643200367,-0.0019396718587304307,-0.00367720549516315
SOLUSDT,1684540800005,SHORT,0.00002946,0.00008946,0.00009555,1684544400000,-0.0015336288161893943,-0.0016819197632988985,-0.000346508926071748
SOLUSDT,1686124800016,SHORT,0.00006245,0.0001,0.0001,1686128400000,0.018748507246887265,0.011418393289714486,0.06431944345374022
SOLUSDT,1686240000000,LONG,-0.00002973,-0.00006138,-0.00003987,1686243600000,-0.006860354915886806,0.01431853491775924,0.001707760047880505
SOLUSDT,1686355200000,SHORT,0.00002244,0.00004756,0.00004312,1686358800000,-0.003538991543134062,0.15072945310790767,0.15665519221442847
SOLUSDT,1686441600001,LONG,-0.00018689,-0.00045568,-0.00025962,1686445200000,0.010451708046001951,0.0004538823225918426,0.001620063212774289
SOLUSDT,1686729600000,LONG,-0.00001734,-0.00006216,-0.00009959,1686733200000,0.002572136620058077,0.006385171283981839,-0.06627019197129286
SOLUSDT,1686902400000,SHORT,0.0001,0.00002986,0.00003481,1686906000000,-0.0007424656950704498,0.009907117742303524,-0.038740153096756276
SOLUSDT,1687104000000,LONG,-0.00002892,-0.00005493,-0.00000103,1687107600000,-0.00019040969877590837,-0.01670278487521364,-0.015993176097896588
SOLUSDT,1687334400000,SHORT,0.0000017,0.00000555,0.0000767,1687338000000,-0.0037534674231999195,0.009656695224223919,-0.020735007571294088
SOLUSDT,1687737600000,SHORT,0.00004045,0.00002049,0.00002481,1687741200000,0.0038350957839425374,-0.0013746528178505526,-0.011476949335349587
SOLUSDT,1687910400000,SHORT,0.0001,0.0001,0.0001,1687914000000,0.0037971628181825107,0.006931479983272275,0.01316780040179584
SOLUSDT,1688025600000,SHORT,0.00005458,0.000017,0.0001,1688029200000,-0.049136033576662,-0.08817566648519133,-0.06739217710378763
SOLUSDT,1688688000000,SHORT,0.0001,0.0001,0.0001,1688691600000,-0.011281185676402593,0.021178852532133006,-0.03203042726533167
SOLUSDT,1688947200000,SHORT,0.00001049,0.0001,0.0001,1688950800000,0.002913574052586293,-0.004900454652996009,0.013782723522873184
SOLUSDT,1689062400000,LONG,-0.00005346,-0.00013561,-0.00002651,1689066000000,-0.0022310766226803424,0.010766411788145724,-0.0002729257658861431
SOLUSDT,1689350400000,SHORT,0.0001,0.00029523,0.00017912,1689354000000,0.01146553705633448,0.049309311140666584,-0.006570731352987243
SOLUSDT,1690012800000,SHORT,0.00007977,0.00002099,0.0001,1690016400000,0.006134750360292105,0.011915564833881436,0.021480119277877394
SOLUSDT,1690444800000,SHORT,0.00004654,0.0001,0.00002473,1690448400000,-0.002569831607798441,-0.001779817346453667,0.018418051249681707
SOLUSDT,1690876800000,SHORT,0.00004713,0.0001,0.00007943,1690880400000,0.007482709969806257,0.009020186249605553,0.004117066149459949
SOLUSDT,1691164800000,SHORT,0.00001777,0.00000993,0.00005856,1691168400000,0.007024485987890977,0.030508931220960153,0.034742301744899215
SOLUSDT,1691366400000,SHORT,0.0001,0.0001,0.0001,1691370000000,-0.014778805737539783,-0.009691041711108822,0.0009959513240166723
SOLUSDT,1692460800000,LONG,-0.00007003,-0.00005498,-0.0000627,1692464400000,-0.01094893158427072,-0.017318817705693847,-0.01782464624060936
SOLUSDT,1692720000000,SHORT,0.00001569,0.00005112,0.00002087,1692723600000,0.02382816075515131,0.019174917370539044,0.0025711319861906976
SOLUSDT,1692892800000,LONG,-0.00007433,-0.00009124,-0.00000996,1692896400000,-0.0030444319965914632,-0.012329905307663688,-0.02734883981479005
SOLUSDT,1693296000000,SHORT,0.00002945,0.00008373,0.00000529,1693299600000,0.0014795820414731182,0.0015289391649498628,-0.06768766510702616
SOLUSDT,1693411200000,SHORT,0.0001,0.00002088,0.00008869,1693414800000,-0.0019342365798309684,-0.005550877050019343,-0.0018376135544887714
SOLUSDT,1693497600000,LONG,-0.00005589,-0.00007295,-0.0000989,1693501200000,0.008649741579482938,-0.002798058448020362,0.008246739206389837
SOLUSDT,1693699200000,LONG,-0.00008469,-0.00005343,-0.00000065,1693702800000,-0.0041458792589170205,-0.0033768259256194005,-0.010629384526798938
SOLUSDT,1693958400000,LONG,-0.00006252,-0.00010758,-0.00001341,1693962000000,0.002178003038984087,-0.0074608652477358905,-0.01895957344980553
SOLUSDT,1694188800000,LONG,-0.00008527,-0.00013966,-0.00021132,1694192400000,0.00025648259906163216,0.004249116895606901,0.002715374263658408
SOLUSDT,1694908800000,LONG,-0.0000538,-0.00014091,-0.00021514,1694912400000,0.0014835225779004852,0.008920854114558415,0.009866331651111282
SOLUSDT,1695225600000,LONG,-0.00014401,-0.00008143,-0.00009609,1695229200000,0.00741733114322227,0.007023125954319216,-0.003330933503081352
SOLUSDT,1695369600000,SHORT,0.0001,0.00001075,0.00001389,1695373200000,0.0005077946587559916,0.00641713432063354,0.019479803990406434
SOLUSDT,1695801600001,SHORT,0.0000189,0.0000751,0.00003583,1695805200000,-0.014926434691602916,-0.023290337055819253,-0.002538475105791928
SOLUSDT,1696060800000,LONG,-0.00008995,-0.00009192,-0.00013968,1696064400000,-0.0014791443383133794,0.010146897186280448,0.049594557183395775
SOLUSDT,1696377600000,LONG,-0.00009329,-0.00016715,-0.00020449,1696381200000,-0.0040351502847970145,-0.0006497303847567704,0.016746494672275444
SOLUSDT,1696521600001,LONG,-0.00019583,-0.00010441,-0.0002138,1696525200000,-0.007946480187001068,-0.0016630928600207095,0.011262212743509945
SOLUSDT,1696723200000,LONG,-0.00003624,-0.00013829,-0.00007284,1696726800000,-0.0025724589730629836,0.0007276618833649772,-0.008557535720807804
SOLUSDT,1697184000000,LONG,-0.00004469,-0.00004739,-0.00007419,1697187600000,-0.002063403470799229,0.010253631968107312,0.027629385143528924
SOLUSDT,1697472000000,LONG,-0.00010829,-0.00006321,-0.00013087,1697475600000,0.014086247514052207,0.029568849177480167,0.03778184846282984
SOLUSDT,1697760000000,LONG,-0.00010177,-0.00018428,-0.0000142,1697763600000,0.009840820082434525,0.05041497222916978,0.07733770924217447
SOLUSDT,1698134400000,SHORT,0.00001601,0.0001,0.0001,1698138000000,-0.004152079624751247,-0.012624437826529103,0.042895234251691686
SOLUSDT,1698940800000,SHORT,0.0001,0.0001,0.0001,1698944400000,-0.013751860527848762,-0.028935650366326556,0.030499771448624764
SOLUSDT,1713398400000,SHORT,0.00000333,0.0001,0.00006888,1713402000000,-0.009111234380187476,-0.015656043953197186,-0.007926204615769357
SOLUSDT,1713571200000,SHORT,0.0000468,0.00002007,0.0001,1713574800000,-0.009197093480917332,-0.02844032656570663,-0.010906898536447447
SOLUSDT,1713772800000,SHORT,0.00004268,0.00003735,0.00008512,1713776400000,-0.007995786904908013,-0.009717108655146167,-0.014010725672489448
SOLUSDT,1713859200000,LONG,-0.00003018,-0.0000127,-0.00004214,1713862800000,-0.0025136330667073713,0.0034904049397685676,0.014496694162953464
SOLUSDT,1713945600000,SHORT,0.00001577,0.00000977,0.00000643,1713949200000,0.0006870578925673048,-0.00850449186770177,0.05395911625568774
SOLUSDT,1714291200000,SHORT,0.00002358,0.00002733,0.00003029,1714294800000,0.002603848286379499,0.00731640231056739,0.006342486244426781
SOLUSDT,1714608000000,SHORT,0.0001,0.00009105,0.00000378,1714611600000,0.013890016653968959,0.014453355648451755,-0.04109646724982643
SOLUSDT,1714867200000,SHORT,0.00001077,0.00001309,0.00005621,1714870800000,0.004544112568461171,0.0032713373319647313,-0.005305198055697189
SOLUSDT,1715155200000,SHORT,0.00002502,0.0001,0.0001,1715158800000,0.0037882977471751845,0.005825132922553921,0.03831065283138383
SOLUSDT,1715644800000,SHORT,0.0001,0.00009778,0.0001,1715648400000,-0.0050441297415398665,-0.00717783598454794,0.0016506381211801094
SOLUSDT,1718784000001,SHORT,0.0001,0.0001,0.00004103,1718787600000,0.0014213720434677792,0.00215810545875862,0.024590236380782907
SOLUSDT,1718985600000,SHORT,0.00000876,0.00004454,0.00004111,1718989200000,0.013722091431937672,-0.019093478118002105,-0.03241250760124352
SOLUSDT,1719129600000,SHORT,0.0001,0.00007846,0.00003933,1719133200000,-0.0013896477213368775,0.004539076203525375,0.029790994760975832
SOLUSDT,1719388800000,SHORT,0.00008255,0.0001,0.0001,1719392400000,-0.0028760571764038837,-0.004044605826049272,-0.004810724451382245
SOLUSDT,1720368000000,SHORT,0.00000352,0.0001,0.0001,1720371600000,-0.0025564564413016154,0.010854380847929225,0.038889305125951776
SOLUSDT,1720512000001,SHORT,0.0001,0.0001,0.00005602,1720515600000,0.005306956528272068,0.010727369182556451,-0.0007087446044388186
SOLUSDT,1720886400000,SHORT,0.00001668,0.00008326,0.00004063,1720890000000,-0.0004943277780329772,-0.0007378197404203847,-0.03744860506764206
SOLUSDT,1721174400000,SHORT,0.0001,0.00007774,0.0001,1721178000000,-0.003974523739580269,-0.0005209302443385647,0.0024470390010992217
SOLUSDT,1722816000000,SHORT,0.00008871,0.00004224,0.00006211,1722819600000,0.0030645873835288325,0.059371382771573035,0.1615026148996654
SOLUSDT,1723104000000,SHORT,0.00001745,0.00007141,0.00002523,1723107600000,0.0016249376420852254,-0.006325645675558173,-0.007103108295316914
SOLUSDT,1723219200000,SHORT,0.00003148,0.00001575,0.00002642,1723222800000,-0.003195539445014417,-0.004580590266513614,-0.006843499427869386
SOLUSDT,1723449600000,SHORT,0.00002894,0.00009903,0.00000688,1723453200000,0.0038467440092885227,-0.029682956108299036,0.010286399913342523
SOLUSDT,1723680000000,SHORT,0.00002644,0.00000821,0.00000588,1723683600000,0.004443436641754086,0.0019631976000245703,0.01450344179876951
SOLUSDT,1724342400008,SHORT,0.00000611,0.00006844,0.00002936,1724346000000,0.0014864469649489942,-0.004167080547869426,-0.011424874179742472
SOLUSDT,1724515200000,SHORT,0.00007101,0.00002046,0.00006232,1724518800000,0.0018079536223730903,0.004759884172333267,0.014801652196471527
SOLUSDT,1724688000000,SHORT,0.00001048,0.0001,0.00002054,1724691600000,0.0019107174175185323,-0.0064541434649726835,-0.00525622895368514
SOLUSDT,1724947200000,LONG,-0.00001723,-0.00008639,-0.00009711,1724950800000,0.001344887551064311,-0.028026398067053017,-0.03545930017196184
SOLUSDT,1725206400000,LONG,-0.00000959,-0.00002631,-0.00002877,1725210000000,-0.002350673133530556,0.014723559933478344,-0.041289616857413225
SOLUSDT,1725408000000,SHORT,0.00003441,0.00005362,0.00008904,1725411600000,-0.0008130306360483962,-0.008868052361822447,-0.015405655025939918
SOLUSDT,1725523200000,SHORT,0.00003561,0.00006659,0.00005123,1725526800000,0.003948739535097712,-0.004548486732775121,0.033756313128908
SOLUSDT,1725696000000,LONG,-0.00001324,-0.00002225,-0.00002317,1725699600000,-0.0024363994227130474,-0.0006124708678891603,-0.0012724746632976143
SOLUSDT,1725782400000,SHORT,0.00000599,0.00008148,0.00006264,1725786000000,0.0014034332434156435,0.008139498851320495,0.007766668834185836
SOLUSDT,1726070400000,LONG,-0.00006617,-0.00001813,-0.00002041,1726074000000,0.008312901082441199,0.004697241353918888,0.024416116469496468
SOLUSDT,1726214400001,SHORT,0.0000132,0.00002638,0.00001756,1726218000000,0.0018102937319677609,0.010775253784462448,-0.03175477074702164
SOLUSDT,1726358400000,SHORT,0.00003207,0.00000555,0.00001401,1726362000000,-0.0030017938802736717,0.0034197789692921687,0.011081865117447338
SOLUSDT,1726560000000,SHORT,0.00007164,0.0001,0.00002206,1726563600000,0.00015105397942672297,0.0006874799598399011,0.003730147742684218
SOLUSDT,1726732800000,SHORT,0.00002354,0.00006423,0.00008771,1726736400000,-0.0013213809268237378,-0.015038093049100231,-0.036953248888958304
SOLUSDT,1727193600001,SHORT,0.00004827,0.0000692,0.00000557,1727197200000,-0.006270424036350894,-0.013351260711539812,-0.02846014745226456
SOLUSDT,1728115200000,SHORT,0.00000524,0.00005818,0.00009502,1728118800000,-0.0014668643566778132,0.0027110528341660798,0.0234269687648135
SOLUSDT,1728633600000,SHORT,0.00005098,0.00000545,0.00000289,1728637200000,-0.004961073240018222,-0.010856861506176773,-0.032517758446134
SOLUSDT,1728835200000,SHORT,0.00000522,0.00005938,0.00005394,1728838800000,0.0037767247852450786,-0.0025121943562252955,-0.04187856960577869
SOLUSDT,1730131200000,SHORT,0.00008656,0.0001,0.00002332,1730134800000,-0.005510920950739164,-0.014799001626047553,-0.04617719004209114
SOLUSDT,1730937600000,SHORT,0.0001,0.0001,0.0001,1730941200000,-0.011835713888165884,-0.007075814907590227,-0.0017070312477619766
SOLUSDT,1734710400014,LONG,-0.00001795,-0.00002757,-0.00006045,1734714000000,0.00705903739115451,-0.002995508979798451,0.029267859500946482
SOLUSDT,1734940800000,LONG,-0.00010865,-0.00005764,-0.00002514,1734944400000,0.0029271486641852746,0.0002713925166600041,0.0367204400821015
SOLUSDT,1735084800001,LONG,-0.00000887,-0.00002528,-0.00001032,1735088400000,0.00882796360484195,0.009781754997647673,-0.006761763478768362
SOLUSDT,1735200000000,SHORT,0.00003692,0.00002735,0.0001,1735203600000,-0.001955034835803295,0.0008995423523735477,0.004080881196730694
SOLUSDT,1735545600001,SHORT,0.0000614,0.0001,0.0000476,1735549200000,0.0017613846961791327,-0.00041399296803251273,-0.008144794754635669
DOGEUSDT,1672588800000,SHORT,0.0001,0.00008475,0.0001,1672592400000,-0.002151618129072093,-0.010712092720051872,-0.004012616447291786
DOGEUSDT,1676246400006,SHORT,0.00008505,0.00006517,0.00002205,1676250000000,0.013835543624601574,-0.025570086470680403,0.011126849528171088
DOGEUSDT,1677542400011,SHORT,0.00009118,0.0001,0.00007662,1677546000000,0.010458565474884978,0.007406991547486339,0.01021409658233371
DOGEUSDT,1677888000001,SHORT,0.00004197,0.0000299,0.0001,1677891600000,0.002731709015792923,0.0061241966118396746,0.008086648998053336
DOGEUSDT,1678521600003,SHORT,0.00000729,0.00002461,0.00006242,1678525200000,-0.003239993577215887,0.007134025293845602,-0.018070935856553828
DOGEUSDT,1679875200019,SHORT,0.0001,0.0001,0.00004188,1679878800000,0.010827010622934943,0.0052635252095587755,-0.009378418149583175
DOGEUSDT,1680048000010,SHORT,0.00004603,0.00003001,0.00008974,1680051600000,-0.004071666862943343,-0.017792624657506393,-0.03172319819345324
DOGEUSDT,1682236800020,SHORT,0.00003929,0.00009298,0.00007148,1682240400000,0.0018709079358117313,0.0024953225674016204,0.027669000257656333
DOGEUSDT,1682467200015,SHORT,0.0000718,0.0001,0.0001,1682470800000,-0.002874822303666795,-0.0020007509487729633,-0.039875245330540876
DOGEUSDT,1682640000011,SHORT,0.0001,0.0000908,0.0000696,1682643600000,0.0027458829035320064,0.0006234025512036945,0.00449719683626705
DOGEUSDT,1683504000000,SHORT,0.0000557,0.00001601,0.00004618,1683507600000,0.03168581907414081,0.03074729249187643,0.03047930374579988
DOGEUSDT,1683763200011,SHORT,0.00004871,0.00002818,0.0001,1683766800000,-0.0019286409064056863,-0.002341437609893769,0.013465879884190355
DOGEUSDT,1683907200010,SHORT,0.00009621,0.0001,0.00008895,1683910800000,-0.001967398048870677,-0.0016865780526415341,-0.009380537809148977
DOGEUSDT,1684800000006,SHORT,0.00000047,0.0001,0.0001,1684803600000,-0.007530671585573728,-0.009166217813597543,-0.003567022577569266
DOGEUSDT,1686124800016,SHORT,0.00005181,0.0001,0.0001,1686128400000,0.01889316479486762,0.02006756305080914,0.03129367799332257
DOGEUSDT,1686240000000,SHORT,0.00009358,0.00005533,0.0001,1686243600000,-0.0011822079107055815,-0.003984362977801914,-0.0029529033711397324
DOGEUSDT,1686470400000,LONG,-0.00030659,-0.00017314,-0.00014816,1686474000000,-0.0030826665119087666,-0.00048610549446245055,0.006297961874681925
DOGEUSDT,1686672000000,SHORT,0.00008939,0.00007573,0.00004004,1686675600000,-0.0004912797937180138,-0.009130994469765633,-0.013180566700209837
DOGEUSDT,1686902400000,SHORT,0.00009496,0.0001,0.0001,1686906000000,-0,0.004873303991667669,-0.01240051319845501
DOGEUSDT,1687132800000,SHORT,0.00008697,0.0001,0.00000264,1687136400000,-0.0006459948545064759,-0.0019367339817524985,-0.0025814793296836925
DOGEUSDT,1687910400000,SHORT,0.00009978,0.00006877,0.0001,1687914000000,0.0016924382838144029,0.0006151007421368826,0.018463017671878232
DOGEUSDT,1688112000000,SHORT,0.00004153,0.00002841,0.0001,1688115600000,-0.0003044603463918316,-0.011203750804427787,-0.0012172856037517249
DOGEUSDT,1688803200000,LONG,-0.00004697,-0.00008078,-0.00002672,1688806800000,0.0012230547312706058,-0.004138888410114529,-0.0004590314517141568
DOGEUSDT,1688947200000,SHORT,0.00001768,0.00000983,0.00000872,1688950800000,0.00046616425364427207,-0.0054225866857118415,-0.001707412133848347
DOGEUSDT,1689062400000,SHORT,0.0001,0.0001,0.0001,1689066000000,0.0018447353425131191,0.0023064513953481042,0.005544446669123586
DOGEUSDT,1689292800000,SHORT,0.0001,0.0001,0.0001,1689296400000,0.009445337014583036,0.005205047975697514,0.01812310681233113
DOGEUSDT,1690934400000,SHORT,0.0001,0.0001,0.0001,1690938000000,-0.0019296333253175605,0.003482751021153566,0.014657503481691595
DOGEUSDT,1692201600000,LONG,-0.00025536,-0.0000205,-0.00002142,1692205200000,0.0011545678869510523,-0.02678143526153335,-0.01880384826371658
DOGEUSDT,1692288000000,SHORT,0.0000357,0.00009719,0.0000718,1692291600000,-0.006104093422825902,-0.002140673600341091,0.06923343747426813
DOGEUSDT,1692950400000,SHORT,0.00008189,0.00006138,0.0001,1692954000000,-0.0004821988359927175,-0.0011247691392267548,-0.009122252584306764
DOGEUSDT,1693094400000,SHORT,0.00007784,0.00002534,0.00004439,1693098000000,-0.002707654756094475,-0.003979312851481275,-0.006517787957273069
DOGEUSDT,1693238400001,SHORT,0.00006886,0.0000278,0.0001,1693242000000,-0.00015824036744807856,-0.0006328112851579845,-0.00015824036744807856
DOGEUSDT,1693411200000,SHORT,0.0001,0.00009083,0.00003367,1693414800000,-0.0009186955170723645,-0.004585060760650442,-0.0062609962485298465
DOGEUSDT,1693526400000,SHORT,0.0001,0.0001,0.00009791,1693530000000,0.004703677533934591,0.0028195507400999415,-0.0009380863727335426
DOGEUSDT,1693814400000,LONG,-0.00007417,-0.00001887,-0.00001091,1693818000000,-0.0018975337761912771,-0.00490934551629267,-0.004591885196166332
DOGEUSDT,1693929600000,SHORT,0.00004123,0.0001,0.00002476,1693933200000,-0.0009394082419358841,-0,-0.0010958905206371096
DOGEUSDT,1694275200000,SHORT,0.0001,0.0001,0.00007131,1694278800000,0.0011026227784834413,0.0017332392269400418,0.02971939448087587
DOGEUSDT,1694361600000,LONG,-0.00013621,-0.0000956,-0.00011195,1694365200000,-0.005892961889169973,0.0014678303214375563,-0.001306549263113951
DOGEUSDT,1694563200000,SHORT,0.00004667,0.0001,0.00007741,1694566800000,0.0011457567339021848,0.005741956551986935,-0.0008175946821233217
DOGEUSDT,1694764800000,SHORT,0.0001,0.00001734,0.00007941,1694768400000,0.0008066468131187086,0.006796142662834715,0.00016127731669507512
DOGEUSDT,1694966400000,SHORT,0.00003184,0.0001,0.0001,1694970000000,0.003248865755665668,0.009942221901290573,-0.00048642076354305706
DOGEUSDT,1695225600000,LONG,-0.00002394,-0.00002933,-0.00000132,1695229200000,0.0014449709506232063,0.004168676872219679,0.011819335802742418
DOGEUSDT,1695312000000,SHORT,0.0001,0.0001,0.00003696,1695315600000,-0.00016266775147709875,0.0014652017273279918,-0.0021126196205561907
DOGEUSDT,1695427200000,SHORT,0.00008525,0.00009833,0.0000397,1695430800000,-0.0011353500530255074,-0.000162271805629801,0.0006493506721675404
DOGEUSDT,1695744000000,SHORT,0.00009089,0.0001,0.00004802,1695747600000,0.0036454058596738234,0.0028157368499977208,-0.002477906611881688
DOGEUSDT,1696204800000,SHORT,0.00002158,0.0001,0.00004937,1696208400000,-0.007756271571359065,-0.0041230632465216405,-0.011690496490091823
DOGEUSDT,1696550400000,SHORT,0.00004143,0.00001794,0.00006433,1696554000000,-0.0014743224883643985,0.00032792261320256644,0.00460073108593666
DOGEUSDT,1696924800000,LONG,-0.00032408,-0.0000727,-0.00006692,1696928400000,-0.00033898305409345617,-0.007484300967386541,-0.002715087362791629
DOGEUSDT,1697097600000,LONG,-0.00001449,-0.00007531,-0.00015501,1697101200000,-0.010364577149997457,-0.0032705081221591006,-0.005860065028892972
DOGEUSDT,1697184000000,SHORT,0.0001,0.00007746,0.00008316,1697187600000,0.0019019630528240778,-0.014576267679560778,-0.010311141364021266
DOGEUSDT,1697356800000,SHORT,0.0001,0.0001,0.0001,1697360400000,0.0010111224319487625,0.004388933446305918,-0.004202039967341388
DOGEUSDT,1697760000000,SHORT,0.00007594,0.00002191,0.0001,1697763600000,-0.00017022725379427738,-0.010499673088650999,-0.015037877364540502
DOGEUSDT,1713369600000,SHORT,0.00000084,0.0000581,0.00002635,1713373200000,-0.02185953580335701,-0.005885187724661057,-0.017552665081372355
DOGEUSDT,1713484800001,SHORT,0.00007532,0.00005429,0.0000112,1713488400000,0.0400532744013351,0.004102362927424043,-0.020526144938818262
DOGEUSDT,1713686400000,SHORT,0.0000097,0.0001,0.00002543,1713690000000,0.0009264120725563984,0.009988605553163924,0.021275407087793748
DOGEUSDT,1714176000000,SHORT,0.000031,0.00004962,0.0000504,1714179600000,0.020181904105502788,0.00476840140573935,0.014925650216675818
DOGEUSDT,1714464000000,SHORT,0.00009017,0.00003634,0.00003781,1714467600000,0.0007221781205040751,0.03101307894113738,0.04753121109844902
DOGEUSDT,1714809600000,SHORT,0.00009181,0.00002169,0.00008923,1714813200000,-0.002441037002971412,-0.08523734026129404,-0.06569793198972765
DOGEUSDT,1714982400000,SHORT,0.00004639,0.00002341,0.0001,1714986000000,-0.005081767430273765,0.05355455268596346,0.05672131700194147
DOGEUSDT,1715385600000,SHORT,0.0001,0.0001,0.0000138,1715389200000,-0.003945324376986034,0.0017353282388973344,0.004657476008069644
DOGEUSDT,1715558400001,SHORT,0.00006825,0.0001,0.00000632,1715562000000,0.011269122410806557,0.035217179749462785,-0.01967963023067955
DOGEUSDT,1715817600004,SHORT,0.00005432,0.0001,0.0001,1715821200000,0.00019423133012414002,-0.01369488083054309,0.009823453423068448
DOGEUSDT,1716249600000,SHORT,0.0001,0.0001,0.0001,1716253200000,0.0020712770122164573,0.015145765807994711,-0.034394370824073976
DOGEUSDT,1718640000000,SHORT,0.00000128,0.0001,0.0001,1718643600000,-0.012774105701193118,-0.0003848374109456099,0.06471302956317812
DOGEUSDT,1718899200000,LONG,-0.000033,-0.00009345,-0.00000435,1718902800000,0.009119217454715634,0.010082763377987036,0.009440502598041689
DOGEUSDT,1718985600000,SHORT,0.00005548,0.00002593,0.00008541,1718989200000,0.005774016773654004,-0.008960705769590226,-0.008960705769590226
DOGEUSDT,1719158400000,LONG,-0.00000209,-0.00000626,-0.00001829,1719162000000,0.006943621411975502,0.013354159858189515,-0.01195742610574819
DOGEUSDT,1719302400000,SHORT,0.00006928,0.00008361,0.0001,1719306000000,-0.008640418932827456,-0.00750350148049589,-0.03814957701659264
DOGEUSDT,1719763200000,SHORT,0.0001,0.0000913,0.0001,1719766800000,-0.004733157196021507,-0.010901507246662799,-0.033541568689171415
DOGEUSDT,1720166400000,LONG,-0.00005403,-0.00006291,-0.00006251,1720170000000,0.03059811618215393,0.047628048989254664,0.10423581130465
DOGEUSDT,1720310400001,SHORT,0.00000406,0.00008033,0.00002524,1720314000000,0.0006296946189267482,0.010577325934660618,0.014858037421604476
DOGEUSDT,1720598400000,SHORT,0.0001,0.0000245,0.0001,1720602000000,0.00468169946782783,0.000366401030021995,0.015598636458257414
DOGEUSDT,1720742400000,SHORT,0.0001,0.0001,0.00005,1720746000000,0.0012203709564341247,0.0042307213012965274,0.004419169431506532
DOGEUSDT,1722470400000,SHORT,0.0001,0.00002253,0.00003949,1722474000000,0.003996905683941018,0.03453616389557402,0.01525745289385346
DOGEUSDT,1722643200000,SHORT,0.00002243,0.00004881,0.0001,1722646800000,-0.006588174183569931,-0.01776947051197522,-0.023269351314318298
DOGEUSDT,1722960000000,LONG,-0.00004654,-0.00009648,-0.00002877,1722963600000,-0.012330612457478674,-0.012640834268559676,0.0113729901722702
DOGEUSDT,1723046400000,SHORT,0.00005228,0.00003135,0.00000308,1723050000000,0.0015436072012764176,0.009297587638180211,-0.01641972538025764
DOGEUSDT,1723507200000,SHORT,0.00005832,0.00007055,0.0001,1723510800000,0.007039673384656385,0.034748542520864345,0.034748542520864345
DOGEUSDT,1723737600000,SHORT,0.00002515,0.0001,0.00005706,1723741200000,0.022660828653384896,0.04776174807971351,0.026010915538667037
DOGEUSDT,1723910400000,SHORT,0.00004938,0.00002113,0.00006515,1723914000000,-0.0008735744307059513,0.0019440130539118221,0.008092473354364187
DOGEUSDT,1724198400001,SHORT,0.0001,0.00001503,0.00000137,1724202000000,-0.004951226075159186,-0.008431508010298338,-0.00978168663184457
DOGEUSDT,1724457600000,SHORT,0.00009991,0.00005888,0.00003479,1724461200000,0.005681329085359492,0.0071958734525575,0.01050018545660308
DOGEUSDT,1724630400000,LONG,-0.00000361,-0.00000623,-0.0000515,1724634000000,-0.007417276805789835,0.0010941917750757555,-0.02129996159097919
DOGEUSDT,1724716800001,SHORT,0.00003413,0.0001,0.00005088,1724720400000,-0.0031227846526994934,-0.002555730483833104,0.010671849733793795
DOGEUSDT,1724976000000,LONG,-0.00013335,-0.00002586,-0.00000818,1724979600000,-0.0008968163622350998,-0.001894223187391389,0.011881327886752686
DOGEUSDT,1725148800000,SHORT,0.0001,0.00003542,0.0000918,1725152400000,0.006850361859783527,0.011143285140162088,0.023931054425415123
DOGEUSDT,1725264000001,LONG,-0.00003053,-0.00017853,-0.00001024,1725267600000,0.01459426617546224,0.013977553235780078,0.033626951018042646
DOGEUSDT,1725379200000,SHORT,0.0001,0.0001,0.0001,1725382800000,-0.004403263476141191,-0.005322428122380063,0.016243696872681648
DOGEUSDT,1725552000005,SHORT,0.00004946,0.00008481,0.0001,1725555600000,-0.00782802757080266,0.0006125574464128071,-0.004582259430691368
DOGEUSDT,1725667200000,LONG,-0.00001219,-0.00001359,-0.00008494,1725670800000,-0.0011962374326284332,0.004662518611910083,0.030926438821612428
DOGEUSDT,1725811200000,SHORT,0.0001,0.0001,0.0001,1725814800000,-0.00937391665741976,-0.007905179507113247,-0.020943173845243173
DOGEUSDT,1726041600000,SHORT,0.0001,0.00003867,0.00000565,1726045200000,0.00039856517068065866,-0.0017915800552042954,-0.013752380977052706
DOGEUSDT,1726358400000,SHORT,0.00004011,0.00002315,0.0001,1726362000000,-0.0028342012358751134,0.005407213288452421,0.004361436704099977
DOGEUSDT,1726531200001,LONG,-0.00006784,-0.00004338,-0.00008579,1726534800000,0.0028297138639365956,0.014268730829903408,0.019542637277538157
DOGEUSDT,1726617600000,SHORT,0.00004706,0.00000378,0.00008068,1726621200000,0.0008970845356163172,-0.0025870661195328266,-0.004374199240141183
DOGEUSDT,1727913600000,SHORT,0.00002231,0.0001,0.00007026,1727917200000,-0.008215731560671059,-0.0020839261117462393,0.01596210712512609
DOGEUSDT,1728144000000,SHORT,0.00006765,0.00004454,0.00002918,1728147600000,-0.0024774064145954224,0.010157058696699335,0.0011030426708984495
DOGEUSDT,1728518400000,SHORT,0.0000858,0.00007108,0.00006612,1728522000000,0.002228827074232876,-0.0018535686493228347,0.016838564362829708
DOGEUSDT,1728748800000,SHORT,0.0001,0.0001,0.0001,1728752400000,-0.0019761077121323045,-0.0021555603819724592,-0.003410828187792665
DOGEUSDT,1734854400000,SHORT,0.00007087,0.00005272,0.00006972,1734858000000,-0.012450641878787742,-0.014417210850828715,0.006506823357397244
DOGEUSDT,1735113600000,LONG,-0.00001995,-0.00001967,-0.00003176,1735117200000,0.0028024306057021155,-0.001056715524867241,0.00033188010381699266
DOGEUSDT,1735401600000,SHORT,0.00004726,0.00003847,0.00006029,1735405200000,-0.0032585954817710983,-0.0026077253073890977,-0.007154945268590221
LTCUSDT,1672531200000,SHORT,0.00003167,0.0001,0.00007413,1672534800000,-0.002882261686945899,0.00043305666501403415,-0.009194146076485653
LTCUSDT,1672646400008,LONG,-0.00001686,-0.00020637,-0.00003778,1672650000000,-0.0031893714743093894,-0.0009291830495306828,-0.0025240797193465288
LTCUSDT,1672732800018,SHORT,0.00002398,0.00005285,0.00003001,1672736400000,-0.0037002817428559466,0.006242134618481823,0.005043812126372997
LTCUSDT,1673136000015,SHORT,0.00009156,0.0001,0.00003663,1673139600000,-0.0015894043081068363,-0.000662558826331293,-0.006737590716579905
LTCUSDT,1676332800013,SHORT,0.0001,0.0001,0.0001,1676336400000,0.0036425891592522077,0.001433375844950816,-0.008994247317308404
LTCUSDT,1677916800008,SHORT,0.00006098,0.00007029,0.00006238,1677920400000,-0.0024477092772599877,-0.002558826561668078,0.01334474527354489
LTCUSDT,1678752000010,SHORT,0.0001,0.00004129,0.0001,1678755600000,-0.008026220774524053,-0.006795602849097448,-0.06642738822442548
LTCUSDT,1679472000003,SHORT,0.0001,0.0001,0.0001,1679475600000,0.003983573050782138,-0.002233805843240554,-0.06807307974249073
LTCUSDT,1680134400000,SHORT,0.00002877,0.0001,0.0001,1680138000000,0.004551265002259559,0.0002215330093243804,0.0025505974459622566
LTCUSDT,1680307200000,SHORT,0.00002031,0.00004215,0.00006887,1680310800000,-0.0319895372730165,-0.04221512553912107,-0.041893805984061915
LTCUSDT,1680883200000,SHORT,0.0000068,0.0000134,0.00008014,1680886800000,-0.00155159069141885,0.002443088388959549,-0.0035429620763441287
LTCUSDT,1682294400000,SHORT,0.00006907,0.00007276,0.00007577,1682298000000,0.004448253699184719,0.00022763487464577478,0.0021646263080463586
LTCUSDT,1682582400008,SHORT,0.0000824,0.00000576,0.00005009,1682586000000,0.0037391692763928184,0.005557145007186277,-0.015264044955688913
LTCUSDT,1682985600015,SHORT,0.00005403,0.00008313,0.0001,1682989200000,0.002543353972160633,-0.002997465928875848,-0.01751117707088744
LTCUSDT,1683216000011,SHORT,0.0001,0.0001,0.0001,1683219600000,-0.001816943493267286,0.00045475216790976124,-0.0035173349929174635
LTCUSDT,1683676800007,SHORT,0.00005444,0.00005115,0.00003554,1683680400000,-0.0016196353132522303,0.006253929076299456,-0.015956798459659506
LTCUSDT,1684195200021,SHORT,0.00005447,0.00003208,0.0000359,1684198800000,-0.013376978756589783,-0.014738912913310392,-0.026465284740066836
LTCUSDT,1686470400000,LONG,-0.00001151,-0.00006938,-0.00003021,1686474000000,0.0021782313692929687,-0.004757321733502011,0.004096267888515576
LTCUSDT,1686556800000,SHORT,0.00001184,0.00002816,0.00005782,1686560400000,-0.00831497580095645,-0.009737175277858244,-0.004685678233335645
LTCUSDT,1686873600000,SHORT,0.00004837,0.0000104,0.00000762,1686877200000,-0.003089531640133636,-0.0069714721284352766,-0.00710506373908086
LTCUSDT,1687132800000,SHORT,0.00007841,0.00009616,0.00008054,1687136400000,-0.00298024192076821,-0.002850850706250924,-0.00323897413437196
LTCUSDT,1689091200000,SHORT,0.00000316,0.00004923,0.0001,1689094800000,0.0048767930636036275,0.007897786037764792,-0.0025843814456648698
LTCUSDT,1689350400000,SHORT,0.0001,0.0001,0.0001,1689354000000,0.03467149108099167,0.06791874606668781,0.05709980303327125
LTCUSDT,1689465600001,SHORT,0.0001,0.0001,0.00009,1689469200000,-0.0014749265210678467,0.0030621427232350707,0.005497423719261324
LTCUSDT,1690387200000,SHORT,0.00003462,0.00005554,0.00004724,1690390800000,0.00315102669002822,-0.015054647306097686,-0.02408952586467168
LTCUSDT,1690502400000,SHORT,0.00008529,0.00003238,0.0001,1690506000000,0.0006601386530851894,-0.002307059523693024,-0.004061253592646898
LTCUSDT,1691107200000,SHORT,0.0001,0.0001,0.00003479,1691110800000,0.0026499654148693717,0.0012036592690574204,-0.002762930462060134
LTCUSDT,1692288000000,LONG,-0.00002882,-0.00001298,-0.00000958,1692291600000,0.009323761889244777,0.00379404249156653,-0.14214054963343012
LTCUSDT,1692403200000,LONG,-0.0000301,-0.00008104,-0.00017824,1692406800000,-0.008724155660338382,-0.0024848591757569366,-0.01295779585294259
LTCUSDT,1692777600000,SHORT,0.00002582,0.00001394,0.0000493,1692781200000,0.0007708317656016752,0.010534566827120244,-0.01696121339334852
LTCUSDT,1693008000000,SHORT,0.00002248,0.00006404,0.0001,1693011600000,-0.004606887754686478,-0.005066411389945848,-0.005678781280484636
LTCUSDT,1693411200000,SHORT,0.0001,0.00009646,0.00009772,1693414800000,-0.0007435497405547164,-0.005932974982780348,-0.003712232342374303
LTCUSDT,1693584000001,LONG,-0.00004608,-0.00001931,-0.00000672,1693587600000,-0.011656818620375558,0.0012692370417222694,0.00664559407810254
LTCUSDT,1693900800000,SHORT,0.0000477,0.00000146,0.00005613,1693904400000,-0.00254372156237812,-0.00428878427221772,-0.0019083975257603906
LTCUSDT,1694131200000,SHORT,0.00004228,0.00007058,0.0000864,1694134800000,0.0061123926689590005,0.005326661505725142,0.020840665871851783
LTCUSDT,1694246400000,LONG,-0.00006873,-0.00005545,-0.00004531,1694250000000,-0.00015968063906193745,0.0023921548764859,0.005731587096516252
LTCUSDT,1694390400000,LONG,-0.00000924,-0.00004127,-0.0000195,1694394000000,-0.0016417669095658875,0.002948405084297607,-0.012379459902034347
LTCUSDT,1694476800000,SHORT,0.00006078,0.0000379,0.00000372,1694480400000,0.002881602129583067,-0.01144408316138276,-0.02457701233592216
LTCUSDT,1694678400001,SHORT,0.0000641,0.0000374,0.00004208,1694682000000,-0.0008026326781322487,-0.00624351663968502,-0.00624351663968502
LTCUSDT,1695196800000,SHORT,0.0000623,0.00001568,0.00007411,1695200400000,0.01180222505662798,0.02605861735236722,0.031011421161996424
LTCUSDT,1695427200000,SHORT,0.00006691,0.00005357,0.0000586,1695430800000,-0.0024710437284028186,-0.001545117736324248,-0.0013907133509329977
LTCUSDT,1695600000000,SHORT,0.00008521,0.00000141,0.00002381,1695603600000,-0.000941619655261051,-0.009998521039634549,-0.00797564631264114
LTCUSDT,1696780800000,SHORT,0.00002961,0.000061,0.0001,1696784400000,0.0012245524260960667,0.0007651695223739758,0.0044461552738012285
LTCUSDT,1697414400000,SHORT,0.00009269,0.00005457,0.00003437,1697418000000,-0.0017800797644835788,0.0009722898189392223,-0.03282117127673083
LTCUSDT,1697817600000,SHORT,0.00008884,0.00000568,0.0001,1697821200000,0.0014241635447711908,-0.002684565370668983,-0.008032171697264253
LTCUSDT,1697932800000,SHORT,0.00005364,0.00001179,0.0001,1697936400000,0.002158496058529565,0.0009244992954314255,0.013958042989684687
LTCUSDT,1713974400000,SHORT,0.00008297,0.00003595,0.0001,1713978000000,-0.01754740896374023,0.0007130972491388453,0.005838562906871943
LTCUSDT,1714377600000,SHORT,0.00003837,0.0001,0.00009805,1714381200000,-0.010365285040265215,-0.013477941689616446,0.0023045677007865716
LTCUSDT,1715126400000,SHORT,0.00004071,0.00007977,0.0001,1715130000000,-0.0022279994363127147,0.008087135833179465,0.0008677865789725851
LTCUSDT,1715817600004,SHORT,0.00008981,0.00006862,0.0001,1715821200000,0.0006073489406251406,-0.0009709917014869891,0.0073126468462864904
LTCUSDT,1718755200001,LONG,-0.00003287,-0.00003884,-0.00000379,1718758800000,0.007907334997740698,0.02059135338353827,0.009264371438861847
LTCUSDT,1718841600000,SHORT,0.00009106,0.00006244,0.0001,1718845200000,-0.0027063615977430673,-0.00432666981073242,-0.016129381929883717
LTCUSDT,1719014400000,SHORT,0.0001,0.0001,0.0001,1719018000000,0.001354096347729369,-0.0009467776456201735,-0.0017575885008508751
LTCUSDT,1719360000002,SHORT,0.00009115,0.00009646,0.00008082,1719363600000,-0.006721772963001275,-0.0001404987708670045,-0.00392652306469671
LTCUSDT,1719820800000,SHORT,0.00008511,0.0001,0.0001,1719824400000,0.0005326231816995352,0.0068122884165844975,0.008019289166619922
LTCUSDT,1720224000000,LONG,-0.0000979,-0.00000147,-0.00003415,1720227600000,-0.011452661674130414,-0.013726497313573257,0.013698844358161927
LTCUSDT,1720339200000,SHORT,0.000002,0.0000345,0.00008823,1720342800000,-0.0018572981658498803,0.0009299442703654782,0.019712778505437522
LTCUSDT,1720483200000,SHORT,0.00006795,0.00003977,0.00004282,1720486800000,0.0026350476380048913,-0.011389995384368025,-0.01764526026931775
LTCUSDT,1720598400000,SHORT,0.0000278,0.00009102,0.00001312,1720602000000,-0.0010640724573197737,-0.005006458154848608,-0.01224412545507931
LTCUSDT,1720857600000,SHORT,0.0000155,0.00003879,0.00007145,1720861200000,-0.0025586367903242826,0.007285226136206069,0.007715426185860848
LTCUSDT,1721030400000,SHORT,0.00002171,0.00002305,0.00004008,1721034000000,-0.0001424197111287308,0.003996009313381864,-0.026840647305959163
LTCUSDT,1721145600000,SHORT,0.00004503,0.00005515,0.00005513,1721149200000,0.004773278752657548,0.004089985251525055,-0.0035311730295473644
LTCUSDT,1721260800000,SHORT,0.0001,0.00002087,0.00006884,1721264400000,-0.002497573103483403,0.0016685209655120012,-0.009402724142171057
LTCUSDT,1721664000000,SHORT,0.0001,0.00007308,0.0001,1721667600000,-0.004885889526962517,-0.00933219392031751,0.0012602396122875549
LTCUSDT,1721808000000,SHORT,0.00005777,0.00007822,0.00002543,1721811600000,0.0034080872739464733,0.004227759450986362,0.01729624449761325
LTCUSDT,1723046400000,SHORT,0.00006069,0.00001563,0.00001695,1723050000000,0.002463055432397526,0.004049657792552754,-0.014652276786870415
LTCUSDT,1723276800000,SHORT,0.0000659,0.0001,0.00007331,1723280400000,0.003287313939960232,-0.004094003916886087,-0.00032813782082783327
LTCUSDT,1724457600000,SHORT,0.00005199,0.00007423,0.00006493,1724461200000,0.001671859953216646,0.0009115770913833285,-0.016715997991929837
LTCUSDT,1724716800001,SHORT,0.00000845,0.00003277,0.00004811,1724720400000,-0.00015844094147052638,-0.004111327739277305,0.003015157406071096
LTCUSDT,1725004800000,SHORT,0.00007045,0.00001855,0.00004287,1725008400000,-0.001581528085459335,-0.001739543413274782,-0.02052237764834679
LTCUSDT,1725148800000,SHORT,0.00004855,0.0001,0.00006578,1725152400000,0.006367964362670474,0.003878078233501064,0.007615236117757175
LTCUSDT,1725379200000,SHORT,0.00008869,0.0000424,0.00005565,1725382800000,-0.00030950170472999545,-0.012000144003110558,-0.017946643190836824
LTCUSDT,1725868800000,LONG,-0.0000077,-0.00001101,-0.00004361,1725872400000,-0.009411445675241437,-0.007753895154843366,0.005735370084744348
LTCUSDT,1726243200001,SHORT,0.00002911,0.000024,0.00001749,1726246800000,0.005583141053713271,0.0020125403495386053,-0.008776713510717828
LTCUSDT,1726617600000,LONG,-0.00001455,-0.0000711,-0.00002737,1726621200000,-0.0004711425293276228,0.0032917970002146117,-0.007090552042003054
LTCUSDT,1726732800000,SHORT,0.00003345,0.00006997,0.00004471,1726736400000,-0.005226760554015623,-0.009052612645842633,-0.011036286142885859
LTCUSDT,1727078400000,SHORT,0.0001,0.00007699,0.00008916,1727082000000,-0.0013338275412109017,0.008040543616174048,0.007293326963310132
AVAXUSDT,1672732800018,SHORT,0.0001,0.00000712,0.00001118,1672736400000,-0.006225562618821446,-0.008351150169635791,-0.009677351681373883
AVAXUSDT,1672963200005,SHORT,0.0001,0.0001,0.0001,1672966800000,0.0035674887067361706,0.013229399618473189,0.03222472335044829
AVAXUSDT,1673568000004,SHORT,0.0001,0.0001,0.0001,1673571600000,-0.003831928578956499,-0.019858436770436607,-0.024390655599993292
AVAXUSDT,1676217600002,SHORT,0.00005988,0.00000504,0.00003654,1676221200000,-0.003485462628892116,-0.0010905126489659065,0.044796512760574496
AVAXUSDT,1676332800013,SHORT,0.00002312,0.0001,0.0001,1676336400000,0.0048592349437053374,0.01037585622084356,-0.007556210142138581
AVAXUSDT,1677369600007,SHORT,0.0001,0.0001,0.0001,1677373200000,-0.00397303340110931,-0.008319654900425685,-0.011151495544647425
AVAXUSDT,1677916800008,SHORT,0.0001,0.0001,0.0001,1677920400000,0.0006561875738777888,0.001193388768639342,0.036126929091342054
AVAXUSDT,1678176000016,SHORT,0.00007534,0.0001,0.00008502,1678179600000,0.004638963333526421,0.00917662135251826,0.02753600324610182
AVAXUSDT,1678464000005,LONG,-0.00054534,-0.00024148,-0.00013189,1678467600000,-0.0027223864904800817,0.005219820006898581,-0.011209193982558312
AVAXUSDT,1678723200003,SHORT,0.0001,0.0001,0.0001,1678726800000,-0.0009144390553996277,0.002442600139695219,-0.0018889199169715635
AVAXUSDT,1679126400000,SHORT,0.0001,0.0001,0.0001,1679130000000,-0.0022217800463153583,-0.0055168631322293545,0.012453175196380006
AVAXUSDT,1679875200019,SHORT,0.00009518,0.00005948,0.0001,1679878800000,0.009296371963698896,0.010597685290600447,0.017189353802912387
AVAXUSDT,1682179200016,LONG,-0.00008252,-0.00009347,-0.00001018,1682182800000,0.005237137370204417,-0.0004084848187982621,-0.00544067800084588
AVAXUSDT,1682409600009,SHORT,0.0001,0.00002081,0.00002559,1682413200000,0.009225320297063857,0.0032808043957165906,-0.023355012633048212
AVAXUSDT,1682640000011,SHORT,0.0001,0.00008784,0.00009493,1682643600000,0.0022025818635495,-0.00016922860003711334,0.015692839667770013
AVAXUSDT,1682985600015,SHORT,0.00006271,0.00006429,0.00006234,1682989200000,0.004169568236724892,0.0031406681610865535,-0.004032142194491175
AVAXUSDT,1683216000011,SHORT,0.0001,0.00006287,0.00004834,1683219600000,0.0018874607467276921,0.005554584984042571,-0.003940370317270287
AVAXUSDT,1683446400000,LONG,-0.00003079,-0.00015008,-0.00007457,1683450000000,-0.002473233050782348,-0.0003012864956055602,0.0014449129545784796
AVAXUSDT,1683648000000,LONG,-0.00012876,-0.00007308,-0.00009284,1683651600000,-0.005605541988763318,-0.007568379572630562,-0.0024078363892991454
AVAXUSDT,1683820800005,SHORT,0.00009594,0.0001,0.00001095,1683824400000,0.010488088390661189,0.00459587181214736,0.014053634231395174
AVAXUSDT,1683936000000,SHORT,0.00002271,0.00006382,0.00003503,1683939600000,0.0027085070232664957,0.006021523570685917,0.006818283456140239
AVAXUSDT,1684540800005,SHORT,0.00000264,0.00004939,0.00000378,1684544400000,-0.004044286967011228,-0.003907459984516839,-0.002538159483012536
AVAXUSDT,1684627200014,LONG,-0.00005768,-0.00007723,-0.00000371,1684630800000,-0.005259754603444082,-0.00471199697249416,-0.013236142901557443
AVAXUSDT,1684713600028,SHORT,0.00005031,0.00001769,0.00001579,1684717200000,0.0008443569316731861,-0.005960537965471638,-0.017154036142529444
AVAXUSDT,1685664000000,SHORT,0.0001,0.0001,0.0001,1685667600000,-0.0014808027244902862,-0.007872396037758054,-0.01762653175863991
AVAXUSDT,1686441600001,LONG,-0.00032845,-0.00062672,-0.00049554,1686445200000,0.0072364202756829655,0.0033662799903737576,0.00500216653195516
AVAXUSDT,1687046400000,LONG,-0.00006723,-0.0000917,-0.00011727,1687050000000,-0.0012185570312788006,0.0054652055354062696,0.0035601131684287607
AVAXUSDT,1687449600000,SHORT,0.00008208,0.00005879,0.0001,1687453200000,-0.007640766940613773,-0.002891643607643766,-0.0014859424780854689
AVAXUSDT,1688169600000,SHORT,0.0001,0.0001,0.0001,1688173200000,-0.008112703304272896,0.003926857789096007,-0.0005377789858028366
AVAXUSDT,1688716800000,LONG,-0.00015923,-0.0001031,-0.0000507,1688720400000,0.0078056947499219615,0.01065785957360516,0.011211503752733061
AVAXUSDT,1688803200000,SHORT,0.00003173,0.000053,0.0001,1688806800000,0.007847779467961174,0.005494318059556391,0.007700525749538723
AVAXUSDT,1689350400000,SHORT,0.0001,0.0001,0.0001,1689354000000,0.03421265587587504,0.0743459068814177,0.06929206940860713
AVAXUSDT,1690128000000,SHORT,0.0000201,0.00007075,0.0001,1690131600000,-0.004104975710098385,-0.0023477633674721015,0.01890836001808473
AVAXUSDT,1690416000000,SHORT,0.00006606,0.0001,0.00004541,1690419600000,-0.006259211264966745,-0.0064847158323899845,-0.009336714163021013
AVAXUSDT,1690560000000,SHORT,0.00009493,0.0001,0.00007008,1690563600000,0.004926305009982817,0.0009833214362163006,-0.0011334014587441768
AVAXUSDT,1690704000000,SHORT,0.0001,0.00009068,0.0001,1690707600000,0.0012088245654534877,-0.0036929612004622785,0.006894750198358182
AVAXUSDT,1690934400000,SHORT,0.0000382,0.0001,0.0001,1690938000000,0.0014771625620873309,0.008504049689528382,0.013294948309299016
AVAXUSDT,1691164800000,LONG,-0.00004145,-0.00005397,-0.00000686,1691168400000,-0.005419203571666315,-0.018530189691960547,-0.021286799188490683
AVAXUSDT,1691366400000,SHORT,0.0001,0.0001,0.0001,1691370000000,-0.008294213985282517,-0.009787748830376142,-0.007822107595209198
AVAXUSDT,1691539200000,SHORT,0.00009228,0.0001,0.0001,1691542800000,0.0005520287195112043,0.0023679859514082803,-0.008087673152930385
AVAXUSDT,1691856000000,SHORT,0.00000406,0.00004158,0.00007913,1691859600000,0.0019289509276405284,0.007495501544574134,0.010331003910208804
AVAXUSDT,1691942400000,LONG,-0.00009679,-0.00010468,-0.00013785,1691946000000,0.0029199469201286543,0.004457599470899084,0.0030819164702075223
AVAXUSDT,1692057600001,SHORT,0.0001,0.0001,0.0001,1692061200000,0.002511241143128946,0.003972280364066779,0.004134749901385953
AVAXUSDT,1692518400000,LONG,-0.0001085,-0.00021601,-0.00017488,1692522000000,0.0019447151565822316,0.008675642786250097,0.009135011621559372
AVAXUSDT,1692691200000,LONG,-0.00014387,-0.00016897,-0.00023828,1692694800000,-0.0015597585536942962,-0.0041973803632343,-0.02745309172058473
AVAXUSDT,1693152000000,SHORT,0.00004544,0.00006553,0.00003024,1693155600000,0.007938494181649351,0.006365393867075959,0.017727468379194082
AVAXUSDT,1693411200000,SHORT,0.0001,0.0000896,0.00001154,1693414800000,0.0031839478873255576,-0.0025975289990957775,0.0006745362818998383
AVAXUSDT,1693555200000,LONG,-0.00005581,-0.00010635,-0.00020661,1693558800000,-0.0007996801705642901,0.001697200028023041,-0.011153092250055884
AVAXUSDT,1693872000000,LONG,-0.00008471,-0.00007374,-0.00011266,1693875600000,-0.0009242619399944164,0.0005131099707219934,0.014369674009695717
AVAXUSDT,1693987200000,SHORT,0.00006597,0.0000206,0.00005045,1693990800000,-0.002320537791560173,-0.0011104942840271153,-0.0001010049998331928
AVAXUSDT,1694160000000,LONG,-0.00011005,-0.00016389,-0.00003578,1694163600000,-0.006891413041331636,-0.009199144964017695,-0.01585105419232354
AVAXUSDT,1694304000000,LONG,-0.00003809,-0.00006457,-0.00027483,1694307600000,-0.011627439739214537,-0.040289314595019145,-0.020985935825302712
AVAXUSDT,1694534400000,SHORT,0.0000623,0.00005996,0.00005532,1694538000000,0.007026676119478882,0.0025887189518853855,0.008763918684518583
AVAXUSDT,1694620800000,LONG,-0.00011844,-0.00006234,-0.00011566,1694624400000,-0.007992266325041608,0.0012900453304898374,0.00010756736416560721
AVAXUSDT,1694793600000,SHORT,0.00000297,0.00007049,0.00000836,1694797200000,0.0017336660534688294,-0.004428848719078994,-0.03175208144190932
AVAXUSDT,1694995200000,LONG,-0.00013415,-0.00012303,-0.00024561,1694998800000,-0.0021287330877688996,0.017308764528329683,0.039930718884668766
AVAXUSDT,1695110400001,LONG,-0.00003048,-0.00007249,-0.0000646,1695114000000,0.0077871905517684645,-0.002391565440363638,-0.005116214284139386
AVAXUSDT,1695369600000,LONG,-0.00018022,-0.00006964,-0.00000825,1695373200000,-0.00022482014483194915,-0.00326484950856524,-0.009372774842835066
AVAXUSDT,1695513600000,SHORT,0.0000545,0.0001,0.0001,1695517200000,-0.002358094405824004,-0.0005619556202956779,-0.011513009301182143
AVAXUSDT,1695686400000,LONG,-0.00004927,-0.00002653,-0.00003515,1695690000000,0.004680717338891491,0.005236489042187439,0.005347606326595277
AVAXUSDT,1695772800000,SHORT,0.0001,0.0000463,0.0001,1695776400000,-0.00099387120985437,0.0013267000287598976,-0.005509048750184928
AVAXUSDT,1696636800000,LONG,-0.00011178,-0.00000289,-0.00002441,1696640400000,0,0.031069750599387585,-0.03947320465160018
AVAXUSDT,1696723200000,SHORT,0.00000213,0.0001,0.0001,1696726800000,-0.00028844767278505537,0.0016361102730583488,0.0356306654297941
AVAXUSDT,1697068800000,SHORT,0.0001,0.00002573,0.00009033,1697072400000,0.011397681051284234,0.010197528160516105,0.029686171388807556
AVAXUSDT,1697328000000,SHORT,0.00001196,0.00003806,0.00001961,1697331600000,-0.01023416662466385,-0.0013123361463503109,0.00339819455539833
AVAXUSDT,1697817600000,SHORT,0.00002129,0.00005311,0.00005468,1697821200000,-0.005887500652191188,-0.005017462533143527,-0.007299700115609765
AVAXUSDT,1697932800000,SHORT,0.00009849,0.0001,0.00009662,1697936400000,0.007562843610015309,0.0023766479799747662,-0.010676623335790253
AVAXUSDT,1698048000001,SHORT,0.00008803,0.0000563,0.00009574,1698051600000,0.01778090996835652,0.009150650682603758,-0.0051353065648727745
AVAXUSDT,1713225600001,SHORT,0.00002213,0.00001025,0.0001,1713229200000,-0.0057477232392820835,0.013237888673844017,0.0028717730441761595
AVAXUSDT,1713340800000,SHORT,0.0000603,0.00003477,0.00000455,1713344400000,0.000861747101844701,0.036461230129646166,0.03117461253039961
AVAXUSDT,1713542400000,SHORT,0.0001,0.00005872,0.0001,1713546000000,-0.004368677340457839,0.0062456533502239595,-0.012628178268938044
AVAXUSDT,1713657600000,LONG,-0.00010306,-0.00000936,-0.00005572,1713661200000,0.006162817891974553,0.011160329542446116,-0.013005056783517538
AVAXUSDT,1713974400000,SHORT,0.00003195,0.00008467,0.00001546,1713978000000,-0.006854147401240805,0.004396207894426267,0.020379003057117963
AVAXUSDT,1714147200000,LONG,-0.00012022,-0.00003628,-0.00002578,1714150800000,0.0026271467750237816,-0.001659798915851222,-0.015589970674530608
AVAXUSDT,1714233600000,SHORT,0.00003278,0.00005409,0.00003938,1714237200000,-0.02340816643778731,-0.009242804692698827,-0.022316776818282407
AVAXUSDT,1714377600000,SHORT,0.00002973,0.00003092,0.0000308,1714381200000,-0.006934631462214435,-0.012955768502749503,-0.042152344840427736
AVAXUSDT,1714608000000,SHORT,0.0000696,0.00000656,0.00006706,1714611600000,0.007664970459166258,0.009743401381295067,-0.01971172233725148
AVAXUSDT,1714780800000,SHORT,0.00003993,0.0000978,0.00006379,1714784400000,0.007036534423039315,-0.0010091949723989595,-0.010851327589647764
AVAXUSDT,1715011200000,SHORT,0.00004961,0.0001,0.0001,1715014800000,0.005802724212567423,-0.006062162213977357,0.009473641744521588
AVAXUSDT,1715385600000,SHORT,0.00003559,0.0001,0.0001,1715389200000,0.002726735536524063,0.010562902264351305,0.012089597266847404
AVAXUSDT,1715846400000,SHORT,0.0001,0.0001,0.0001,1715850000000,-0.0103058082959099,0.0057749112159845035,0.008164259361658675
AVAXUSDT,1718870400000,SHORT,0.00005326,0.000084,0.00002707,1718874000000,0.0029567376330993387,0.0021721721351321975,0.01649788163121275
AVAXUSDT,1718985600000,SHORT,0.00005402,0.0000057,0.0001,1718989200000,0.007762957253628107,-0.011115882447987944,0.04034719948614946
AVAXUSDT,1719187200002,LONG,-0.00006142,-0.00005927,-0.00006016,1719190800000,-0.0037979536727587473,-0.009663073125156877,-0.008736830181945337
AVAXUSDT,1719273600000,SHORT,0.0001,0.0001,0.0001,1719277200000,-0.004232426657900149,-0.02142025631925182,-0.01805384984493653
AVAXUSDT,1719532800000,SHORT,0.00003318,0.0000647,0.0001,1719536400000,-0.00670962851571884,-0.01020800783778454,-0.03206140817300076
AVAXUSDT,1719648000000,SHORT,0.00005718,0.0001,0.0001,1719651600000,0.0012396622622850401,0.015841067634230648,0.015373668700739078
AVAXUSDT,1720252800000,SHORT,0.00001672,0.00001245,0.00002897,1720256400000,-0.009046645732341653,-0.01402448909815106,-0.0701435788795012
AVAXUSDT,1720598400000,SHORT,0.00002148,0.0001,0.0001,1720602000000,-0.0010083846160814766,0.0015331977649549636,0.029232646632540764
AVAXUSDT,1720713600004,LONG,-0.00002148,-0.00002673,-0.0001156,1720717200000,0.0038038515699706727,-0.00523922334527156,-0.0063852646886719796
AVAXUSDT,1721001600000,LONG,-0.00003987,-0.00006366,-0.00000361,1721005200000,0.0004887493752950881,0.008313720506331885,0.00902205464596376
AVAXUSDT,1721376000000,LONG,-0.00007145,-0.00004197,-0.00000708,1721379600000,-0.006421526639872634,0.00189615806073332,0.050116613385507866
AVAXUSDT,1721462400000,SHORT,0.00000957,0.00007892,0.0001,1721466000000,0.001032046925178088,0.004741964496737948,-0.02864601167533458
AVAXUSDT,1721808000000,LONG,-0.000034,-0.00007016,-0.00012399,1721811600000,0.0004327491287721433,-0.004873011211656785,-0.03637997594999316
AVAXUSDT,1721952000000,LONG,-0.00000876,-0.00013094,-0.00015478,1721955600000,-0.0031879252370156947,0.019957561298908508,0.018378405818748916
AVAXUSDT,1722153600000,LONG,-0.00005097,-0.00006412,-0.0000133,1722157200000,-0.0007960055417051508,-0.005149043213171336,-0.007952255999532967
AVAXUSDT,1722326400001,LONG,-0.00000941,-0.00039414,-0.00028592,1722330000000,-0.001331311908478771,-0.007009244517388784,-0.021139119990013815
AVAXUSDT,1722499200000,LONG,-0.00010684,-0.00008588,-0.00006929,1722502800000,-0.0030746210511415233,0.008894520170938622,-0.006752913410039328
AVAXUSDT,1722672000000,LONG,-0.00013571,-0.00019328,-0.00006371,1722675600000,0.0025807557741850022,0.012754040083919036,-0.04931983080963959
AVAXUSDT,1724112000000,LONG,-0.00010787,-0.00009285,-0.00018766,1724115600000,0.012385064494970675,0.017993501022707605,0.031290600404920155
AVAXUSDT,1724198400001,SHORT,0.00007855,0.00003385,0.00004938,1724202000000,-0.0068692004795977,-0.0403958004092505,-0.03336430237909142
AVAXUSDT,1724284800000,LONG,-0.00004116,-0.00000938,-0.00008936,1724288400000,-0.0032790405192239043,-0.006954101277032926,0.006610473667455855
AVAXUSDT,1724572800000,SHORT,0.00000009,0.00007134,0.00001339,1724576400000,-0.0002647954470656749,-0.005809364106839948,-0.016844320005342178
AVAXUSDT,1724716800001,SHORT,0.00006217,0.00004313,0.00000978,1724720400000,-0.0011474909459852185,-0.010810504580989156,0.013834783948401208
AVAXUSDT,1724860800001,LONG,-0.00005919,-0.00009814,-0.00006989,1724864400000,-0.013858595979459615,-0.0047106412814565905,-0.01598815937210841
AVAXUSDT,1725120000000,SHORT,0.00003957,0.00005597,0.00005589,1725123600000,0.009575785281676774,0.001406346368733419,0.01736554669011885
AVAXUSDT,1725206400000,LONG,-0.00002813,-0.00010052,-0.00006034,1725210000000,-0.014555109705506298,-0.0032463169318468254,-0.030391919838114928
AVAXUSDT,1725811200000,SHORT,0.00002022,0.0001,0.00008247,1725814800000,-0.01743221819957565,-0.016648382590727148,-0.0333669178797037
AVAXUSDT,1725955200000,LONG,-0.00000726,-0.00001522,-0.000161,1725958800000,0.0036262478596435312,0.00841295501740685,0.028073480446022037
AVAXUSDT,1726099200000,LONG,-0.00001489,-0.00005715,-0.00006667,1726102800000,0.012449439540008185,0.008175476662274136,0.007624033351517634
AVAXUSDT,1726243200001,SHORT,0.00000134,0.00000328,0.00007261,1726246800000,0.0004471999261439631,-0.00429916301365617,-0.015767409341208086
AVAXUSDT,1726444800000,LONG,-0.00003515,-0.00003035,-0.00003637,1726448400000,-0.007267228197567028,-0.009304753310311458,-0.002233696008281776
AVAXUSDT,1726761600001,SHORT,0.00007935,0.0001,0.00006056,1726765200000,-0.0010955179306192135,0.0008697132385384848,-0.05932310753798094
AVAXUSDT,1726963200000,SHORT,0.0001,0.0001,0.00009162,1726966800000,0.01019228392269719,0.010082528494266463,0.0225247121213079
AVAXUSDT,1727280000000,SHORT,0.0001,0.0000815,0.0001,1727283600000,0.01002176715622105,0.0005077799245878653,0.003778250516536005
AVAXUSDT,1727395200000,SHORT,0.0001,0.0001,0.0001,1727398800000,0.004525359980377575,-0.006002132400335957,-0.029490720866008596
AVAXUSDT,1727856000000,LONG,-0.00008854,-0.00009911,-0.00013828,1727859600000,-0.02320289707966387,-0.03672420801350802,-0.04223925142517324
AVAXUSDT,1727971200000,LONG,-0.00011105,-0.00014586,-0.00020334,1727974800000,0.011028918376751786,0.015276249763874575,0.030964748799068693
AVAXUSDT,1728201600001,LONG,-0.00003097,-0.00009697,-0.0000671,1728205200000,0.0024083040749868696,0.019406309444079083,0.027221040085332875
AVAXUSDT,1728403200000,SHORT,0.00006262,0.00003536,0.00000325,1728406800000,0.0024909433169681594,-0.001393728448603883,0.010039294062416193
AVAXUSDT,1728604800000,LONG,-0.00001035,-0.00001936,-0.00008407,1728608400000,0.008787199563755451,0.007750631662130846,0.02764062203933059
AVAXUSDT,1728720000001,SHORT,0.0000716,0.0001,0.0001,1728723600000,-0.009482433150515187,-0.017095035909957312,-0.02141921617282982
AVAXUSDT,1729065600001,LONG,-0.00009021,-0.00011908,-0.0001177,1729069200000,0.010647483259821684,0.01982268480392059,0.018568316751265884
AVAXUSDT,1729180800001,SHORT,0.00004453,0.00005767,0.00004914,1729184400000,0.011321083012737274,0.010069103617328478,0.00036437837453156207
AVAXUSDT,1729785600000,SHORT,0.00000135,0.00003859,0.0001,1729789200000,-0.000822522198389594,-0.007712551503884393,0.019297817570677032
AVAXUSDT,1729900800000,LONG,-0.00011919,-0.00000947,-0.00017851,1729904400000,-0.0009211238361295263,0.011937589536534036,0.023460674467184462
AVAXUSDT,1730217600004,SHORT,0.0001,0.00009964,0.00008578,1730221200000,0.0016308380189765143,0.01755938567174478,0.015864757237049328
AVAXUSDT,1730419200000,LONG,-0.00005124,-0.00013588,-0.00044336,1730422800000,-0.0035403963597907123,0.002366675125413247,0.0178320279906086
AVAXUSDT,1730908800000,SHORT,0.0001,0.0001,0.0001,1730912400000,-0.0021257220273018305,-0.008852628464196545,-0.03692933903880857
AVAXUSDT,1734652800000,LONG,-0.00003161,-0.00001157,-0.00004235,1734656400000,-0.0008939632537938155,0.004915266291544756,-0.08996565755407257
AVAXUSDT,1734796800001,SHORT,0.0001,0.00007826,0.0001,1734800400000,-0.007423471693292427,0.006657005167861265,0.03504524520330755
AVAXUSDT,1735488000000,SHORT,0.00008359,0.0001,0.00008552,1735491600000,0.0022625692561483975,0.0034510877558991786,0.005084147891586742
UNIUSDT,1672761600000,SHORT,0.0000605,0.0001,0.0001,1672765200000,0.00018919685989639425,-0.00885211543636792,-0.05197410685002104
UNIUSDT,1678492800011,SHORT,0.00008942,0.0001,0.0001,1678496400000,-0.021415598153550305,0.004089258076371431,0.058453453185434955
UNIUSDT,1678723200003,SHORT,0.00007266,0.0001,0.0001,1678726800000,-0.006343031757433865,0.0039234969409265765,0.004087310521438748
UNIUSDT,1679817600015,SHORT,0.00002205,0.00004399,0.00009728,1679821200000,0.00103878125684445,-0.004488957814213829,0.005552677810036431
UNIUSDT,1680681600016,SHORT,0.0001,0.0001,0.0001,1680685200000,0.00443881515121095,0.004121102678323868,0.019325044425685174
UNIUSDT,1681372800010,SHORT,0.0001,0.0001,0.0001,1681376400000,-0.010076900335462453,-0.020703992909748628,-0.0268648424872679
UNIUSDT,1682294400000,SHORT,0.0001,0.0001,0.0001,1682298000000,-0.0025570790188910093,0.0029304050274169997,0.008632618583501893
UNIUSDT,1683676800007,SHORT,0.00004441,0.00007242,0.00005462,1683680400000,-0.0034298429668944337,-0.0052408908509713826,-0.02613093728886645
UNIUSDT,1686096000000,SHORT,0.00004041,0.0001,0.0001,1686099600000,0.004632562506734789,0.000630450793184205,0.01930275225452871
UNIUSDT,1686441600001,LONG,-0.00003151,-0.00014967,-0.00005554,1686445200000,0.0017316021642781155,0.005924480424313862,0.001978729312452626
UNIUSDT,1686585600001,SHORT,0.00006679,0.0001,0.00000552,1686589200000,-0.01083173425764624,-0.029333210767945345,-0.04565058912645061
UNIUSDT,1686672000000,LONG,-0.00000162,-0.00015319,-0.00014533,1686675600000,0.0014124296133425803,0.008211189830394844,0.010078604005190252
UNIUSDT,1686988800000,SHORT,0.00009398,0.0000504,0.00005005,1686992400000,0.0028038409396419226,0.009739282696794875,0.025743131885895054
UNIUSDT,1687363200000,SHORT,0.0001,0.0001,0.00003971,1687366800000,-0.009962986491149451,-0.01312188139970377,-0.036192633422485486
UNIUSDT,1687824000000,SHORT,0.00005062,0.00008637,0.00002667,1687827600000,-0.006828554606859989,-0.007962127371359078,-0.014736711053114105
UNIUSDT,1688947200000,LONG,-0.00007515,-0.000006,-0.00003531,1688950800000,-0.004107585237445513,0.0033128745100083905,0.006226912511857929
UNIUSDT,1689033600000,SHORT,0.0001,0.0001,0.0001,1689037200000,-0.006294727508786437,-0.0030569378027939425,0.0022988515871107127
UNIUSDT,1689350400000,SHORT,0.0001,0.0001,0.0001,1689354000000,0.021474231198078085,0.05423066002196742,0.0507859442491852
UNIUSDT,1689638400000,SHORT,0.0001,0.00007844,0.0001,1689642000000,-0.010888791729636922,-0.02593661597781889,-0.01686887599610873
UNIUSDT,1692403200000,SHORT,0.00004379,0.0001,0.00000756,1692406800000,0.00974824941366059,0.00770951272381236,0.01097348950976163
UNIUSDT,1692576000000,SHORT,0.00005381,0.0000553,0.00000839,1692579600000,0.004084138819748705,0.01540229647525259,0.015816289443285007
UNIUSDT,1692950400000,SHORT,0.00001666,0.0000285,0.00005713,1692954000000,0.0004345936617727494,0.002828240762650622,0.014442264153277555
UNIUSDT,1693152000000,SHORT,0.00002153,0.00008729,0.00006475,1693155600000,0.005991886105909407,0.0032054734146432615,0.01569755918900723
UNIUSDT,1693411200000,SHORT,0.0001,0.00009852,0.0001,1693414800000,-0.0006457862671962811,-0.0021510010444548058,0.004532218829556646
UNIUSDT,1693641600000,SHORT,0.00006857,0.00009504,0.00008468,1693645200000,-0.012003837580256754,-0.01383785918558086,-0.013379669028653072
UNIUSDT,1694102400000,SHORT,0.0001,0.0001,0.00005806,1694106000000,-0.0006734762854176187,-0.0004490345832073373,-0.0004490345832073373
UNIUSDT,1694246400000,LONG,-0.000112,-0.00003464,-0.0000008,1694250000000,0.0004612546207239423,-0.0034662079764861725,-0.0018471489897573922
UNIUSDT,1694476800000,SHORT,0.00006412,0.00005227,0.00006662,1694480400000,0.0065781696583362605,-0.012308590293061944,-0.02848786303882431
UNIUSDT,1694592000000,SHORT,0.00009332,0.0001,0.00008892,1694595600000,-0.002812282144112838,-0.00374795472699649,0.001879258246278445
UNIUSDT,1694851200000,SHORT,0.0001,0.0001,0.0001,1694854800000,0.0011532696469102762,0.00023054755145356218,0.0034638067191877842
UNIUSDT,1694937600000,LONG,-0.00006939,-0.00002275,-0.0000015,1694941200000,0.008477539602434147,0.0022983232364760606,-0.022572220701563478
UNIUSDT,1695340800000,LONG,-0.0000183,-0.00007307,-0.00005601,1695344400000,0.0009391876717597923,-0.005417514133341847,-0.0011752263663138288
UNIUSDT,1695513600000,LONG,-0.00007923,-0.00000589,-0.00000722,1695517200000,0.0032748567279841296,-0.0007031524958645101,0.0037418191459953486
UNIUSDT,1695600000000,SHORT,0.00003511,0.0001,0.00001799,1695603600000,0.004000475978834094,0.0032933457195511145,0.005416238367269919
UNIUSDT,1695888000000,LONG,-0.00003189,-0.0000698,-0.00002925,1695891600000,0.00302572091653689,0.004419125693775452,0.028947576034868718
UNIUSDT,1695974400000,SHORT,0.00003609,0.0000095,0.00004961,1695978000000,-0.0029131673263315012,-0.0011214535211447772,0.017202778236628212
UNIUSDT,1696089600000,SHORT,0.00006482,0.00002976,0.00002977,1696093200000,-0.002015903919341902,0.0015707396924072563,0.0015707396924072563
UNIUSDT,1696291200000,LONG,-0.00001096,-0.00003384,-0.00004014,1696294800000,0.005351183337859395,0.0046838493124264375,-0.011919628361104329
UNIUSDT,1696435200000,LONG,-0.00000397,-0.0000178,-0.0001113,1696438800000,-0.002091807851654843,-0.00046446819227959676,-0.002091807851654843
UNIUSDT,1696579200000,SHORT,0.00000464,0.00007388,0.00006298,1696582800000,0.0009186955170724693,0.010616300955057707,-0.006635420753432273
UNIUSDT,1696982400000,SHORT,0.00002454,0.00000024,0.00003449,1696986000000,-0.0016914344977378868,0.007038009878912756,0.0046055105038515145
UNIUSDT,1697212800000,LONG,-0.00017505,-0.00001775,-0.00002233,1697216400000,-0.0014932805164120618,0.008173420114671311,0.006939309134887216
UNIUSDT,1697299200000,SHORT,0.00003334,0.00005966,0.0001,1697302800000,0.0009801520020173802,-0.0004897159745275297,-0.007806821791594535
UNIUSDT,1697529600000,LONG,-0.00008367,-0.00012134,-0.00006358,1697533200000,-0.0017260514703239026,-0.03127991788989336,-0.05546427125712531
UNIUSDT,1697673600000,SHORT,0.00003557,0.0001,0.0001,1697677200000,0.008686820083151105,0.007148358241245314,0.009456939489715311
UNIUSDT,1713456000000,SHORT,0.00001694,0.00009997,0.00009858,1713459600000,0.014549781014731299,-0.011461839213768496,0.0029209284276636763
UNIUSDT,1713916800000,SHORT,0.00000668,0.00008293,0.00003342,1713920400000,-0.001616815226905256,-0.01458075998333312,-0.00966191091173689
UNIUSDT,1714233600000,SHORT,0.00002802,0.0000016,0.0001,1714237200000,-0.035918277793058374,-0.03090133512417456,-0.039290541027599435
UNIUSDT,1714492800000,SHORT,0.00008967,0.0001,0.00002448,1714496400000,-0.001407261701424197,0.01618433962964295,0.001973499371837612
UNIUSDT,1714665600002,SHORT,0.00007174,0.00004939,0.0000559,1714669200000,-0.007336376020068831,-0.0016977932770940486,-0.005225631551054252
UNIUSDT,1714896000000,SHORT,0.0001,0.00001323,0.0001,1714899600000,0.004693899854087808,0.010626234900529117,-0.006135806898456112
UNIUSDT,1715587200001,SHORT,0.0001,0.00008712,0.00005651,1715590800000,0.0019506763883695652,0.014441190330261547,0.02366307593001659
UNIUSDT,1715846400000,SHORT,0.0001,0.0001,0.0001,1715850000000,-0.006246625417956215,0.009581239460724601,0.015374359110484183
UNIUSDT,1716105600000,SHORT,0.00008614,0.0001,0.00000745,1716109200000,-0.001786854336309958,0.014151786418402867,0.023132129194100855
UNIUSDT,1716278400001,SHORT,0.0000747,0.0001,0.0001,1716282000000,0.0011823508659598136,-0.01376241916984297,-0.02681523606955886
UNIUSDT,1719100800000,SHORT,0.00007975,0.0001,0.0001,1719104400000,-0.0036235570599383454,-0.008534616792724048,-0.010133018731437222
UNIUSDT,1719763200000,SHORT,0.00005851,0.0001,0.00007921,1719766800000,-0.00536311688819059,-0.008414890373866876,-0.03356128307973823
UNIUSDT,1721232000000,SHORT,0.00005755,0.0001,0.00008693,1721235600000,0.0007553821333627334,-0.008396565403526353,-0.004269754069310304
UNIUSDT,1721520000000,SHORT,0.0001,0.00001021,0.00009138,1721523600000,-0.0038844732761417794,-0.005508965979533466,0.004530019071750011
UNIUSDT,1722211200001,LONG,-0.00005332,-0.00005028,-0.000038,1722214800000,-0.0031645596029630254,0.021360541245087926,0.025604101911384354
UNIUSDT,1722297600000,SHORT,0.0001,0.0001,0.0000991,1722301200000,0.010434423613754748,0.007946371521635125,0.01556095472308845
UNIUSDT,1722585600001,SHORT,0.00000634,0.0001,0.00006805,1722589200000,0.0063510198656196795,0.006917511879069753,0.060308127167827304
UNIUSDT,1723017600001,SHORT,0.00009544,0.00008656,0.00000472,1723021200000,-0.00202737018250204,0.010540730032593792,0.05349426031456961
UNIUSDT,1723564800000,LONG,-0.00002784,-0.00007652,-0.00002123,1723568400000,0.008032171697264253,-0.0017409199617369848,0.007718396984931544
UNIUSDT,1723708800000,SHORT,0.00001367,0.00007169,0.00008576,1723712400000,-0.0007968762872879927,-0.0042956075916853655,0.023390049304589284
UNIUSDT,1723852800000,SHORT,0.0001,0.00001138,0.00004045,1723856400000,0.003095019493228258,-0.004009257490717984,0.005577950626053895
UNIUSDT,1724112000000,SHORT,0.00006018,0.00004948,0.00006918,1724115600000,0.005727028061803638,-0.014957375601745248,-0.01010109598650392
UNIUSDT,1724284800000,SHORT,0.00008845,0.00007827,0.0001,1724288400000,-0.0014186411799006016,0.009127273859678497,0.018194041015512027
UNIUSDT,1724716800001,SHORT,0.00007792,0.00005572,0.00003167,1724720400000,-0.0023811424854829604,0.002227526776269642,0.02771688867179668
UNIUSDT,1724860800001,LONG,-0.00009736,-0.00008273,-0.00012096,1724864400000,-0.009976454496372883,0.002782610491111982,0.0005223296018467767
UNIUSDT,1725062400000,SHORT,0.00004569,0.00004128,0.00005977,1725066000000,0.0035772118888976363,-0.013846894663149822,-0.012504387329444583
UNIUSDT,1725264000001,LONG,-0.00001393,-0.00015285,-0.0000344,1725267600000,0.006368380832598375,0.006034212074267348,0.038910282687212076
UNIUSDT,1725350400001,SHORT,0.00005573,0.0001,0.0001,1725354000000,-0.0008071676925444782,-0.012518218357403138,-0.0001614856684978454
UNIUSDT,1725552000005,SHORT,0.00007322,0.00004033,0.00007611,1725555600000,-0.006082938558248184,-0.007518231046095737,-0.00831472650835556
UNIUSDT,1725926400000,SHORT,0.0000517,0.0000443,0.0001,1725930000000,0.004937542760997443,0.019898154246793417,0.022031976120297492
UNIUSDT,1726041600000,LONG,-0.00001623,-0.00000563,-0.00002144,1726045200000,-0.005225062271954159,0.011105466916360069,0.02760821456583244
UNIUSDT,1726185600000,LONG,-0.00011816,-0.00005025,-0.00001817,1726189200000,0.0001479399366556335,-0.00996216699363957,0.019196134907350018
UNIUSDT,1726300800000,SHORT,0.00006073,0.0000022,0.0000391,1726304400000,-0.001935244370266962,0.006727991290554347,0.006727991290554347
UNIUSDT,1726416000000,SHORT,0.00003684,0.00006443,0.00007163,1726419600000,0.004619634174942025,0.013169900020294962,0.04314156240907075
UNIUSDT,1726732800000,SHORT,0.00001423,0.00003465,0.0001,1726736400000,0.0004422495833856493,-0.0017670450776687014,-0.0013255764515595456
UNIUSDT,1727107200000,SHORT,0.00003953,0.00008821,0.00009614,1727110800000,-0.0027771705344933153,-0.004235747222485002,-0.0005853087670757732
UNIUSDT,1728086400000,LONG,-0.00001434,-0.00006838,-0.00008689,1728090000000,-0.007414031588457642,-0.008903456945719689,0.0069194240005438805
UNIUSDT,1728201600001,SHORT,0.00006753,0.00000342,0.00006158,1728205200000,-0.0013199385945117045,-0.005269333035359131,-0.02220539680920689
UNIUSDT,1728316800001,SHORT,0.00004523,0.00008943,0.0001,1728320400000,-0.0022866376228851256,0.018072371752792377,0.022056714455896177
UNIUSDT,1728720000001,SHORT,0.0001,0.0001,0.0001,1728723600000,-0.006460216273488234,-0.011623630553594989,-0.04132510850142803
ZECUSDT,1672732800018,LONG,-0.00009094,-0.0004691,-0.00022168,1672736400000,-0.004971424606451309,-0.0034774004241670355,-0.01272631024922649
ZECUSDT,1673164800000,LONG,-0.00018694,-0.00009465,-0.00010763,1673168400000,-0.00336619697519259,-0.0106178603705129,0.0038332581676617
ZECUSDT,1673251200000,SHORT,0.00001307,0.00004925,0.0001,1673254800000,-0.0025008538667910616,-0.0018194228353118562,0.018146817026677906
ZECUSDT,1674201600000,SHORT,0.0001,0.0001,0.0001,1674205200000,-0.0024660924951934683,-0.01934038276059429,-0.08185406798248507
ZECUSDT,1678579200001,SHORT,0.0001,0.0001,0.0001,1678582800000,0.0009629273733934415,0.0032133703742897065,0.004501615318956941
ZECUSDT,1678723200003,SHORT,0.0001,0.0001,0.0001,1678726800000,0.0005689900580249758,-0.006520221540395769,0.0011383040500602807
ZECUSDT,1680105600014,SHORT,0.0001,0.0001,0.0001,1680109200000,-0.003486660364721583,0.0021516952895449014,-0.006427445801837903
ZECUSDT,1685145600012,SHORT,0.00009092,0.0001,0.00009281,1685149200000,0.0003076449801221464,-0.0015368068185256704,0.0015391722293686915
ZECUSDT,1685260800015,SHORT,0.0001,0.0001,0.0001,1685264400000,0.00030070666291838406,0.009364212816265255,-0.013142363593534602
ZECUSDT,1686124800016,SHORT,0.0001,0.0001,0.0001,1686128400000,0.017790411045925873,0.005440339837825181,0.0222879104104365
ZECUSDT,1686470400000,SHORT,0.0001,0.0001,0.0001,1686474000000,0.0012634240467720174,-0.005456466843273921,-0.053668417675757855
ZECUSDT,1686729600000,SHORT,0.00008421,0.0001,0.00006265,1686733200000,-0.0003947108794091983,0.001580403331710084,0.051438753467050985
ZECUSDT,1686844800000,SHORT,0.00007465,0.0001,0.0001,1686848400000,0.0040950098174653594,-0.020227226837101608,-0.004891978773521031
ZECUSDT,1686960000000,SHORT,0.00004388,0.0001,0.0001,1686963600000,-0.0007927071362389057,-0.02273716139079838,-0.026219463226672894
ZECUSDT,1687910400000,SHORT,0.0001,0.0001,0.0001,1687914000000,0.003656311203110432,0.022141125877213518,0.034084622227006235
ZECUSDT,1688169600000,SHORT,0.0001,0.0001,0.00001025,1688173200000,-0.010280601634367198,0.01397376684702557,0.00770602509266598
ZECUSDT,1688688000000,SHORT,0.00006255,0.0000559,0.00007539,1688691600000,-0.01108586508176284,-0.01948113557182249,-0.019159540457296443
ZECUSDT,1688832000000,LONG,-0.00007624,-0.00010762,-0.00012305,1688835600000,-0.010152371464017962,-0.019698139547273313,0.0024352073262491726
ZECUSDT,1688976000000,SHORT,0.00006531,0.0001,0.000094,1688979600000,-0.006269613013595395,0.0006990563024978823,-0.021089804994849776
ZECUSDT,1691625600001,SHORT,0.0001,0.00008559,0.0001,1691629200000,-0.003724399090982494,-0.0030482665432500088,-0.005412733106750259
ZECUSDT,1692547200000,LONG,-0.00003592,-0.00001816,-0.00010693,1692550800000,0.00601083757270423,0.021078529461094005,-0.0004020100556653647
ZECUSDT,1692662400000,SHORT,0.0001,0.0000468,0.0001,1692666000000,-0.0008025682613773624,0.0024115767314512437,-0.014348592126013792
ZECUSDT,1692806400000,SHORT,0.0001,0.0001,0.00001444,1692810000000,-0.012999986112940114,-0.017296028650717027,-0.006324131749468081
ZECUSDT,1692892800000,LONG,-0.00009078,-0.00002048,-0.00014161,1692896400000,-0.0073230595771890845,-0.02254655868228071,-0.013877773745834175
ZECUSDT,1693065600000,LONG,-0.00006891,-0.00000521,-0.00001403,1693069200000,0.004445349813848401,0.0020230636072535654,0.008469500113573784
ZECUSDT,1693756800000,LONG,-0.00017801,-0.00011371,-0.00005782,1693760400000,0.00040379568487274145,0.0020173498873142536,0.010046297073132397
ZECUSDT,1693872000000,SHORT,0.00002944,0.0001,0.0001,1693875600000,-0,-0.010608014612193713,-0.0138495085363646
ZECUSDT,1694073600000,SHORT,0.0001,0.0001,0.0000108,1694077200000,0.0012016824999040315,0.010462872107941602,-0.0027983228334422412
ZECUSDT,1694678400001,SHORT,0.0001,0.0001,0.0000515,1694682000000,0.0007846214604178179,-0.005475179888088941,0.011041121627606967
ZECUSDT,1694851200000,SHORT,0.0001,0.0001,0.0001,1694854800000,0.002671247533833708,0.004966581364850749,0.010342938401231183
ZECUSDT,1695110400001,SHORT,0.00008993,0.00003713,0.00008799,1695114000000,-0.003838776307165667,0.009661910911736859,0.017850687417088795
ZECUSDT,1695628800000,SHORT,0.00004213,0.0001,0.0001,1695632400000,-0.0007665772701956842,-0.003444979483602459,-0.0019153424740689874
ZECUSDT,1695830400000,SHORT,0.0001,0.0001,0.0001,1695834000000,0.0011540682181067506,-0.0034542348680876036,-0.0015366887388158221
ZECUSDT,1696838400000,SHORT,0.00001913,0.0001,0.0001,1696842000000,0.025209789581776984,0.019726031225520652,0.02914525314201226
ZECUSDT,1697241600000,SHORT,0.0001,0.0001,0.0001,1697245200000,-0.0011983224921087163,-0.0027938553395657475,-0.00359066813072854
ZECUSDT,1697846400000,SHORT,0.00001603,0.0001,0.00005327,1697850000000,-0,-0.0023715426134810367,-0.006704817071818506
ZECUSDT,1713859200000,SHORT,0.00007323,0.0001,0.0001,1713862800000,0.004168409537179626,0.0045862077467248704,-0.0037367699699335315
ZECUSDT,1714003200000,SHORT,0.0001,0.0001,0.0000897,1714006800000,0.008729867750978025,0.010485023971626362,0.023302879021784264
ZECUSDT,1714118400000,SHORT,0.0001,0.0001,0.0001,1714122000000,0.0004352557196028347,0.003924138456134258,-0.00520834510713826
ZECUSDT,1714867200000,SHORT,0.00007214,0.0001,0.00003165,1714870800000,0.00348888273653147,0.011383660583539705,-0.0008703220740832486
ZECUSDT,1715011200000,SHORT,0.0001,0.00002436,0.0001,1715014800000,-0.005633817718256064,-0.0069294343970102475,0.0013046316266649694
ZECUSDT,1720454400000,SHORT,0.0001,0.0001,0.00002028,1720458000000,-0.011011122263117427,-0.010015106244521267,-0.036080019231809875
ZECUSDT,1720713600004,SHORT,0.0001,0.0001,0.0001,1720717200000,-0.0029368596733097057,-0.01044941587434114,0.0046325625067349
ZECUSDT,1721116800000,SHORT,0.0001,0.0001,0.0001,1721120400000,-0.02166149678117925,-0.02336073253413914,-0.028441183766558218
ZECUSDT,1721232000000,SHORT,0.0001,0.0001,0.0001,1721235600000,-0.02310016094839305,-0.043505828955660714,-0.013860012362908713
ZECUSDT,1722412800000,SHORT,0.0001,0.0001,0.0001,1722416400000,0.005705245269321304,-0.00755671102256102,-0.010062977998620746
ZECUSDT,1722556800000,SHORT,0.00001688,0.0001,0.0001,1722560400000,0.012858888175540555,0.05838733208813834,-0.06045963102804625
ZECUSDT,1722672000000,LONG,-0.00043648,-0.00022004,-0.00040992,1722675600000,0.005105882845033758,-0.011812949726710353,-0.040872181466640956
ZECUSDT,1722787200000,SHORT,0.0001,0.00009116,0.0001,1722790800000,-0.010839324388073076,-0.051177699859997046,0.0984856257115635
ZECUSDT,1723622400000,SHORT,0.0001,0.00002784,0.00009004,1723626000000,-0.0033711684921831327,0.029934829707238216,0.045127362191171375
ZECUSDT,1725379200000,SHORT,0.0001,0.0001,0.00004868,1725382800000,-0.0024142105190228806,-0.009280011605638882,-0.006539345278985758
ZECUSDT,1725840000000,SHORT,0.0001,0.00003717,0.00002734,1725843600000,0.0035932485661253856,0.015543417936783458,-0.01883160997377346
ZECUSDT,1726070400000,LONG,-0.00012135,-0.00002859,-0.00002108,1726074000000,0.0020181641562371953,-0.0013477090988678693,0.010716780396661957
ZECUSDT,1726156800000,SHORT,0.0001,0.00008938,0.0001,1726160400000,0.00033915550604896375,0.006463706804163167,0.005099450112349137
ZECUSDT,1726531200001,SHORT,0.00006222,0.0001,0.0001,1726534800000,-0.00620477688688287,-0.017481164954817406,-0.01850001374392021
ZECUSDT,1727308800005,SHORT,0.00006361,0.0001,0.0001,1727312400000,-0.01272101960131086,-0.02562892601164434,-0.03494415638602116
ZECUSDT,1728288000000,SHORT,0.00000593,0.0001,0.0001,1728291600000,0.00607289315789912,0.01798792773577034,0.015593536306211863
ZECUSDT,1728720000001,SHORT,0.00008906,0.0001,0.0001,1728723600000,-0.003350086885282027,0.003641970687568545,0.03819215952191993
ZECUSDT,1731052800000,SHORT,0.0001,0.0001,0.0001,1731056400000,-0.004606180414897281,-0.007359738832080137,-0.05872177512816231
ZECUSDT,1734998400000,SHORT,0.0001,0.0001,0.0001,1735002000000,-0.010133944398343466,-0.03583542594884622,-0.05917489226814934
