strategy,symbol,entry_time,year,side,exit_reason,raw_net_pnl,norm_return
FULL,ADAUSDT,1725447660000,2024,SHORT,stop_loss,-67.13785505,-0.016784463761
FULL,ADAUSDT,1725472860000,2024,SHORT,stop_loss,-65.22566205,-0.017479984154
FULL,ADAUSDT,1740646860000,2025,SHORT,stop_loss,-59.67872030,-0.017195773078
FULL,ADAUSDT,1740668460000,2025,SHORT,take_profit,61.59726529,0.019059556123
FULL,ADAUSDT,1740718860000,2025,SHORT,take_profit,70.63137819,0.020306759183
FULL,ADAUSDT,1750503660000,2025,SHORT,take_profit,69.11777309,0.018378741875
FULL,ADAUSDT,1750536060000,2025,SHORT,take_profit,126.53034568,0.031340984287
FULL,ADAUSDT,1750586460000,2025,SHORT,stop_loss,-76.60097926,-0.016860065790
FULL,ADAUSDT,1750600860000,2025,SHORT,take_profit,83.90377939,0.019802946135
FULL,ADAUSDT,1750672860000,2025,SHORT,stop_loss,-82.35968902,-0.018011766219
FULL,ADAUSDT,1760731260000,2025,SHORT,stop_loss,-73.90900828,-0.017418591271
FULL,ADAUSDT,1762333260000,2025,SHORT,stop_loss,-65.62918004,-0.016625612114
FULL,ADAUSDT,1762343580000,2025,SHORT,stop_loss,-65.96373270,-0.017900810930
FULL,ADAUSDT,1763164860000,2025,SHORT,stop_loss,-56.90875291,-0.016634622005
FULL,ADAUSDT,1763182860000,2025,SHORT,stop_loss,-54.35142804,-0.017019563254
FULL,ADAUSDT,1763240460000,2025,SHORT,take_profit,56.46104061,0.018971727750
FULL,ADAUSDT,1763359260000,2025,SHORT,take_profit,60.45080457,0.018879629489
FULL,ADAUSDT,1763387160000,2025,SHORT,stop_loss,-74.22099561,-0.021552629586
FULL,ADAUSDT,1763390280000,2025,SHORT,take_profit,65.74953435,0.020893924253
FULL,ADAUSDT,1763712060000,2025,SHORT,stop_loss,-59.56670550,-0.017469145396
FULL,ADAUSDT,1763780460000,2025,SHORT,take_profit,57.69551875,0.018191544875
FULL,ADAUSDT,1763820060000,2025,SHORT,stop_loss,-57.87216733,-0.017009524511
FULL,ADAUSDT,1763859660000,2025,SHORT,stop_loss,-56.70141928,-0.017882086732
FULL,ADAUSDT,1766736060000,2025,SHORT,take_profit,59.38485083,0.020171179225
FULL,ADAUSDT,1769738460000,2026,SHORT,take_profit,57.74236143,0.018148935173
FULL,ADAUSDT,1769835660000,2026,SHORT,take_profit,64.79739451,0.018987950194
FULL,ADAUSDT,1769878860000,2026,SHORT,take_profit,174.57091361,0.047544426000
FULL,ADAUSDT,1770307260000,2026,SHORT,stop_loss,-82.24434430,-0.018820101272
FULL,ADAUSDT,1770309840000,2026,SHORT,stop_loss,-66.65063752,-0.016493398832
FULL,ADAUSDT,1770325320000,2026,SHORT,stop_loss,-74.43040839,-0.019719554590
FULL,ADAUSDT,1770325920000,2026,SHORT,stop_loss,-64.40549617,-0.018524759462
FULL,ADAUSDT,1780488060000,2026,SHORT,take_profit,61.13369901,0.018990910462
FULL,ADAUSDT,1780516860000,2026,SHORT,take_profit,67.74089317,0.019557729452
FULL,ADAUSDT,1780532220000,2026,SHORT,take_profit,76.47185881,0.020476578065
FULL,ADAUSDT,1780606860000,2026,SHORT,take_profit,88.73301257,0.021960959272
FULL,ADAUSDT,1780621260000,2026,SHORT,take_profit,81.96802843,0.018648504665
FULL,ADAUSDT,1780675260000,2026,SHORT,stop_loss,-85.21016428,-0.018040414346
FULL,ADAUSDT,1780722060000,2026,SHORT,stop_loss,-91.08198452,-0.020783336745
FULL,ADAUSDT,1782316920000,2026,SHORT,take_profit,86.97451811,0.021645550900
FULL,ADAUSDT,1782468060000,2026,SHORT,stop_loss,-78.77070797,-0.018041754687
BASE,ADAUSDT,1740718860000,2025,SHORT,take_profit,81.22703673,0.020306759183
BASE,ADAUSDT,1750536060000,2025,SHORT,take_profit,135.54687828,0.031340984287
BASE,ADAUSDT,1750586460000,2025,SHORT,stop_loss,-82.05955303,-0.016860065790
BASE,ADAUSDT,1750600860000,2025,SHORT,take_profit,89.88274955,0.019802946135
BASE,ADAUSDT,1763164860000,2025,SHORT,stop_loss,-81.48284023,-0.016634622005
BASE,ADAUSDT,1763712060000,2025,SHORT,stop_loss,-79.87691764,-0.017469145396
BASE,ADAUSDT,1763820060000,2025,SHORT,stop_loss,-72.34064731,-0.017009524511
BASE,ADAUSDT,1766764860000,2025,SHORT,stop_loss,-67.38506302,-0.017001031133
BASE,ADAUSDT,1769738460000,2026,SHORT,take_profit,67.04301179,0.018148935173
BASE,ADAUSDT,1769835660000,2026,SHORT,take_profit,75.23440982,0.018987950194
BASE,ADAUSDT,1769878860000,2026,SHORT,take_profit,202.68931732,0.047544426000
BASE,ADAUSDT,1770307260000,2026,SHORT,stop_loss,-95.49156646,-0.018820101272
BASE,ADAUSDT,1770309840000,2026,SHORT,stop_loss,-77.38615751,-0.016493398832
BASE,ADAUSDT,1770325320000,2026,SHORT,stop_loss,-86.41902796,-0.019719554590
BASE,ADAUSDT,1770325920000,2026,SHORT,stop_loss,-74.77938782,-0.018524759462
BASE,ADAUSDT,1780516860000,2026,SHORT,take_profit,73.09914503,0.019557729452
BASE,ADAUSDT,1780532220000,2026,SHORT,take_profit,82.52072325,0.020476578065
BASE,ADAUSDT,1780606860000,2026,SHORT,take_profit,95.75172472,0.021960959272
BASE,ADAUSDT,1780621260000,2026,SHORT,take_profit,88.45163561,0.018648504665
BASE,ADAUSDT,1780675260000,2026,SHORT,stop_loss,-91.95022187,-0.018040414346
BASE,ADAUSDT,1780722060000,2026,SHORT,stop_loss,-98.28649852,-0.020783336745
BASE,ADAUSDT,1782316920000,2026,SHORT,take_profit,93.85413472,0.021645550900
FULL,AVAXUSDT,1724374860000,2024,LONG,take_profit,75.82132742,0.018955331855
FULL,AVAXUSDT,1724497260000,2024,LONG,take_profit,86.20597286,0.020032595252
FULL,AVAXUSDT,1738141260000,2025,SHORT,take_profit,85.39305011,0.018371567107
FULL,AVAXUSDT,1738156080000,2025,SHORT,take_profit,101.70413218,0.020382891009
FULL,AVAXUSDT,1738191660000,2025,SHORT,take_profit,99.07963259,0.018359987137
FULL,AVAXUSDT,1741654860000,2025,SHORT,stop_loss,-97.23777528,-0.016785923728
FULL,AVAXUSDT,1741716060000,2025,SHORT,stop_loss,-105.42371609,-0.019508945741
FULL,AVAXUSDT,1741716600000,2025,SHORT,stop_loss,-113.16608291,-0.022714213217
FULL,AVAXUSDT,1741717380000,2025,SHORT,take_profit,84.92759371,0.018749857190
FULL,AVAXUSDT,1750579260000,2025,SHORT,take_profit,88.07660799,0.018088455771
FULL,AVAXUSDT,1750600860000,2025,SHORT,take_profit,124.54906279,0.023853014435
FULL,AVAXUSDT,1750624620000,2025,SHORT,stop_loss,-101.37881967,-0.017724439915
FULL,AVAXUSDT,1750975260000,2025,SHORT,stop_loss,-90.52316782,-0.017034191535
FULL,AVAXUSDT,1762261260000,2025,SHORT,stop_loss,-88.77013090,-0.017925714112
FULL,AVAXUSDT,1762279260000,2025,SHORT,take_profit,90.27975499,0.019638710276
FULL,AVAXUSDT,1762281900000,2025,SHORT,take_profit,94.67721255,0.019095270813
FULL,AVAXUSDT,1762333260000,2025,SHORT,stop_loss,-91.12187318,-0.017074065421
FULL,AVAXUSDT,1763431260000,2025,SHORT,stop_loss,-83.27589640,-0.016747723430
FULL,AVAXUSDT,1763434320000,2025,SHORT,stop_loss,-92.07627879,-0.019847158630
FULL,AVAXUSDT,1763503260000,2025,SHORT,take_profit,81.78727227,0.019149611761
FULL,AVAXUSDT,1763622060000,2025,SHORT,take_profit,97.23796867,0.021147370695
FULL,AVAXUSDT,1765947660000,2025,SHORT,stop_loss,-94.59869430,-0.018968817304
FULL,AVAXUSDT,1765990860000,2025,SHORT,take_profit,84.22809785,0.018276015257
FULL,AVAXUSDT,1767535320000,2026,LONG,take_profit,97.69065732,0.019753120467
FULL,AVAXUSDT,1768892460000,2026,SHORT,take_profit,100.32578938,0.018800473939
FULL,AVAXUSDT,1768928460000,2026,SHORT,stop_loss,-100.43449649,-0.017504475297
FULL,AVAXUSDT,1769846460000,2026,SHORT,take_profit,98.56647896,0.018472294521
FULL,AVAXUSDT,1769882640000,2026,SHORT,take_profit,111.77176393,0.019505821271
FULL,AVAXUSDT,1769885220000,2026,SHORT,stop_loss,-104.06966768,-0.016847216690
FULL,AVAXUSDT,1769961660000,2026,SHORT,stop_loss,-101.87069630,-0.017682866700
FULL,AVAXUSDT,1770321660000,2026,SHORT,take_profit,115.73896219,0.021619306115
FULL,AVAXUSDT,1770339660000,2026,SHORT,stop_loss,-118.41260733,-0.020358205049
FULL,AVAXUSDT,1780520460000,2026,SHORT,stop_loss,-90.29224094,-0.016899779882
FULL,AVAXUSDT,1780538460000,2026,SHORT,take_profit,127.29360329,0.025552566163
FULL,AVAXUSDT,1780538880000,2026,SHORT,stop_loss,-91.56193148,-0.016675483521
FULL,AVAXUSDT,1780628460000,2026,SHORT,take_profit,100.35469928,0.019583072786
FULL,AVAXUSDT,1780639260000,2026,SHORT,take_profit,124.89355055,0.022601149388
FULL,AVAXUSDT,1780641900000,2026,SHORT,take_profit,123.42031604,0.020482807992
FULL,AVAXUSDT,1780668120000,2026,SHORT,stop_loss,-112.45270394,-0.017249363909
FULL,AVAXUSDT,1780689720000,2026,SHORT,stop_loss,-130.21004296,-0.021453432902
FULL,AVAXUSDT,1780718460000,2026,SHORT,take_profit,106.65745535,0.019222454363
FULL,AVAXUSDT,1781841660000,2026,SHORT,take_profit,119.89686498,0.020065693651
FULL,AVAXUSDT,1781856060000,2026,SHORT,stop_loss,-119.72260406,-0.018547829447
FULL,AVAXUSDT,1781895660000,2026,SHORT,take_profit,138.60529961,0.023193993223
FULL,AVAXUSDT,1781898900000,2026,SHORT,stop_loss,-109.80163109,-0.016814089083
FULL,AVAXUSDT,1784901660000,2026,SHORT,stop_loss,-113.43156939,-0.018622423340
BASE,AVAXUSDT,1724374860000,2024,LONG,take_profit,75.82132742,0.018955331855
BASE,AVAXUSDT,1724497260000,2024,LONG,take_profit,86.20597286,0.020032595252
BASE,AVAXUSDT,1741654860000,2025,SHORT,stop_loss,-78.02280653,-0.016785923728
BASE,AVAXUSDT,1750600860000,2025,SHORT,take_profit,103.42709935,0.023853014435
BASE,AVAXUSDT,1750624620000,2025,SHORT,stop_loss,-84.18623970,-0.017724439915
BASE,AVAXUSDT,1762279260000,2025,SHORT,take_profit,86.66526344,0.019638710276
BASE,AVAXUSDT,1762281900000,2025,SHORT,take_profit,90.88666189,0.019095270813
BASE,AVAXUSDT,1763431260000,2025,SHORT,stop_loss,-85.80175438,-0.016747723430
BASE,AVAXUSDT,1763434320000,2025,SHORT,stop_loss,-94.86906294,-0.019847158630
BASE,AVAXUSDT,1767535320000,2026,LONG,take_profit,86.92372208,0.019753120467
BASE,AVAXUSDT,1768892460000,2026,SHORT,take_profit,89.26842416,0.018800473939
BASE,AVAXUSDT,1768928460000,2026,SHORT,stop_loss,-89.36515015,-0.017504475297
BASE,AVAXUSDT,1769846460000,2026,SHORT,take_profit,87.70301540,0.018472294521
BASE,AVAXUSDT,1769882640000,2026,SHORT,take_profit,99.45288537,0.019505821271
BASE,AVAXUSDT,1769885220000,2026,SHORT,stop_loss,-92.59967246,-0.016847216690
BASE,AVAXUSDT,1769961660000,2026,SHORT,stop_loss,-90.64305980,-0.017682866700
BASE,AVAXUSDT,1770321660000,2026,SHORT,take_profit,102.98284052,0.021619306115
BASE,AVAXUSDT,1770339660000,2026,SHORT,stop_loss,-105.36181097,-0.020358205049
BASE,AVAXUSDT,1780520460000,2026,SHORT,stop_loss,-80.34071909,-0.016899779882
BASE,AVAXUSDT,1780538460000,2026,SHORT,take_profit,113.26399165,0.025552566163
BASE,AVAXUSDT,1780538880000,2026,SHORT,stop_loss,-81.47047122,-0.016675483521
BASE,AVAXUSDT,1780628460000,2026,SHORT,take_profit,89.29414776,0.019583072786
BASE,AVAXUSDT,1780639260000,2026,SHORT,take_profit,111.12845973,0.022601149388
BASE,AVAXUSDT,1780641900000,2026,SHORT,take_profit,109.81759715,0.020482807992
BASE,AVAXUSDT,1780668120000,2026,SHORT,stop_loss,-100.05877586,-0.017249363909
BASE,AVAXUSDT,1780689720000,2026,SHORT,stop_loss,-115.85899714,-0.021453432902
BASE,AVAXUSDT,1780718460000,2026,SHORT,take_profit,94.90224819,0.019222454363
BASE,AVAXUSDT,1781841660000,2026,SHORT,take_profit,106.68248178,0.020065693651
BASE,AVAXUSDT,1781856060000,2026,SHORT,stop_loss,-106.52742696,-0.018547829447
BASE,AVAXUSDT,1781895660000,2026,SHORT,take_profit,123.32897406,0.023193993223
BASE,AVAXUSDT,1781898900000,2026,SHORT,stop_loss,-97.69988991,-0.016814089083
BASE,AVAXUSDT,1784901660000,2026,SHORT,stop_loss,-100.92975607,-0.018622423340
FULL,BNBUSDT,1725260460000,2024,SHORT,stop_loss,-67.53919404,-0.016884798510
FULL,BNBUSDT,1725494460000,2024,SHORT,take_profit,67.61935792,0.018129276182
FULL,BNBUSDT,1725553320000,2024,SHORT,stop_loss,-71.91099178,-0.017976306895
FULL,BNBUSDT,1725624060000,2024,SHORT,take_profit,89.00437020,0.023973100182
FULL,BNBUSDT,1725635940000,2024,SHORT,take_profit,75.91770931,0.018658986434
FULL,BNBUSDT,1725656460000,2024,SHORT,stop_loss,-74.83388842,-0.017115196994
FULL,BNBUSDT,1726963260000,2024,LONG,stop_loss,-66.77962222,-0.016395565756
FULL,BNBUSDT,1738468860000,2025,SHORT,stop_loss,-63.69825045,-0.016736663327
FULL,BNBUSDT,1738497660000,2025,SHORT,take_profit,66.58672799,0.018750919768
FULL,BNBUSDT,1738634460000,2025,SHORT,take_profit,70.52345711,0.018473898107
FULL,BNBUSDT,1738677660000,2025,SHORT,take_profit,76.88670796,0.018754874253
FULL,BNBUSDT,1738700760000,2025,SHORT,take_profit,82.74593405,0.018775573537
FULL,BNBUSDT,1738771260000,2025,SHORT,stop_loss,-79.73031399,-0.016827524650
FULL,BNBUSDT,1739412060000,2025,LONG,stop_loss,-80.03881057,-0.018111737393
FULL,BNBUSDT,1740646860000,2025,SHORT,take_profit,81.12768238,0.019792005268
FULL,BNBUSDT,1740690060000,2025,SHORT,take_profit,81.59123418,0.018444851519
FULL,BNBUSDT,1741536060000,2025,SHORT,take_profit,94.83189770,0.019965078954
FULL,BNBUSDT,1741597260000,2025,SHORT,stop_loss,-94.60617928,-0.018444569061
FULL,BNBUSDT,1741598340000,2025,SHORT,take_profit,90.26354663,0.018999686725
FULL,BNBUSDT,1741615260000,2025,SHORT,take_profit,96.41060542,0.018860234614
FULL,BNBUSDT,1741616400000,2025,SHORT,take_profit,100.28649957,0.018242241006
FULL,BNBUSDT,1741654860000,2025,SHORT,stop_loss,-105.38917557,-0.017866708974
FULL,BNBUSDT,1744200060000,2025,SHORT,stop_loss,-97.20427083,-0.017747471323
FULL,BNBUSDT,1745366460000,2025,LONG,stop_loss,-83.74310347,-0.016458101842
FULL,BNBUSDT,1746774060000,2025,LONG,take_profit,89.93053300,0.018919648529
FULL,BNBUSDT,1746921720000,2025,LONG,stop_loss,-90.32348965,-0.017665424530
FULL,BNBUSDT,1747864860000,2025,LONG,take_profit,90.29051486,0.019001665272
FULL,BNBUSDT,1747969260000,2025,LONG,stop_loss,-90.76110168,-0.017751470411
FULL,BNBUSDT,1752170460000,2025,LONG,take_profit,92.33580959,0.019439799039
FULL,BNBUSDT,1752213660000,2025,LONG,stop_loss,-84.98419761,-0.016601145301
FULL,BNBUSDT,1752699660000,2025,LONG,take_profit,90.15824890,0.018864557759
FULL,BNBUSDT,1754661660000,2025,LONG,take_profit,101.05940961,0.019661849590
FULL,BNBUSDT,1754733660000,2025,LONG,stop_loss,-96.32079129,-0.017373533425
FULL,BNBUSDT,1757235660000,2025,LONG,take_profit,99.44978683,0.019277595066
FULL,BNBUSDT,1757584860000,2025,LONG,take_profit,104.56921844,0.018818831243
FULL,BNBUSDT,1758419100000,2025,LONG,stop_loss,-99.77013324,-0.016698199983
FULL,BNBUSDT,1759402860000,2025,LONG,take_profit,105.70346723,0.018957464786
FULL,BNBUSDT,1759431660000,2025,LONG,take_profit,119.73804639,0.019960876112
FULL,BNBUSDT,1759446060000,2025,LONG,take_profit,133.92150237,0.020674590850
FULL,BNBUSDT,1763154060000,2025,SHORT,stop_loss,-124.09770802,-0.017694687257
FULL,BNBUSDT,1763182860000,2025,SHORT,stop_loss,-113.88003170,-0.017474613407
FULL,BNBUSDT,1763409660000,2025,SHORT,stop_loss,-108.29707962,-0.017866783554
FULL,BNBUSDT,1763434860000,2025,SHORT,stop_loss,-97.09375050,-0.017251371499
FULL,BNBUSDT,1763622060000,2025,SHORT,take_profit,122.31703016,0.023343832400
FULL,BNBUSDT,1763708460000,2025,SHORT,take_profit,166.08470037,0.028989824449
FULL,BNBUSDT,1763766060000,2025,SHORT,stop_loss,-110.87157768,-0.017341546736
FULL,BNBUSDT,1763767860000,2025,SHORT,stop_loss,-108.23502300,-0.018191000637
FULL,BNBUSDT,1763787660000,2025,SHORT,stop_loss,-92.72508513,-0.016807214102
FULL,BNBUSDT,1766080860000,2025,SHORT,stop_loss,-87.54827899,-0.017012612210
FULL,BNBUSDT,1769943660000,2026,SHORT,take_profit,104.50431874,0.021790401101
FULL,BNBUSDT,1769957460000,2026,SHORT,take_profit,100.08160993,0.019195134651
FULL,BNBUSDT,1770199260000,2026,SHORT,take_profit,105.66157006,0.018820308679
FULL,BNBUSDT,1770292860000,2026,SHORT,take_profit,110.93878745,0.018376848308
FULL,BNBUSDT,1770307260000,2026,SHORT,stop_loss,-113.81182873,-0.017561838441
FULL,BNBUSDT,1770326040000,2026,SHORT,take_profit,119.00516875,0.019750631098
FULL,BNBUSDT,1770404460000,2026,SHORT,stop_loss,-115.05085213,-0.017696302427
FULL,BNBUSDT,1771916460000,2026,SHORT,stop_loss,-101.83428725,-0.016856624258
FULL,BNBUSDT,1771992060000,2026,SHORT,stop_loss,-94.35493677,-0.016747814208
FULL,BNBUSDT,1773633660000,2026,LONG,stop_loss,-85.91852028,-0.016345363447
FULL,BNBUSDT,1780196460000,2026,LONG,stop_loss,-88.05076840,-0.017922828475
FULL,BNBUSDT,1782889260000,2026,SHORT,stop_loss,-87.35617701,-0.019154666888
FULL,BNBUSDT,1787242020000,2026,LONG,take_profit,79.75084513,0.018938046899
BASE,BNBUSDT,1725260460000,2024,SHORT,stop_loss,-67.53919404,-0.016884798510
BASE,BNBUSDT,1725555660000,2024,SHORT,stop_loss,-67.02337268,-0.017969487899
BASE,BNBUSDT,1725656460000,2024,SHORT,stop_loss,-59.24852863,-0.017115196994
BASE,BNBUSDT,1726963260000,2024,LONG,stop_loss,-52.87169279,-0.016395565756
BASE,BNBUSDT,1738468860000,2025,SHORT,stop_loss,-50.43206621,-0.016736663327
BASE,BNBUSDT,1738497660000,2025,SHORT,take_profit,52.71897189,0.018750919768
BASE,BNBUSDT,1739412060000,2025,LONG,stop_loss,-54.74121340,-0.018111737393
BASE,BNBUSDT,1740690060000,2025,SHORT,take_profit,51.70924881,0.018444851519
BASE,BNBUSDT,1741536060000,2025,SHORT,take_profit,60.10064981,0.019965078954
BASE,BNBUSDT,1741654860000,2025,SHORT,stop_loss,-58.07915383,-0.017866708974
BASE,BNBUSDT,1745366460000,2025,LONG,stop_loss,-49.67671649,-0.016458101842
BASE,BNBUSDT,1746774060000,2025,LONG,take_profit,53.34712241,0.018919648529
BASE,BNBUSDT,1746921720000,2025,LONG,stop_loss,-53.58022574,-0.017665424530
BASE,BNBUSDT,1747864860000,2025,LONG,take_profit,53.56066497,0.019001665272
BASE,BNBUSDT,1747969260000,2025,LONG,stop_loss,-53.83981881,-0.017751470411
BASE,BNBUSDT,1752170460000,2025,LONG,take_profit,54.77394132,0.019439799039
BASE,BNBUSDT,1752213660000,2025,LONG,stop_loss,-50.41293810,-0.016601145301
BASE,BNBUSDT,1752699660000,2025,LONG,take_profit,53.48220432,0.018864557759
BASE,BNBUSDT,1754661660000,2025,LONG,take_profit,59.94881289,0.019661849590
BASE,BNBUSDT,1754733660000,2025,LONG,stop_loss,-57.13784710,-0.017373533425
BASE,BNBUSDT,1757235660000,2025,LONG,take_profit,58.99397874,0.019277595066
BASE,BNBUSDT,1757584860000,2025,LONG,take_profit,62.03084437,0.018818831243
BASE,BNBUSDT,1758419100000,2025,LONG,stop_loss,-59.18400941,-0.016698199983
BASE,BNBUSDT,1759402860000,2025,LONG,take_profit,62.70368492,0.018957464786
BASE,BNBUSDT,1759431660000,2025,LONG,take_profit,71.02904881,0.019960876112
BASE,BNBUSDT,1759446060000,2025,LONG,take_profit,79.44272698,0.020674590850
BASE,BNBUSDT,1763409660000,2025,SHORT,stop_loss,-74.33118841,-0.017866783554
BASE,BNBUSDT,1763708460000,2025,SHORT,take_profit,111.98698851,0.028989824449
BASE,BNBUSDT,1769943660000,2026,SHORT,take_profit,93.93675637,0.021790401101
BASE,BNBUSDT,1769957460000,2026,SHORT,take_profit,89.96127550,0.019195134651
BASE,BNBUSDT,1770292860000,2026,SHORT,take_profit,92.73905571,0.018376848308
BASE,BNBUSDT,1770307260000,2026,SHORT,stop_loss,-95.14076878,-0.017561838441
BASE,BNBUSDT,1770326040000,2026,SHORT,take_profit,99.48213090,0.019750631098
BASE,BNBUSDT,1771916460000,2026,SHORT,stop_loss,-91.61301349,-0.016856624258
BASE,BNBUSDT,1773633660000,2026,LONG,stop_loss,-82.84460206,-0.016345363447
BASE,BNBUSDT,1780196460000,2026,LONG,stop_loss,-84.90056447,-0.017922828475
BASE,BNBUSDT,1787242020000,2026,LONG,take_profit,83.27825779,0.018938046899
FULL,BTCUSDT,1725602460000,2024,SHORT,take_profit,74.97598878,0.018743997195
FULL,BTCUSDT,1725656460000,2024,SHORT,stop_loss,-72.33763064,-0.016823080561
FULL,BTCUSDT,1740387660000,2025,SHORT,take_profit,81.56702909,0.020338098086
FULL,BTCUSDT,1740546060000,2025,SHORT,take_profit,86.94634911,0.020048403681
FULL,BTCUSDT,1740596460000,2025,SHORT,take_profit,100.70934390,0.021497928232
FULL,BTCUSDT,1741698060000,2025,SHORT,take_profit,96.67257222,0.019002187764
FULL,BTCUSDT,1741703940000,2025,SHORT,stop_loss,-107.39134901,-0.019617959122
FULL,BTCUSDT,1741705740000,2025,SHORT,stop_loss,-89.91927751,-0.017824966553
FULL,BTCUSDT,1745326860000,2025,LONG,take_profit,89.05816369,0.019009650963
FULL,BTCUSDT,1762246860000,2025,SHORT,take_profit,94.85108189,0.018815460126
FULL,BTCUSDT,1762276020000,2025,SHORT,take_profit,100.04938792,0.018457494893
FULL,BTCUSDT,1762498860000,2025,SHORT,take_profit,110.80801132,0.019036800424
FULL,BTCUSDT,1763125260000,2025,SHORT,stop_loss,-106.72379298,-0.017037754938
FULL,BTCUSDT,1763154060000,2025,SHORT,stop_loss,-97.56901580,-0.016715428162
FULL,BTCUSDT,1763182860000,2025,SHORT,take_profit,102.00361723,0.018727299020
FULL,BTCUSDT,1763434860000,2025,SHORT,stop_loss,-103.37014857,-0.017655618421
FULL,BTCUSDT,1763712060000,2025,SHORT,take_profit,99.60918351,0.018306065311
FULL,BTCUSDT,1763740860000,2025,SHORT,stop_loss,-118.11447386,-0.020225919073
FULL,BTCUSDT,1763744040000,2025,SHORT,stop_loss,-93.90404284,-0.017495582512
FULL,BTCUSDT,1765893660000,2025,SHORT,stop_loss,-84.29153193,-0.016886391867
FULL,BTCUSDT,1765896720000,2025,SHORT,stop_loss,-80.38307215,-0.017269903033
FULL,BTCUSDT,1769835660000,2026,SHORT,take_profit,79.91068385,0.018442407088
FULL,BTCUSDT,1769878920000,2026,SHORT,take_profit,95.60799496,0.020549244128
FULL,BTCUSDT,1769983260000,2026,SHORT,stop_loss,-85.92755771,-0.017065844851
FULL,BTCUSDT,1770260700000,2026,SHORT,take_profit,93.07712649,0.019840158022
FULL,BTCUSDT,1770296460000,2026,SHORT,stop_loss,-94.63730859,-0.018689512217
FULL,BTCUSDT,1770321660000,2026,SHORT,take_profit,105.18108323,0.022450080848
FULL,BTCUSDT,1775750520000,2026,LONG,take_profit,97.62660785,0.019120600926
FULL,BTCUSDT,1780329660000,2026,SHORT,take_profit,100.77764118,0.018335408555
FULL,BTCUSDT,1780394460000,2026,SHORT,take_profit,108.09804642,0.018323408853
FULL,BTCUSDT,1780441260000,2026,SHORT,stop_loss,-107.16090353,-0.016924125592
FULL,BTCUSDT,1780516860000,2026,SHORT,take_profit,112.90704015,0.019126415313
FULL,BTCUSDT,1780639260000,2026,SHORT,take_profit,119.24587221,0.018764612298
FULL,BTCUSDT,1782464460000,2026,SHORT,take_profit,123.86284021,0.018130308697
FULL,BTCUSDT,1782479520000,2026,SHORT,stop_loss,-132.50531149,-0.018083877326
FULL,BTCUSDT,1782482280000,2026,SHORT,take_profit,128.72081791,0.018937215558
FULL,BTCUSDT,1782889260000,2026,SHORT,stop_loss,-133.82039038,-0.018301164683
BASE,BTCUSDT,1725656460000,2024,SHORT,stop_loss,-67.29232225,-0.016823080561
BASE,BTCUSDT,1740596460000,2025,SHORT,take_profit,80.20513087,0.021497928232
BASE,BTCUSDT,1745326860000,2025,LONG,take_profit,77.02047579,0.019009650963
BASE,BTCUSDT,1762246860000,2025,SHORT,take_profit,82.03038501,0.018815460126
BASE,BTCUSDT,1762276020000,2025,SHORT,take_profit,86.52605377,0.018457494893
BASE,BTCUSDT,1763125260000,2025,SHORT,stop_loss,-85.76735798,-0.017037754938
BASE,BTCUSDT,1763154060000,2025,SHORT,stop_loss,-78.41022580,-0.016715428162
BASE,BTCUSDT,1763434860000,2025,SHORT,stop_loss,-77.28303027,-0.017655618421
BASE,BTCUSDT,1763712060000,2025,SHORT,take_profit,74.47120518,0.018306065311
BASE,BTCUSDT,1763809260000,2025,SHORT,stop_loss,-72.95461250,-0.016709709458
BASE,BTCUSDT,1769878920000,2026,SHORT,take_profit,83.72137713,0.020549244128
BASE,BTCUSDT,1769983260000,2026,SHORT,stop_loss,-75.24447582,-0.017065844851
BASE,BTCUSDT,1770260700000,2026,SHORT,take_profit,81.50516295,0.019840158022
BASE,BTCUSDT,1770296460000,2026,SHORT,stop_loss,-82.87137291,-0.018689512217
BASE,BTCUSDT,1770321660000,2026,SHORT,take_profit,92.10427580,0.022450080848
BASE,BTCUSDT,1775750520000,2026,LONG,take_profit,85.48902273,0.019120600926
BASE,BTCUSDT,1780329660000,2026,SHORT,take_profit,88.24829877,0.018335408555
BASE,BTCUSDT,1780394460000,2026,SHORT,take_profit,94.65858285,0.018323408853
BASE,BTCUSDT,1780441260000,2026,SHORT,stop_loss,-93.83795175,-0.016924125592
BASE,BTCUSDT,1780516860000,2026,SHORT,take_profit,98.86969069,0.019126415313
FULL,DOGEUSDT,1739185260000,2025,SHORT,stop_loss,-75.34120893,-0.018835302233
FULL,DOGEUSDT,1739195820000,2025,SHORT,take_profit,67.68782250,0.018300756764
FULL,DOGEUSDT,1739941260000,2025,SHORT,stop_loss,-68.60950133,-0.017284661527
FULL,DOGEUSDT,1740409260000,2025,SHORT,take_profit,93.34265760,0.025262235426
FULL,DOGEUSDT,1740427260000,2025,SHORT,stop_loss,-71.95878620,-0.017687596473
FULL,DOGEUSDT,1740614460000,2025,SHORT,stop_loss,-65.36160273,-0.017289215842
FULL,DOGEUSDT,1740646860000,2025,SHORT,stop_loss,-59.41570043,-0.016884076976
FULL,DOGEUSDT,1741654860000,2025,SHORT,stop_loss,-67.85423137,-0.020678598794
FULL,DOGEUSDT,1741716060000,2025,SHORT,stop_loss,-56.50277582,-0.018771949521
FULL,DOGEUSDT,1741716540000,2025,SHORT,stop_loss,-55.43819507,-0.019913526078
FULL,DOGEUSDT,1741716960000,2025,SHORT,stop_loss,-44.05588763,-0.017194595386
FULL,DOGEUSDT,1741717380000,2025,SHORT,take_profit,44.52068587,0.018659362484
FULL,DOGEUSDT,1749952860000,2025,SHORT,take_profit,46.71084665,0.018217581588
FULL,DOGEUSDT,1750014060000,2025,SHORT,stop_loss,-46.56356991,-0.016926689185
FULL,DOGEUSDT,1750215660000,2025,SHORT,take_profit,53.67004446,0.020926912997
FULL,DOGEUSDT,1750273260000,2025,SHORT,stop_loss,-48.10501404,-0.017308180657
FULL,DOGEUSDT,1750274580000,2025,SHORT,stop_loss,-43.89778767,-0.016969248156
FULL,DOGEUSDT,1750514460000,2025,SHORT,take_profit,45.13111373,0.018716420357
FULL,DOGEUSDT,1750586460000,2025,SHORT,stop_loss,-46.54367264,-0.017957802550
FULL,DOGEUSDT,1750600860000,2025,SHORT,take_profit,48.89100153,0.020323313463
FULL,DOGEUSDT,1750602360000,2025,SHORT,stop_loss,-48.05551194,-0.018474185348
FULL,DOGEUSDT,1750603980000,2025,SHORT,stop_loss,-40.51271841,-0.016817214417
FULL,DOGEUSDT,1750669260000,2025,SHORT,stop_loss,-40.91249980,-0.018207998747
FULL,DOGEUSDT,1750975260000,2025,SHORT,stop_loss,-36.37228909,-0.017458961065
FULL,DOGEUSDT,1761915660000,2025,SHORT,stop_loss,-35.46064919,-0.018299315486
FULL,DOGEUSDT,1762304460000,2025,SHORT,take_profit,35.99145223,0.020040115706
FULL,DOGEUSDT,1762305840000,2025,SHORT,stop_loss,-32.87769399,-0.016947823264
FULL,DOGEUSDT,1762307760000,2025,SHORT,stop_loss,-32.45374645,-0.017945859422
FULL,DOGEUSDT,1762333260000,2025,SHORT,stop_loss,-28.76796627,-0.017137965733
FULL,DOGEUSDT,1763164860000,2025,SHORT,stop_loss,-26.33134947,-0.016840870948
FULL,DOGEUSDT,1763197260000,2025,SHORT,stop_loss,-24.60657211,-0.016874469656
FULL,DOGEUSDT,1763222460000,2025,SHORT,stop_loss,-22.96725718,-0.016890337205
FULL,DOGEUSDT,1763384460000,2025,SHORT,take_profit,23.42402724,0.018474405995
FULL,DOGEUSDT,1763387520000,2025,SHORT,stop_loss,-23.71452592,-0.017416483980
FULL,DOGEUSDT,1763390220000,2025,SHORT,take_profit,23.00029391,0.018156849780
FULL,DOGEUSDT,1763712060000,2025,SHORT,take_profit,25.63509814,0.018866581357
FULL,DOGEUSDT,1763780460000,2025,SHORT,take_profit,30.06252641,0.020572491292
FULL,DOGEUSDT,1765893660000,2025,SHORT,stop_loss,-29.41886623,-0.018601317755
FULL,DOGEUSDT,1765896720000,2025,SHORT,stop_loss,-26.83681959,-0.018332764267
FULL,DOGEUSDT,1766736060000,2025,SHORT,take_profit,26.71837281,0.019696193617
FULL,DOGEUSDT,1766761260000,2025,SHORT,stop_loss,-28.08254304,-0.019189953583
FULL,DOGEUSDT,1768982460000,2026,SHORT,take_profit,29.06390930,0.021511803438
FULL,DOGEUSDT,1769371740000,2026,SHORT,stop_loss,-24.85931083,-0.016941941204
FULL,DOGEUSDT,1769882520000,2026,SHORT,take_profit,29.96023329,0.021902574196
FULL,DOGEUSDT,1769885400000,2026,SHORT,stop_loss,-25.02430047,-0.016820488522
FULL,DOGEUSDT,1769976060000,2026,SHORT,take_profit,25.69669316,0.018518402453
FULL,DOGEUSDT,1770307260000,2026,SHORT,take_profit,28.60067869,0.019189717107
FULL,DOGEUSDT,1770314460000,2026,SHORT,take_profit,30.88095005,0.019242629990
FULL,DOGEUSDT,1770325320000,2026,SHORT,stop_loss,-33.35237136,-0.019297305769
FULL,DOGEUSDT,1770325860000,2026,SHORT,take_profit,38.09101023,0.023882500408
FULL,DOGEUSDT,1780520460000,2026,SHORT,stop_loss,-29.47954802,-0.016871505897
FULL,DOGEUSDT,1780538460000,2026,SHORT,take_profit,35.60581763,0.021852374809
FULL,DOGEUSDT,1780539540000,2026,SHORT,stop_loss,-29.72333254,-0.016775754253
FULL,DOGEUSDT,1780628460000,2026,SHORT,take_profit,30.11148358,0.018217258473
FULL,DOGEUSDT,1780639500000,2026,SHORT,take_profit,37.38324887,0.021080514108
FULL,DOGEUSDT,1780686060000,2026,SHORT,stop_loss,-37.00481590,-0.019244388343
FULL,DOGEUSDT,1780722060000,2026,SHORT,stop_loss,-43.23872509,-0.024361637791
FULL,DOGEUSDT,1780761660000,2026,SHORT,stop_loss,-33.77429264,-0.021083705127
FULL,DOGEUSDT,1782381660000,2026,SHORT,take_profit,27.03708550,0.018432483201
FULL,DOGEUSDT,1782396060000,2026,SHORT,stop_loss,-26.62238134,-0.016903467854
FULL,DOGEUSDT,1782396720000,2026,SHORT,take_profit,26.96966518,0.018365749781
FULL,DOGEUSDT,1782439260000,2026,SHORT,take_profit,32.47360388,0.020600440998
FULL,DOGEUSDT,1782464460000,2026,SHORT,stop_loss,-30.94522904,-0.018136406397
FULL,DOGEUSDT,1782500460000,2026,SHORT,stop_loss,-29.43158772,-0.018598532359
FULL,DOGEUSDT,1782720060000,2026,SHORT,stop_loss,-26.12083524,-0.017833062962
FULL,DOGEUSDT,1784901660000,2026,SHORT,stop_loss,-23.39568821,-0.017199441509
BASE,DOGEUSDT,1740409260000,2025,SHORT,take_profit,101.04894170,0.025262235426
BASE,DOGEUSDT,1740427260000,2025,SHORT,stop_loss,-77.89963751,-0.017687596473
BASE,DOGEUSDT,1741654860000,2025,SHORT,stop_loss,-84.62917587,-0.020678598794
BASE,DOGEUSDT,1750244580000,2025,SHORT,stop_loss,-63.30798880,-0.016863780246
BASE,DOGEUSDT,1750514460000,2025,SHORT,take_profit,65.52335322,0.018716420357
BASE,DOGEUSDT,1763164860000,2025,SHORT,stop_loss,-63.37122012,-0.016840870948
BASE,DOGEUSDT,1763712060000,2025,SHORT,take_profit,66.21145772,0.018866581357
BASE,DOGEUSDT,1769371740000,2026,SHORT,stop_loss,-63.94401818,-0.016941941204
BASE,DOGEUSDT,1769882520000,2026,SHORT,take_profit,77.06479536,0.021902574196
BASE,DOGEUSDT,1769885400000,2026,SHORT,stop_loss,-64.36841049,-0.016820488522
BASE,DOGEUSDT,1770307260000,2026,SHORT,take_profit,68.49409500,0.019189717107
BASE,DOGEUSDT,1770314460000,2026,SHORT,take_profit,73.95498371,0.019242629990
BASE,DOGEUSDT,1770325320000,2026,SHORT,stop_loss,-79.87364625,-0.019297305769
BASE,DOGEUSDT,1770325860000,2026,SHORT,take_profit,91.22193573,0.023882500408
BASE,DOGEUSDT,1780520460000,2026,SHORT,stop_loss,-70.59884782,-0.016871505897
BASE,DOGEUSDT,1780538460000,2026,SHORT,take_profit,85.27029312,0.021852374809
BASE,DOGEUSDT,1780539540000,2026,SHORT,stop_loss,-71.18267313,-0.016775754253
BASE,DOGEUSDT,1780628460000,2026,SHORT,take_profit,72.11223340,0.018217258473
BASE,DOGEUSDT,1780639500000,2026,SHORT,take_profit,89.52695938,0.021080514108
BASE,DOGEUSDT,1780686060000,2026,SHORT,stop_loss,-88.62067237,-0.019244388343
BASE,DOGEUSDT,1780722060000,2026,SHORT,stop_loss,-103.54989740,-0.024361637791
BASE,DOGEUSDT,1784901660000,2026,SHORT,stop_loss,-65.98275824,-0.017199441509
FULL,ETHUSDT,1725091260000,2024,SHORT,take_profit,73.37620200,0.018344050499
FULL,ETHUSDT,1725228060000,2024,SHORT,take_profit,88.63360456,0.020643648609
FULL,ETHUSDT,1725229680000,2024,SHORT,stop_loss,-82.02789847,-0.017647849874
FULL,ETHUSDT,1725472860000,2024,SHORT,take_profit,80.86373033,0.018718769668
FULL,ETHUSDT,1725598860000,2024,SHORT,take_profit,90.55141819,0.019501175520
FULL,ETHUSDT,1725656460000,2024,SHORT,stop_loss,-88.03750262,-0.017587843555
FULL,ETHUSDT,1726534860000,2024,SHORT,stop_loss,-77.97341935,-0.016756087806
FULL,ETHUSDT,1726581660000,2024,SHORT,stop_loss,-82.98554328,-0.019114290444
FULL,ETHUSDT,1726582620000,2024,SHORT,stop_loss,-69.65136331,-0.017371139819
FULL,ETHUSDT,1728036060000,2024,SHORT,stop_loss,-65.36151706,-0.017518512773
FULL,ETHUSDT,1738144860000,2025,SHORT,take_profit,64.37232197,0.018553502995
FULL,ETHUSDT,1739055660000,2025,SHORT,stop_loss,-86.24421146,-0.023140134908
FULL,ETHUSDT,1739152860000,2025,SHORT,stop_loss,-69.63651351,-0.020589949870
FULL,ETHUSDT,1739368860000,2025,SHORT,stop_loss,-52.89621799,-0.017043958206
FULL,ETHUSDT,1740528060000,2025,SHORT,take_profit,56.84692758,0.019657073716
FULL,ETHUSDT,1740574020000,2025,SHORT,take_profit,62.12685005,0.019916792330
FULL,ETHUSDT,1740657660000,2025,SHORT,take_profit,71.47786131,0.021223730115
FULL,ETHUSDT,1740668520000,2025,SHORT,stop_loss,-61.95255920,-0.016955934900
FULL,ETHUSDT,1740670860000,2025,SHORT,take_profit,64.72688639,0.019004181384
FULL,ETHUSDT,1740690060000,2025,SHORT,stop_loss,-61.89972150,-0.016890173997
FULL,ETHUSDT,1741698060000,2025,SHORT,stop_loss,-116.35824271,-0.034050383742
FULL,ETHUSDT,1741699740000,2025,SHORT,take_profit,57.58959278,0.019509962589
FULL,ETHUSDT,1741726860000,2025,SHORT,take_profit,62.58393403,0.019667106673
FULL,ETHUSDT,1741827660000,2025,SHORT,take_profit,64.10370566,0.018675523420
FULL,ETHUSDT,1743444060000,2025,SHORT,stop_loss,-71.06005321,-0.019263139977
FULL,ETHUSDT,1760677260000,2025,SHORT,take_profit,65.14322576,0.019133474534
FULL,ETHUSDT,1760745660000,2025,SHORT,stop_loss,-75.80796177,-0.020682912422
FULL,ETHUSDT,1762491660000,2025,SHORT,take_profit,63.04100304,0.018750963086
FULL,ETHUSDT,1763143260000,2025,SHORT,stop_loss,-61.81159293,-0.017102530733
FULL,ETHUSDT,1763154060000,2025,SHORT,stop_loss,-56.58962898,-0.016807477152
FULL,ETHUSDT,1763197260000,2025,SHORT,stop_loss,-55.61160826,-0.017707470442
FULL,ETHUSDT,1763236860000,2025,SHORT,stop_loss,-51.66702459,-0.017705544536
FULL,ETHUSDT,1763470860000,2025,SHORT,stop_loss,-50.03048009,-0.018451499729
FULL,ETHUSDT,1763622060000,2025,SHORT,take_profit,49.83611816,0.019844458098
FULL,ETHUSDT,1763712060000,2025,SHORT,take_profit,54.77672866,0.020207734839
FULL,ETHUSDT,1763766060000,2025,SHORT,stop_loss,-51.30761375,-0.017512396882
FULL,ETHUSDT,1763767980000,2025,SHORT,stop_loss,-45.21484181,-0.016595295835
FULL,ETHUSDT,1765947660000,2025,SHORT,stop_loss,-42.89169271,-0.016861941287
FULL,ETHUSDT,1769738460000,2026,SHORT,take_profit,43.14703627,0.018189140995
FULL,ETHUSDT,1769850060000,2026,SHORT,take_profit,47.87391189,0.018813038978
FULL,ETHUSDT,1769878920000,2026,SHORT,take_profit,94.28315795,0.034457505775
FULL,ETHUSDT,1769943660000,2026,SHORT,stop_loss,-54.76736651,-0.017591148162
FULL,ETHUSDT,1769961660000,2026,SHORT,stop_loss,-53.28451273,-0.018410291725
FULL,ETHUSDT,1769990460000,2026,SHORT,stop_loss,-51.56758931,-0.019233452711
FULL,ETHUSDT,1779940860000,2026,SHORT,stop_loss,-42.10723546,-0.017013917004
FULL,ETHUSDT,1779998460000,2026,SHORT,take_profit,44.30121974,0.019207608428
FULL,ETHUSDT,1780351260000,2026,SHORT,take_profit,51.80683659,0.020859186296
FULL,ETHUSDT,1780412460000,2026,SHORT,take_profit,53.20967796,0.019774128779
FULL,ETHUSDT,1780441260000,2026,SHORT,take_profit,57.75686721,0.019890699961
FULL,ETHUSDT,1780516860000,2026,SHORT,stop_loss,-74.45123616,-0.023750373281
FULL,ETHUSDT,1780538460000,2026,SHORT,take_profit,52.17146448,0.018390083104
FULL,ETHUSDT,1780539660000,2026,SHORT,stop_loss,-59.90412685,-0.019668939764
FULL,ETHUSDT,1780610460000,2026,SHORT,take_profit,51.66278333,0.018411514317
FULL,ETHUSDT,1780628640000,2026,SHORT,take_profit,56.76328788,0.018841614737
FULL,ETHUSDT,1780668120000,2026,SHORT,take_profit,61.82939126,0.019084863602
FULL,ETHUSDT,1780722060000,2026,SHORT,stop_loss,-88.87844068,-0.025488322654
FULL,ETHUSDT,1782442860000,2026,SHORT,stop_loss,-55.58491543,-0.017750183742
FULL,ETHUSDT,1782500460000,2026,SHORT,stop_loss,-52.99219964,-0.018215558029
BASE,ETHUSDT,1725656460000,2024,SHORT,stop_loss,-70.35137422,-0.017587843555
BASE,ETHUSDT,1740690060000,2025,SHORT,stop_loss,-62.80770818,-0.016890173997
BASE,ETHUSDT,1763712060000,2025,SHORT,take_profit,70.06756564,0.020207734839
BASE,ETHUSDT,1769738460000,2026,SHORT,take_profit,68.16624200,0.018189140995
BASE,ETHUSDT,1769850060000,2026,SHORT,take_profit,75.63403993,0.018813038978
BASE,ETHUSDT,1769878920000,2026,SHORT,take_profit,148.95411407,0.034457505775
BASE,ETHUSDT,1769943660000,2026,SHORT,stop_loss,-86.52472759,-0.017591148162
BASE,ETHUSDT,1769961660000,2026,SHORT,stop_loss,-84.18202742,-0.018410291725
BASE,ETHUSDT,1769990460000,2026,SHORT,stop_loss,-81.46953015,-0.019233452711
BASE,ETHUSDT,1779940860000,2026,SHORT,stop_loss,-66.52350313,-0.017013917004
BASE,ETHUSDT,1780412460000,2026,SHORT,take_profit,72.05400589,0.019774128779
BASE,ETHUSDT,1780441260000,2026,SHORT,take_profit,78.21159252,0.019890699961
BASE,ETHUSDT,1780516860000,2026,SHORT,stop_loss,-100.81831004,-0.023750373281
BASE,ETHUSDT,1780538460000,2026,SHORT,take_profit,70.64810676,0.018390083104
BASE,ETHUSDT,1780539660000,2026,SHORT,stop_loss,-81.11930902,-0.019668939764
BASE,ETHUSDT,1780628460000,2026,SHORT,take_profit,73.79313331,0.019420488989
BASE,ETHUSDT,1780668120000,2026,SHORT,take_profit,78.15116603,0.019084863602
BASE,ETHUSDT,1780722060000,2026,SHORT,stop_loss,-112.34064630,-0.025488322654
BASE,ETHUSDT,1782442860000,2026,SHORT,stop_loss,-70.25826822,-0.017750183742
FULL,LTCUSDT,1725894060000,2024,SHORT,stop_loss,-68.35154957,-0.017087887393
FULL,LTCUSDT,1743354060000,2025,SHORT,take_profit,69.66432854,0.018693834706
FULL,LTCUSDT,1743505260000,2025,SHORT,stop_loss,-78.04487302,-0.019485637920
FULL,LTCUSDT,1743958920000,2025,SHORT,take_profit,68.15027401,0.018453547872
FULL,LTCUSDT,1743980460000,2025,SHORT,take_profit,88.14783525,0.022227713045
FULL,LTCUSDT,1743982560000,2025,SHORT,stop_loss,-73.57364370,-0.017037782466
FULL,LTCUSDT,1743998460000,2025,SHORT,take_profit,84.17063688,0.020917314899
FULL,LTCUSDT,1744009320000,2025,SHORT,stop_loss,-73.73408911,-0.016908959611
FULL,LTCUSDT,1744045260000,2025,SHORT,stop_loss,-68.62244456,-0.016878318605
FULL,LTCUSDT,1744047420000,2025,SHORT,stop_loss,-63.80732636,-0.016830262312
FULL,LTCUSDT,1750492860000,2025,SHORT,take_profit,64.72301842,0.018304038681
FULL,LTCUSDT,1750579260000,2025,SHORT,take_profit,78.43270250,0.020667985118
FULL,LTCUSDT,1750600860000,2025,SHORT,take_profit,75.93411253,0.018481661043
FULL,LTCUSDT,1750603440000,2025,SHORT,stop_loss,-76.04226219,-0.017233936574
FULL,LTCUSDT,1762333260000,2025,SHORT,stop_loss,-70.22673544,-0.017094338092
FULL,LTCUSDT,1768874460000,2026,SHORT,take_profit,71.58791729,0.018704646243
FULL,LTCUSDT,1768899180000,2026,SHORT,take_profit,79.04752771,0.019215995813
FULL,LTCUSDT,1768936260000,2026,SHORT,take_profit,83.49416966,0.018848200898
FULL,LTCUSDT,1768986060000,2026,SHORT,take_profit,99.76789727,0.020942930198
FULL,LTCUSDT,1769713260000,2026,SHORT,stop_loss,-87.32477352,-0.016913998181
FULL,LTCUSDT,1769806860000,2026,SHORT,take_profit,87.49399026,0.018176524717
FULL,LTCUSDT,1769868180000,2026,SHORT,take_profit,96.69442981,0.018726358567
FULL,LTCUSDT,1769882520000,2026,SHORT,take_profit,107.18336284,0.019311188287
FULL,LTCUSDT,1769885280000,2026,SHORT,stop_loss,-100.98238726,-0.016889347267
FULL,LTCUSDT,1770307260000,2026,SHORT,stop_loss,-95.04810647,-0.017048594832
FULL,LTCUSDT,1770309960000,2026,SHORT,stop_loss,-97.28429367,-0.018726754823
FULL,LTCUSDT,1770325320000,2026,SHORT,stop_loss,-89.94353185,-0.018715625484
FULL,LTCUSDT,1770326040000,2026,SHORT,stop_loss,-77.05004208,-0.017330097447
FULL,LTCUSDT,1770339720000,2026,SHORT,stop_loss,-76.47383022,-0.018481651121
FULL,LTCUSDT,1780380060000,2026,SHORT,take_profit,84.72397409,0.022110004763
FULL,LTCUSDT,1780412460000,2026,SHORT,take_profit,87.57154500,0.020996215809
FULL,LTCUSDT,1780520460000,2026,SHORT,stop_loss,-80.44338287,-0.017792833877
FULL,LTCUSDT,1780628460000,2026,SHORT,take_profit,77.88592153,0.018547191303
FULL,LTCUSDT,1780722060000,2026,SHORT,stop_loss,-93.07562164,-0.020633577254
FULL,LTCUSDT,1782475260000,2026,SHORT,stop_loss,-70.06826140,-0.016930511994
BASE,LTCUSDT,1725894060000,2024,SHORT,stop_loss,-68.35154957,-0.017087887393
BASE,LTCUSDT,1743958920000,2025,SHORT,take_profit,68.76887712,0.018453547872
BASE,LTCUSDT,1743980460000,2025,SHORT,take_profit,88.94795713,0.022227713045
BASE,LTCUSDT,1743982560000,2025,SHORT,stop_loss,-74.24147498,-0.017037782466
BASE,LTCUSDT,1743998460000,2025,SHORT,take_profit,84.93465756,0.020917314899
BASE,LTCUSDT,1744009320000,2025,SHORT,stop_loss,-74.40337677,-0.016908959611
BASE,LTCUSDT,1750528860000,2025,SHORT,take_profit,94.37250473,0.023002982584
BASE,LTCUSDT,1750600860000,2025,SHORT,take_profit,82.79988149,0.018481661043
BASE,LTCUSDT,1768896060000,2026,SHORT,take_profit,87.20509311,0.018125021003
BASE,LTCUSDT,1768936260000,2026,SHORT,take_profit,97.25917216,0.018848200898
BASE,LTCUSDT,1769713260000,2026,SHORT,stop_loss,-93.85860000,-0.016913998181
BASE,LTCUSDT,1769868180000,2026,SHORT,take_profit,96.88517119,0.018726358567
BASE,LTCUSDT,1769882520000,2026,SHORT,take_profit,107.39479490,0.019311188287
BASE,LTCUSDT,1769885280000,2026,SHORT,stop_loss,-101.18158715,-0.016889347267
BASE,LTCUSDT,1770307260000,2026,SHORT,stop_loss,-95.23560028,-0.017048594832
BASE,LTCUSDT,1770309960000,2026,SHORT,stop_loss,-97.47619863,-0.018726754823
BASE,LTCUSDT,1770325320000,2026,SHORT,stop_loss,-90.12095627,-0.018715625484
BASE,LTCUSDT,1770326040000,2026,SHORT,stop_loss,-77.20203255,-0.017330097447
BASE,LTCUSDT,1770339720000,2026,SHORT,stop_loss,-76.62468404,-0.018481651121
BASE,LTCUSDT,1780380060000,2026,SHORT,take_profit,84.89110231,0.022110004763
BASE,LTCUSDT,1780412460000,2026,SHORT,take_profit,87.74429039,0.020996215809
BASE,LTCUSDT,1780520460000,2026,SHORT,stop_loss,-80.60206711,-0.017792833877
BASE,LTCUSDT,1780628460000,2026,SHORT,take_profit,78.03956087,0.018547191303
BASE,LTCUSDT,1780722060000,2026,SHORT,stop_loss,-93.25922449,-0.020633577254
FULL,NEARUSDT,1725447660000,2024,SHORT,stop_loss,-67.26441623,-0.016816104058
FULL,NEARUSDT,1730707260000,2024,SHORT,stop_loss,-61.99115479,-0.016615414880
FULL,NEARUSDT,1730728860000,2024,SHORT,take_profit,66.67822703,0.019144029180
FULL,NEARUSDT,1736758860000,2025,SHORT,take_profit,71.77761973,0.019142277839
FULL,NEARUSDT,1738497660000,2025,SHORT,stop_loss,-68.67087959,-0.017011212056
FULL,NEARUSDT,1738500360000,2025,SHORT,stop_loss,-63.84596928,-0.016970753264
FULL,NEARUSDT,1738515840000,2025,SHORT,take_profit,84.27347422,0.024031900124
FULL,NEARUSDT,1738764060000,2025,SHORT,take_profit,71.00937620,0.018473611075
FULL,NEARUSDT,1738768080000,2025,SHORT,stop_loss,-73.48916499,-0.017803189553
FULL,NEARUSDT,1738769460000,2025,SHORT,take_profit,82.47565318,0.021512160310
FULL,NEARUSDT,1741654860000,2025,SHORT,stop_loss,-74.88542826,-0.017984828598
FULL,NEARUSDT,1741716060000,2025,SHORT,stop_loss,-75.68381103,-0.019585542363
FULL,NEARUSDT,1741716720000,2025,SHORT,stop_loss,-80.09529516,-0.022488987273
FULL,NEARUSDT,1741717380000,2025,SHORT,take_profit,58.87051640,0.018163449174
FULL,NEARUSDT,1743976800000,2025,SHORT,stop_loss,-60.21612092,-0.017320230942
FULL,NEARUSDT,1760763660000,2025,SHORT,stop_loss,-53.30902053,-0.016474907734
FULL,NEARUSDT,1761930060000,2025,SHORT,stop_loss,-51.20651866,-0.016941583280
FULL,NEARUSDT,1761976860000,2025,SHORT,stop_loss,-49.67923407,-0.017631077425
FULL,NEARUSDT,1762275660000,2025,SHORT,take_profit,62.81360281,0.023983890324
FULL,NEARUSDT,1762276680000,2025,SHORT,stop_loss,-59.83015813,-0.020844959558
FULL,NEARUSDT,1762277040000,2025,SHORT,take_profit,48.85725794,0.018570371402
FULL,NEARUSDT,1762333260000,2025,SHORT,stop_loss,-50.19558011,-0.017759833389
FULL,NEARUSDT,1762342380000,2025,SHORT,stop_loss,-43.19970761,-0.016453446793
FULL,NEARUSDT,1763877660000,2025,SHORT,take_profit,44.83398351,0.018278895840
FULL,NEARUSDT,1763978460000,2025,SHORT,stop_loss,-45.57797897,-0.017316144145
FULL,NEARUSDT,1765926060000,2025,SHORT,take_profit,46.68274572,0.019055760125
FULL,NEARUSDT,1768996860000,2026,SHORT,stop_loss,-48.87684168,-0.018538335383
FULL,NEARUSDT,1769014860000,2026,SHORT,stop_loss,-50.42751163,-0.020658371102
FULL,NEARUSDT,1769036460000,2026,SHORT,take_profit,43.36245097,0.019364196194
FULL,NEARUSDT,1769151660000,2026,SHORT,stop_loss,-41.30146089,-0.017117928405
FULL,NEARUSDT,1769400060000,2026,SHORT,stop_loss,-38.72017784,-0.017227691593
FULL,NEARUSDT,1769756460000,2026,SHORT,stop_loss,-39.46512349,-0.018858706706
FULL,NEARUSDT,1769806860000,2026,SHORT,take_profit,37.41533063,0.019337952867
FULL,NEARUSDT,1769868060000,2026,SHORT,take_profit,59.93647515,0.028753754633
FULL,NEARUSDT,1769882460000,2026,SHORT,take_profit,52.65277286,0.022653947729
FULL,NEARUSDT,1769885580000,2026,SHORT,stop_loss,-48.61656515,-0.019179405312
FULL,NEARUSDT,1769961660000,2026,SHORT,stop_loss,-38.82697317,-0.016590132470
FULL,NEARUSDT,1770321660000,2026,SHORT,take_profit,47.26987803,0.021633241399
FULL,NEARUSDT,1770339660000,2026,SHORT,stop_loss,-44.83833203,-0.018886159624
FULL,NEARUSDT,1770340440000,2026,SHORT,stop_loss,-45.86493571,-0.020897245793
FULL,NEARUSDT,1770750060000,2026,SHORT,stop_loss,-36.67331586,-0.018233420142
FULL,NEARUSDT,1772488860000,2026,LONG,take_profit,36.95364382,0.019818209977
FULL,NEARUSDT,1772491860000,2026,LONG,stop_loss,-33.06086583,-0.016428205695
FULL,NEARUSDT,1773302460000,2026,LONG,stop_loss,-32.09638776,-0.017070713700
FULL,NEARUSDT,1773356460000,2026,LONG,take_profit,35.18521830,0.020084992926
FULL,NEARUSDT,1779339660000,2026,LONG,stop_loss,-34.62277656,-0.018294177194
FULL,NEARUSDT,1780372860000,2026,LONG,stop_loss,-31.71399845,-0.018080275748
BASE,NEARUSDT,1736758860000,2025,SHORT,take_profit,76.56911135,0.019142277839
BASE,NEARUSDT,1738497660000,2025,SHORT,stop_loss,-73.25498178,-0.017011212056
BASE,NEARUSDT,1738500360000,2025,SHORT,stop_loss,-68.10798616,-0.016970753264
BASE,NEARUSDT,1738515840000,2025,SHORT,take_profit,89.89912254,0.024031900124
BASE,NEARUSDT,1741654860000,2025,SHORT,stop_loss,-73.74537001,-0.017984828598
BASE,NEARUSDT,1743976800000,2025,SHORT,stop_loss,-65.91109243,-0.017320230942
BASE,NEARUSDT,1769756460000,2026,SHORT,stop_loss,-66.79367715,-0.018858706706
BASE,NEARUSDT,1769846460000,2026,SHORT,take_profit,61.29994575,0.018719709855
BASE,NEARUSDT,1769868060000,2026,SHORT,take_profit,101.20804893,0.028753754633
BASE,NEARUSDT,1769882460000,2026,SHORT,take_profit,88.90887223,0.022653947729
BASE,NEARUSDT,1769885580000,2026,SHORT,stop_loss,-82.09337789,-0.019179405312
BASE,NEARUSDT,1769961660000,2026,SHORT,stop_loss,-65.56278443,-0.016590132470
BASE,NEARUSDT,1770321660000,2026,SHORT,take_profit,79.81937737,0.021633241399
BASE,NEARUSDT,1770339660000,2026,SHORT,stop_loss,-75.71349650,-0.018886159624
BASE,NEARUSDT,1770340440000,2026,SHORT,stop_loss,-77.44700778,-0.020897245793
BASE,NEARUSDT,1772488860000,2026,LONG,take_profit,67.30856308,0.019818209977
BASE,NEARUSDT,1772491860000,2026,LONG,stop_loss,-60.21813123,-0.016428205695
BASE,NEARUSDT,1773302460000,2026,LONG,stop_loss,-58.46139966,-0.017070713700
BASE,NEARUSDT,1773356460000,2026,LONG,take_profit,64.08749560,0.020084992926
BASE,NEARUSDT,1779339660000,2026,LONG,stop_loss,-63.06304600,-0.018294177194
BASE,NEARUSDT,1780372860000,2026,LONG,stop_loss,-57.76490339,-0.018080275748
FULL,SOLUSDT,1739858460000,2025,SHORT,take_profit,98.43459270,0.024608648176
FULL,SOLUSDT,1739898060000,2025,SHORT,stop_loss,-75.04159164,-0.017079212577
FULL,SOLUSDT,1739970060000,2025,SHORT,take_profit,75.47157879,0.018436607126
FULL,SOLUSDT,1739977260000,2025,SHORT,stop_loss,-74.55996262,-0.016962955215
FULL,SOLUSDT,1739979660000,2025,SHORT,take_profit,75.20530567,0.018355210063
FULL,SOLUSDT,1740394860000,2025,SHORT,stop_loss,-78.84938086,-0.017928301332
FULL,SOLUSDT,1740412860000,2025,SHORT,stop_loss,-71.74623172,-0.017573480301
FULL,SOLUSDT,1740427260000,2025,SHORT,stop_loss,-69.12051299,-0.018210420118
FULL,SOLUSDT,1741698060000,2025,SHORT,stop_loss,-86.65503273,-0.024623676875
FULL,SOLUSDT,1741699740000,2025,SHORT,take_profit,68.39417191,0.021558072483
FULL,SOLUSDT,1741701840000,2025,SHORT,take_profit,66.03515764,0.019162110594
FULL,SOLUSDT,1741704000000,2025,SHORT,stop_loss,-63.86189312,-0.017212184615
FULL,SOLUSDT,1741705620000,2025,SHORT,stop_loss,-66.77487948,-0.019328007429
FULL,SOLUSDT,1741706100000,2025,SHORT,stop_loss,-59.78156909,-0.018753676595
FULL,SOLUSDT,1741708500000,2025,SHORT,stop_loss,-61.30420560,-0.020790960520
FULL,SOLUSDT,1741726860000,2025,SHORT,take_profit,51.65117899,0.019106132767
FULL,SOLUSDT,1744009320000,2025,SHORT,stop_loss,-63.76145731,-0.021911252326
FULL,SOLUSDT,1760731260000,2025,SHORT,stop_loss,-45.80973649,-0.017254520990
FULL,SOLUSDT,1762045260000,2025,SHORT,stop_loss,-41.60081290,-0.016830835895
FULL,SOLUSDT,1762243260000,2025,SHORT,stop_loss,-43.68715050,-0.018950753388
FULL,SOLUSDT,1762329660000,2025,SHORT,stop_loss,-36.21871089,-0.016999697834
FULL,SOLUSDT,1763143260000,2025,SHORT,stop_loss,-35.96886495,-0.018114171321
FULL,SOLUSDT,1763154060000,2025,SHORT,stop_loss,-33.47268665,-0.018173898999
FULL,SOLUSDT,1763182860000,2025,SHORT,take_profit,31.64879139,0.018530722204
FULL,SOLUSDT,1763244060000,2025,SHORT,stop_loss,-30.88102561,-0.016833443284
FULL,SOLUSDT,1763712060000,2025,SHORT,stop_loss,-28.89643164,-0.016888816223
FULL,SOLUSDT,1763714100000,2025,SHORT,take_profit,29.18847662,0.018295459526
FULL,SOLUSDT,1763881260000,2025,SHORT,stop_loss,-28.82802894,-0.016837341785
FULL,SOLUSDT,1769713260000,2026,SHORT,stop_loss,-27.37165344,-0.017141176303
FULL,SOLUSDT,1769738460000,2026,SHORT,take_profit,28.96467674,0.019474018783
FULL,SOLUSDT,1769878920000,2026,SHORT,take_profit,74.47327042,0.046452643538
FULL,SOLUSDT,1769958060000,2026,SHORT,take_profit,36.56766882,0.019234989978
FULL,SOLUSDT,1770289260000,2026,SHORT,take_profit,37.71193247,0.018419675928
FULL,SOLUSDT,1780351260000,2026,SHORT,take_profit,40.19537744,0.018285421242
FULL,SOLUSDT,1780412460000,2026,SHORT,take_profit,44.19355628,0.018734009862
FULL,SOLUSDT,1780441260000,2026,SHORT,stop_loss,-45.26336584,-0.017849909370
FULL,SOLUSDT,1780520460000,2026,SHORT,stop_loss,-40.91602201,-0.017376156705
FULL,SOLUSDT,1780534860000,2026,SHORT,take_profit,46.19240879,0.021082238058
FULL,SOLUSDT,1780639260000,2026,SHORT,take_profit,47.86509879,0.020146704146
FULL,SOLUSDT,1780686060000,2026,SHORT,stop_loss,-43.31631988,-0.016872402871
FULL,SOLUSDT,1780722060000,2026,SHORT,stop_loss,-41.96278663,-0.017528147795
FULL,SOLUSDT,1782439260000,2026,SHORT,stop_loss,-37.59732685,-0.016888781093
FULL,SOLUSDT,1782446280000,2026,SHORT,stop_loss,-39.56512283,-0.019060342065
FULL,SOLUSDT,1782986460000,2026,LONG,take_profit,37.84725865,0.019737588517
BASE,SOLUSDT,1739858460000,2025,SHORT,take_profit,98.43459270,0.024608648176
BASE,SOLUSDT,1739898060000,2025,SHORT,stop_loss,-75.04159164,-0.017079212577
BASE,SOLUSDT,1740394860000,2025,SHORT,stop_loss,-73.39079242,-0.017928301332
BASE,SOLUSDT,1740412860000,2025,SHORT,stop_loss,-66.77938040,-0.017573480301
BASE,SOLUSDT,1740427260000,2025,SHORT,stop_loss,-64.33543504,-0.018210420118
BASE,SOLUSDT,1744009320000,2025,SHORT,stop_loss,-71.77139320,-0.021911252326
BASE,SOLUSDT,1762243260000,2025,SHORT,stop_loss,-56.63364427,-0.018950753388
BASE,SOLUSDT,1763244060000,2025,SHORT,stop_loss,-46.49278230,-0.016833443284
BASE,SOLUSDT,1763712060000,2025,SHORT,stop_loss,-43.50488622,-0.016888816223
BASE,SOLUSDT,1763714100000,2025,SHORT,take_profit,43.94457316,0.018295459526
BASE,SOLUSDT,1769713260000,2026,SHORT,stop_loss,-44.18510227,-0.017141176303
BASE,SOLUSDT,1769738460000,2026,SHORT,take_profit,46.75666404,0.019474018783
BASE,SOLUSDT,1769878920000,2026,SHORT,take_profit,120.21959424,0.046452643538
BASE,SOLUSDT,1769958060000,2026,SHORT,take_profit,59.02990808,0.019234989978
BASE,SOLUSDT,1780412460000,2026,SHORT,take_profit,61.91592691,0.018734009862
BASE,SOLUSDT,1780441260000,2026,SHORT,stop_loss,-63.41474837,-0.017849909370
BASE,SOLUSDT,1780520460000,2026,SHORT,stop_loss,-57.32404544,-0.017376156705
BASE,SOLUSDT,1780534860000,2026,SHORT,take_profit,64.71635341,0.021082238058
BASE,SOLUSDT,1780639260000,2026,SHORT,take_profit,67.05982067,0.020146704146
BASE,SOLUSDT,1780686060000,2026,SHORT,stop_loss,-60.68690374,-0.016872402871
BASE,SOLUSDT,1780722060000,2026,SHORT,stop_loss,-58.79058054,-0.017528147795
BASE,SOLUSDT,1782986460000,2026,LONG,take_profit,61.55965541,0.019737588517
FULL,UNIUSDT,1728576120000,2024,LONG,stop_loss,-64.31007438,-0.016077518595
FULL,UNIUSDT,1728576900000,2024,LONG,stop_loss,-69.66246382,-0.018612593209
FULL,UNIUSDT,1738749660000,2025,SHORT,stop_loss,-57.81790669,-0.016690552333
FULL,UNIUSDT,1740232860000,2025,SHORT,stop_loss,-56.11106838,-0.017356596449
FULL,UNIUSDT,1740409260000,2025,SHORT,take_profit,61.23335332,0.020354167174
FULL,UNIUSDT,1740427260000,2025,SHORT,stop_loss,-55.85262037,-0.017167845159
FULL,UNIUSDT,1740466860000,2025,SHORT,take_profit,57.49846081,0.018976910294
FULL,UNIUSDT,1740467820000,2025,SHORT,take_profit,67.13820719,0.020595106098
FULL,UNIUSDT,1740469740000,2025,SHORT,stop_loss,-62.79820887,-0.017797607364
FULL,UNIUSDT,1740765660000,2025,SHORT,stop_loss,-55.81729559,-0.017031640178
FULL,UNIUSDT,1740767940000,2025,SHORT,stop_loss,-57.40301792,-0.018796001673
FULL,UNIUSDT,1741654860000,2025,SHORT,stop_loss,-49.10678210,-0.017386689325
FULL,UNIUSDT,1741656780000,2025,SHORT,stop_loss,-44.83260082,-0.017059833871
FULL,UNIUSDT,1741698060000,2025,SHORT,stop_loss,-61.91090158,-0.025283874164
FULL,UNIUSDT,1741699740000,2025,SHORT,take_profit,44.33577755,0.020143576901
FULL,UNIUSDT,1741705260000,2025,SHORT,stop_loss,-41.71957996,-0.017541533267
FULL,UNIUSDT,1741705860000,2025,SHORT,stop_loss,-37.94233576,-0.017157196563
FULL,UNIUSDT,1741707720000,2025,SHORT,stop_loss,-34.49578610,-0.016748098226
FULL,UNIUSDT,1741834860000,2025,SHORT,take_profit,35.14439806,0.018288175370
FULL,UNIUSDT,1743307260000,2025,SHORT,take_profit,39.37118598,0.019091112744
FULL,UNIUSDT,1743372060000,2025,SHORT,stop_loss,-37.28432293,-0.016796533490
FULL,UNIUSDT,1743408060000,2025,SHORT,take_profit,38.55949786,0.018622148081
FULL,UNIUSDT,1743976680000,2025,SHORT,stop_loss,-40.22268017,-0.018078716847
FULL,UNIUSDT,1744045260000,2025,SHORT,stop_loss,-36.84977291,-0.017853806207
FULL,UNIUSDT,1744047660000,2025,SHORT,stop_loss,-34.22511622,-0.017857447146
FULL,UNIUSDT,1744192860000,2025,SHORT,take_profit,34.07844966,0.019148710069
FULL,UNIUSDT,1744200060000,2025,SHORT,stop_loss,-45.42541012,-0.023708618988
FULL,UNIUSDT,1746288060000,2025,SHORT,take_profit,31.91450443,0.018402104865
FULL,UNIUSDT,1746292140000,2025,SHORT,stop_loss,-31.46932774,-0.016901332783
FULL,UNIUSDT,1746367260000,2025,SHORT,take_profit,32.61507686,0.018786769724
FULL,UNIUSDT,1746489660000,2025,SHORT,take_profit,37.36043914,0.020016023343
FULL,UNIUSDT,1746586860000,2025,SHORT,take_profit,38.69700524,0.019195244775
FULL,UNIUSDT,1758686460000,2025,SHORT,stop_loss,-37.80694293,-0.017416483980
FULL,UNIUSDT,1758688680000,2025,SHORT,stop_loss,-34.27955123,-0.016974036345
FULL,UNIUSDT,1758722460000,2025,SHORT,stop_loss,-33.26375088,-0.017670828647
FULL,UNIUSDT,1758725580000,2025,SHORT,take_profit,32.43695061,0.018542230730
FULL,UNIUSDT,1758776520000,2025,SHORT,stop_loss,-31.45987095,-0.016741960565
FULL,UNIUSDT,1758823260000,2025,SHORT,stop_loss,-30.61431584,-0.017461330153
FULL,UNIUSDT,1760216460000,2025,SHORT,stop_loss,-28.01383142,-0.017177901222
FULL,UNIUSDT,1760218320000,2025,SHORT,stop_loss,-27.00677864,-0.017782228387
FULL,UNIUSDT,1760731260000,2025,SHORT,stop_loss,-24.03392578,-0.017036589933
FULL,UNIUSDT,1760745660000,2025,SHORT,take_profit,24.69358252,0.018784271205
FULL,UNIUSDT,1760853660000,2025,SHORT,stop_loss,-27.25639991,-0.019284789322
FULL,UNIUSDT,1762236060000,2025,SHORT,stop_loss,-25.31917358,-0.019411527573
FULL,UNIUSDT,1762261260000,2025,SHORT,stop_loss,-22.23571114,-0.018482623935
FULL,UNIUSDT,1762275660000,2025,SHORT,take_profit,21.64253885,0.019425724550
FULL,UNIUSDT,1762276680000,2025,SHORT,stop_loss,-22.82083952,-0.019006475342
FULL,UNIUSDT,1762277040000,2025,SHORT,take_profit,20.45047685,0.018433746538
FULL,UNIUSDT,1762304460000,2025,SHORT,take_profit,22.28267679,0.018705978437
FULL,UNIUSDT,1762305840000,2025,SHORT,stop_loss,-23.44989862,-0.018315413052
FULL,UNIUSDT,1762307700000,2025,SHORT,stop_loss,-19.90876853,-0.016778881664
FULL,UNIUSDT,1769389260000,2026,SHORT,stop_loss,-18.98555266,-0.017151969374
FULL,UNIUSDT,1769806860000,2026,SHORT,stop_loss,-17.10747351,-0.016593731734
FULL,UNIUSDT,1769850060000,2026,SHORT,take_profit,19.32114657,0.020073290838
FULL,UNIUSDT,1769868060000,2026,SHORT,take_profit,27.12151908,0.026083031457
FULL,UNIUSDT,1769882460000,2026,SHORT,take_profit,28.87309489,0.025144192112
FULL,UNIUSDT,1769885160000,2026,SHORT,stop_loss,-22.51869160,-0.017818336649
FULL,UNIUSDT,1769925660000,2026,SHORT,take_profit,21.14686191,0.018016981256
FULL,UNIUSDT,1769950860000,2026,SHORT,take_profit,25.32815467,0.020128774948
FULL,UNIUSDT,1769990460000,2026,SHORT,stop_loss,-24.35112135,-0.017910261185
FULL,UNIUSDT,1769991480000,2026,SHORT,take_profit,27.91914719,0.022119187572
FULL,UNIUSDT,1770242460000,2026,SHORT,take_profit,25.06836983,0.018246264212
FULL,UNIUSDT,1770325320000,2026,SHORT,stop_loss,-29.27244114,-0.019856977050
FULL,UNIUSDT,1770326040000,2026,SHORT,stop_loss,-24.38311256,-0.017967412199
FULL,UNIUSDT,1779998460000,2026,SHORT,take_profit,26.54782449,0.021077366666
FULL,UNIUSDT,1780045260000,2026,SHORT,stop_loss,-25.11058570,-0.018386158772
FULL,UNIUSDT,1780081260000,2026,SHORT,stop_loss,-21.55259842,-0.017033711993
FULL,UNIUSDT,1780279260000,2026,SHORT,stop_loss,-19.77717728,-0.016773392060
FULL,UNIUSDT,1780281840000,2026,SHORT,take_profit,20.35529977,0.018505294754
FULL,UNIUSDT,1780351260000,2026,SHORT,take_profit,21.78722763,0.018441983534
FULL,UNIUSDT,1780628460000,2026,SHORT,stop_loss,-22.81405527,-0.017984473066
FULL,UNIUSDT,1780639260000,2026,SHORT,take_profit,21.98356742,0.018673097168
BASE,UNIUSDT,1728576120000,2024,LONG,stop_loss,-64.31007438,-0.016077518595
BASE,UNIUSDT,1728576900000,2024,LONG,stop_loss,-69.66246382,-0.018612593209
BASE,UNIUSDT,1740409260000,2025,SHORT,take_profit,70.50907094,0.020354167174
BASE,UNIUSDT,1740427260000,2025,SHORT,stop_loss,-64.31325672,-0.017167845159
BASE,UNIUSDT,1740466860000,2025,SHORT,take_profit,66.20841146,0.018976910294
BASE,UNIUSDT,1740467820000,2025,SHORT,take_profit,77.30840068,0.020595106098
BASE,UNIUSDT,1740469740000,2025,SHORT,stop_loss,-72.31097309,-0.017797607364
BASE,UNIUSDT,1741654860000,2025,SHORT,stop_loss,-65.61243570,-0.017386689325
BASE,UNIUSDT,1741656780000,2025,SHORT,stop_loss,-59.90162688,-0.017059833871
BASE,UNIUSDT,1743976680000,2025,SHORT,stop_loss,-59.14741856,-0.018078716847
BASE,UNIUSDT,1746403260000,2025,SHORT,stop_loss,-51.28570775,-0.016897698799
BASE,UNIUSDT,1758686460000,2025,SHORT,stop_loss,-49.28739053,-0.017416483980
BASE,UNIUSDT,1758776520000,2025,SHORT,stop_loss,-44.07786784,-0.016741960565
BASE,UNIUSDT,1758823260000,2025,SHORT,stop_loss,-42.89317556,-0.017461330153
BASE,UNIUSDT,1760216460000,2025,SHORT,stop_loss,-39.24968290,-0.017177901222
BASE,UNIUSDT,1760218320000,2025,SHORT,stop_loss,-37.83871910,-0.017782228387
BASE,UNIUSDT,1762236060000,2025,SHORT,stop_loss,-38.36766772,-0.019411527573
BASE,UNIUSDT,1769389260000,2026,SHORT,stop_loss,-31.26923549,-0.017151969374
BASE,UNIUSDT,1769850060000,2026,SHORT,take_profit,34.08430228,0.020073290838
BASE,UNIUSDT,1769868060000,2026,SHORT,take_profit,47.84488598,0.026083031457
BASE,UNIUSDT,1769882460000,2026,SHORT,take_profit,50.93482886,0.025144192112
BASE,UNIUSDT,1769885160000,2026,SHORT,stop_loss,-39.72506956,-0.017818336649
BASE,UNIUSDT,1769950860000,2026,SHORT,take_profit,41.67760555,0.020128774948
BASE,UNIUSDT,1770325320000,2026,SHORT,stop_loss,-44.42519984,-0.019856977050
BASE,UNIUSDT,1770326040000,2026,SHORT,stop_loss,-37.00493043,-0.017967412199
BASE,UNIUSDT,1780628460000,2026,SHORT,stop_loss,-34.37801158,-0.017984473066
BASE,UNIUSDT,1780639260000,2026,SHORT,take_profit,33.12656722,0.018673097168
FULL,XRPUSDT,1730696460000,2024,SHORT,stop_loss,-66.94689429,-0.016736723572
FULL,XRPUSDT,1740646860000,2025,SHORT,stop_loss,-65.17026918,-0.017461564830
FULL,XRPUSDT,1762243260000,2025,SHORT,stop_loss,-63.60478497,-0.018321823608
FULL,XRPUSDT,1762333260000,2025,SHORT,stop_loss,-56.47208831,-0.017553658277
FULL,XRPUSDT,1763712060000,2025,SHORT,stop_loss,-58.17993023,-0.019450209377
FULL,XRPUSDT,1763766060000,2025,SHORT,stop_loss,-46.78352396,-0.016959744022
FULL,XRPUSDT,1763767500000,2025,SHORT,take_profit,48.09328184,0.018703368696
FULL,XRPUSDT,1767528120000,2026,LONG,take_profit,52.28867898,0.018919514544
FULL,XRPUSDT,1769850060000,2026,SHORT,take_profit,58.53961475,0.019691095061
FULL,XRPUSDT,1769878920000,2026,SHORT,take_profit,130.07119569,0.040557814382
FULL,XRPUSDT,1769954460000,2026,SHORT,take_profit,74.83856562,0.020078271127
FULL,XRPUSDT,1770044460000,2026,SHORT,stop_loss,-75.47226724,-0.018742979057
FULL,XRPUSDT,1770285660000,2026,SHORT,take_profit,67.56668756,0.018139651259
FULL,XRPUSDT,1770307260000,2026,SHORT,take_profit,93.18942290,0.023326087253
FULL,XRPUSDT,1770314460000,2026,SHORT,take_profit,83.24145809,0.019057848788
FULL,XRPUSDT,1770317640000,2026,SHORT,stop_loss,-80.96111096,-0.017222849241
FULL,XRPUSDT,1770321660000,2026,SHORT,take_profit,79.65555359,0.018198863262
FULL,XRPUSDT,1770324060000,2026,SHORT,take_profit,87.47244937,0.018628700703
FULL,XRPUSDT,1780380060000,2026,SHORT,take_profit,93.93346810,0.018617408663
FULL,XRPUSDT,1780441260000,2026,SHORT,stop_loss,-92.67669864,-0.017095243181
FULL,XRPUSDT,1780516860000,2026,SHORT,stop_loss,-88.09764447,-0.017443381321
FULL,XRPUSDT,1780538460000,2026,SHORT,stop_loss,-94.27720715,-0.020067089669
FULL,XRPUSDT,1780639260000,2026,SHORT,take_profit,78.69940601,0.018213273512
FULL,XRPUSDT,1780641900000,2026,SHORT,stop_loss,-81.89695893,-0.017666237816
FULL,XRPUSDT,1780686060000,2026,SHORT,stop_loss,-84.06453775,-0.019512674947
FULL,XRPUSDT,1780722060000,2026,SHORT,stop_loss,-83.75699865,-0.021087157806
FULL,XRPUSDT,1782442860000,2026,SHORT,stop_loss,-67.27712825,-0.018498403053
BASE,XRPUSDT,1762243260000,2025,SHORT,stop_loss,-73.28729443,-0.018321823608
BASE,XRPUSDT,1763712060000,2025,SHORT,stop_loss,-72.09902462,-0.019450209377
BASE,XRPUSDT,1767528120000,2026,LONG,take_profit,64.67550386,0.018919514544
BASE,XRPUSDT,1769850060000,2026,SHORT,take_profit,72.40724291,0.019691095061
BASE,XRPUSDT,1769878920000,2026,SHORT,take_profit,160.88415855,0.040557814382
BASE,XRPUSDT,1769954460000,2026,SHORT,take_profit,92.56730203,0.020078271127
BASE,XRPUSDT,1770285660000,2026,SHORT,take_profit,90.34619384,0.018139651259
BASE,XRPUSDT,1770307260000,2026,SHORT,take_profit,124.60740594,0.023326087253
BASE,XRPUSDT,1770314460000,2026,SHORT,take_profit,111.30557350,0.019057848788
BASE,XRPUSDT,1770317640000,2026,SHORT,stop_loss,-108.25642767,-0.017222849241
BASE,XRPUSDT,1770321660000,2026,SHORT,take_profit,106.51071327,0.018198863262
BASE,XRPUSDT,1770324060000,2026,SHORT,take_profit,116.96300576,0.018628700703
BASE,XRPUSDT,1780380060000,2026,SHORT,take_profit,125.60229936,0.018617408663
BASE,XRPUSDT,1780441260000,2026,SHORT,stop_loss,-123.92182128,-0.017095243181
BASE,XRPUSDT,1780516860000,2026,SHORT,stop_loss,-117.79897982,-0.017443381321
BASE,XRPUSDT,1780538460000,2026,SHORT,stop_loss,-126.06192696,-0.020067089669
BASE,XRPUSDT,1780639260000,2026,SHORT,take_profit,105.23220906,0.018213273512
BASE,XRPUSDT,1780641900000,2026,SHORT,stop_loss,-109.50778843,-0.017666237816
BASE,XRPUSDT,1780686060000,2026,SHORT,stop_loss,-112.40614713,-0.019512674947
BASE,XRPUSDT,1780722060000,2026,SHORT,stop_loss,-111.99492397,-0.021087157806
BASE,XRPUSDT,1782442860000,2026,SHORT,stop_loss,-89.95901220,-0.018498403053
FULL,ZECUSDT,1727863260000,2024,SHORT,stop_loss,-68.90783912,-0.017226959779
FULL,ZECUSDT,1727946060000,2024,SHORT,stop_loss,-64.37553142,-0.017284951512
FULL,ZECUSDT,1728003660000,2024,SHORT,stop_loss,-67.13069754,-0.019363507995
FULL,ZECUSDT,1728005340000,2024,SHORT,stop_loss,-56.04180051,-0.017522131852
FULL,ZECUSDT,1728622860000,2024,LONG,stop_loss,-59.32803666,-0.019947718688
FULL,ZECUSDT,1738029660000,2025,SHORT,stop_loss,-47.66494165,-0.017415894631
FULL,ZECUSDT,1738497660000,2025,SHORT,stop_loss,-43.68995188,-0.017158853481
FULL,ZECUSDT,1738500420000,2025,SHORT,stop_loss,-44.51039035,-0.018769313228
FULL,ZECUSDT,1738515840000,2025,SHORT,take_profit,57.37777235,0.026159244781
FULL,ZECUSDT,1738900860000,2025,SHORT,take_profit,50.35518535,0.020782899610
FULL,ZECUSDT,1741698060000,2025,SHORT,stop_loss,-60.64817595,-0.023109920886
FULL,ZECUSDT,1741699740000,2025,SHORT,take_profit,47.43272192,0.019915135452
FULL,ZECUSDT,1741701420000,2025,SHORT,take_profit,48.87026169,0.019004771499
FULL,ZECUSDT,1741703340000,2025,SHORT,stop_loss,-57.31515628,-0.020714167984
FULL,ZECUSDT,1742781660000,2025,SHORT,stop_loss,-43.04776294,-0.016963340878
FULL,ZECUSDT,1744671660000,2025,SHORT,take_profit,51.02234444,0.021569345909
FULL,ZECUSDT,1744680240000,2025,SHORT,stop_loss,-43.76447997,-0.017031684358
FULL,ZECUSDT,1744729260000,2025,SHORT,take_profit,43.02444453,0.017967772846
FULL,ZECUSDT,1744783260000,2025,SHORT,take_profit,47.32937811,0.018440267483
FULL,ZECUSDT,1744959660000,2025,SHORT,stop_loss,-47.28088222,-0.017155932768
FULL,ZECUSDT,1746655260000,2025,LONG,stop_loss,-43.48992980,-0.016943077709
FULL,ZECUSDT,1748289660000,2025,LONG,stop_loss,-38.64919180,-0.016151840398
FULL,ZECUSDT,1751065260000,2025,SHORT,take_profit,41.73654013,0.018646790619
FULL,ZECUSDT,1751385660000,2025,SHORT,stop_loss,-43.81413256,-0.018216302100
FULL,ZECUSDT,1757296860000,2025,LONG,take_profit,55.42905818,0.024856536999
FULL,ZECUSDT,1759136460000,2025,LONG,stop_loss,-49.56717723,-0.020217676771
FULL,ZECUSDT,1759158060000,2025,LONG,stop_loss,-44.06338364,-0.019554120988
FULL,ZECUSDT,1759341660000,2025,LONG,take_profit,40.44235396,0.019470089267
FULL,ZECUSDT,1761433260000,2025,LONG,stop_loss,-40.52408274,-0.018099815699
FULL,ZECUSDT,1761451260000,2025,LONG,take_profit,39.83976396,0.019183004593
FULL,ZECUSDT,1761462960000,2025,LONG,take_profit,44.32001667,0.019819475698
FULL,ZECUSDT,1761469260000,2025,LONG,take_profit,54.39007415,0.022536092262
FULL,ZECUSDT,1761471780000,2025,LONG,stop_loss,-51.76170662,-0.019673586181
FULL,ZECUSDT,1761483660000,2025,LONG,stop_loss,-48.29488795,-0.019923809057
FULL,ZECUSDT,1761484800000,2025,LONG,take_profit,48.82641024,0.021887408012
FULL,ZECUSDT,1761494460000,2025,LONG,stop_loss,-41.53417941,-0.017119697511
FULL,ZECUSDT,1761495960000,2025,LONG,stop_loss,-38.11202507,-0.016863966464
FULL,ZECUSDT,1762416060000,2025,LONG,stop_loss,-34.70441675,-0.016466945943
FULL,ZECUSDT,1762418280000,2025,LONG,take_profit,38.29615865,0.019452488767
FULL,ZECUSDT,1762430460000,2025,LONG,take_profit,40.40090308,0.019040083207
FULL,ZECUSDT,1762477260000,2025,LONG,stop_loss,-40.21522533,-0.017611295149
FULL,ZECUSDT,1762488060000,2025,LONG,take_profit,53.75152090,0.025323080716
FULL,ZECUSDT,1762495260000,2025,LONG,stop_loss,-41.01808454,-0.017546825061
FULL,ZECUSDT,1762498380000,2025,LONG,take_profit,65.30274259,0.030044094407
FULL,ZECUSDT,1762502460000,2025,LONG,take_profit,60.93445500,0.025026736317
FULL,ZECUSDT,1762509660000,2025,LONG,stop_loss,-45.97591193,-0.017164720358
FULL,ZECUSDT,1762510860000,2025,LONG,stop_loss,-60.35423589,-0.024193870895
FULL,ZECUSDT,1768888860000,2026,SHORT,take_profit,41.84134819,0.018569814066
FULL,ZECUSDT,1768935660000,2026,SHORT,stop_loss,-45.71019050,-0.018884162420
FULL,ZECUSDT,1769824860000,2026,SHORT,take_profit,40.92847428,0.018290288368
FULL,ZECUSDT,1769846520000,2026,SHORT,take_profit,43.93894204,0.018296989945
FULL,ZECUSDT,1769860860000,2026,SHORT,take_profit,47.17599198,0.018305234760
FULL,ZECUSDT,1769886060000,2026,SHORT,stop_loss,-49.77529084,-0.017996122095
FULL,ZECUSDT,1770264060000,2026,SHORT,take_profit,50.78621107,0.019785895115
FULL,ZECUSDT,1770296460000,2026,SHORT,take_profit,61.46906953,0.022191532607
FULL,ZECUSDT,1770321660000,2026,SHORT,stop_loss,-52.49477472,-0.017406527144
FULL,ZECUSDT,1770322620000,2026,SHORT,take_profit,78.50266789,0.027978405304
FULL,ZECUSDT,1770323280000,2026,SHORT,stop_loss,-95.53201794,-0.030620793583
FULL,ZECUSDT,1770336180000,2026,SHORT,take_profit,56.63948572,0.020688611261
FULL,ZECUSDT,1770338340000,2026,SHORT,stop_loss,-51.43647684,-0.017352149325
FULL,ZECUSDT,1770339120000,2026,SHORT,stop_loss,-52.85667735,-0.019161208027
FULL,ZECUSDT,1775595660000,2026,LONG,take_profit,58.07838265,0.022801780265
FULL,ZECUSDT,1777849260000,2026,LONG,take_profit,58.64174382,0.021098614025
FULL,ZECUSDT,1777858140000,2026,LONG,stop_loss,-49.71390136,-0.016494441259
FULL,ZECUSDT,1779300060000,2026,LONG,take_profit,66.28299807,0.023545325098
FULL,ZECUSDT,1779307500000,2026,LONG,stop_loss,-52.62328524,-0.017084065045
FULL,ZECUSDT,1782709260000,2026,SHORT,stop_loss,-48.14407531,-0.016776328268
FULL,ZECUSDT,1782712680000,2026,SHORT,stop_loss,-45.52284912,-0.017003991584
FULL,ZECUSDT,1782734940000,2026,SHORT,take_profit,50.19142491,0.020116040398
FULL,ZECUSDT,1785934860000,2026,LONG,stop_loss,-43.95193673,-0.016303491620
BASE,ZECUSDT,1727946060000,2024,SHORT,stop_loss,-69.13980605,-0.017284951512
BASE,ZECUSDT,1728622860000,2024,LONG,stop_loss,-74.27414915,-0.019947718688
BASE,ZECUSDT,1738497660000,2025,SHORT,stop_loss,-58.79213775,-0.017158853481
BASE,ZECUSDT,1738500420000,2025,SHORT,stop_loss,-59.89617493,-0.018769313228
BASE,ZECUSDT,1738515840000,2025,SHORT,take_profit,77.21138959,0.026159244781
BASE,ZECUSDT,1744671660000,2025,SHORT,take_profit,70.32548240,0.021569345909
BASE,ZECUSDT,1744680240000,2025,SHORT,stop_loss,-60.32177079,-0.017031684358
BASE,ZECUSDT,1746655260000,2025,LONG,stop_loss,-55.91980341,-0.016943077709
BASE,ZECUSDT,1748289660000,2025,LONG,stop_loss,-49.69553222,-0.016151840398
BASE,ZECUSDT,1751385660000,2025,SHORT,stop_loss,-52.42633511,-0.018216302100
BASE,ZECUSDT,1757296860000,2025,LONG,take_profit,66.32431614,0.024856536999
BASE,ZECUSDT,1759136460000,2025,LONG,stop_loss,-59.31021094,-0.020217676771
BASE,ZECUSDT,1759158060000,2025,LONG,stop_loss,-52.72457953,-0.019554120988
BASE,ZECUSDT,1759341660000,2025,LONG,take_profit,48.39179227,0.019470089267
BASE,ZECUSDT,1761433260000,2025,LONG,stop_loss,-48.48958585,-0.018099815699
BASE,ZECUSDT,1761451260000,2025,LONG,take_profit,47.67075585,0.019183004593
BASE,ZECUSDT,1761462960000,2025,LONG,take_profit,53.03165692,0.019819475698
BASE,ZECUSDT,1761469260000,2025,LONG,take_profit,65.08110711,0.022536092262
BASE,ZECUSDT,1761471780000,2025,LONG,stop_loss,-61.93610186,-0.019673586181
BASE,ZECUSDT,1761483660000,2025,LONG,stop_loss,-57.78783766,-0.019923809057
BASE,ZECUSDT,1761484800000,2025,LONG,take_profit,58.42383715,0.021887408012
BASE,ZECUSDT,1761494460000,2025,LONG,stop_loss,-49.69822934,-0.017119697511
BASE,ZECUSDT,1761495960000,2025,LONG,stop_loss,-45.60340879,-0.016863966464
BASE,ZECUSDT,1762416060000,2025,LONG,stop_loss,-41.52599347,-0.016466945943
BASE,ZECUSDT,1762418280000,2025,LONG,take_profit,45.82373608,0.019452488767
BASE,ZECUSDT,1762430460000,2025,LONG,take_profit,48.34219371,0.019040083207
BASE,ZECUSDT,1762477260000,2025,LONG,stop_loss,-48.12001874,-0.017611295149
BASE,ZECUSDT,1762488060000,2025,LONG,take_profit,64.31703842,0.025323080716
BASE,ZECUSDT,1762495260000,2025,LONG,stop_loss,-49.08068972,-0.017546825061
BASE,ZECUSDT,1762498380000,2025,LONG,take_profit,78.13879374,0.030044094407
BASE,ZECUSDT,1762502460000,2025,LONG,take_profit,72.91186590,0.025026736317
BASE,ZECUSDT,1762509660000,2025,LONG,stop_loss,-55.01303860,-0.017164720358
BASE,ZECUSDT,1762510860000,2025,LONG,stop_loss,-72.21759764,-0.024193870895
BASE,ZECUSDT,1768888860000,2026,SHORT,take_profit,50.06577589,0.018569814066
BASE,ZECUSDT,1768935660000,2026,SHORT,stop_loss,-54.69508639,-0.018884162420
BASE,ZECUSDT,1769846520000,2026,SHORT,take_profit,48.99140939,0.018296989945
BASE,ZECUSDT,1769860860000,2026,SHORT,take_profit,52.60068243,0.018305234760
BASE,ZECUSDT,1769886060000,2026,SHORT,stop_loss,-55.49887044,-0.017996122095
BASE,ZECUSDT,1770264060000,2026,SHORT,take_profit,56.62603474,0.019785895115
BASE,ZECUSDT,1770296460000,2026,SHORT,take_profit,68.53729768,0.022191532607
BASE,ZECUSDT,1770321660000,2026,SHORT,stop_loss,-58.53106334,-0.017406527144
BASE,ZECUSDT,1770322620000,2026,SHORT,take_profit,87.52956177,0.027978405304
BASE,ZECUSDT,1770323280000,2026,SHORT,stop_loss,-106.51708904,-0.030620793583
BASE,ZECUSDT,1770336180000,2026,SHORT,take_profit,63.15236791,0.020688611261
BASE,ZECUSDT,1770338340000,2026,SHORT,stop_loss,-57.35107351,-0.017352149325
BASE,ZECUSDT,1770339120000,2026,SHORT,stop_loss,-58.93458056,-0.019161208027
BASE,ZECUSDT,1775595660000,2026,LONG,take_profit,64.75672125,0.022801780265
BASE,ZECUSDT,1777849260000,2026,LONG,take_profit,65.38486240,0.021098614025
BASE,ZECUSDT,1777858140000,2026,LONG,stop_loss,-55.43042188,-0.016494441259
BASE,ZECUSDT,1779300060000,2026,LONG,take_profit,73.90477203,0.023545325098
BASE,ZECUSDT,1779307500000,2026,LONG,stop_loss,-58.67435107,-0.017084065045
BASE,ZECUSDT,1785934860000,2026,LONG,stop_loss,-52.16712425,-0.016303491620
FULL,1000PEPEUSDT,1750600860000,2025,SHORT,stop_loss,-69.74147284,-0.017435368209
FULL,1000PEPEUSDT,1750975260000,2025,SHORT,take_profit,74.72648640,0.020082182591
FULL,1000PEPEUSDT,1756800060000,2025,SHORT,take_profit,78.49486695,0.019526377480
FULL,1000PEPEUSDT,1756817280000,2025,SHORT,stop_loss,-79.02927936,-0.018235059271
FULL,1000PEPEUSDT,1756819680000,2025,SHORT,stop_loss,-68.84196530,-0.017134233684
FULL,1000PEPEUSDT,1756820280000,2025,SHORT,take_profit,67.96099252,0.018159567450
FULL,1000PEPEUSDT,1756828860000,2025,SHORT,stop_loss,-68.17467730,-0.016983046161
FULL,1000PEPEUSDT,1760212860000,2025,SHORT,take_profit,69.91090274,0.018684862117
FULL,1000PEPEUSDT,1760215320000,2025,SHORT,take_profit,75.49834922,0.018774970059
FULL,1000PEPEUSDT,1760745660000,2025,SHORT,stop_loss,-74.72481521,-0.017284540298
FULL,1000PEPEUSDT,1760763660000,2025,SHORT,stop_loss,-69.55853072,-0.017284553177
FULL,1000PEPEUSDT,1762236060000,2025,SHORT,stop_loss,-71.06113634,-0.018969448413
FULL,1000PEPEUSDT,1762329660000,2025,SHORT,stop_loss,-58.43392697,-0.016879447294
FULL,1000PEPEUSDT,1763164860000,2025,SHORT,stop_loss,-57.37926402,-0.017774916385
FULL,1000PEPEUSDT,1763449260000,2025,SHORT,stop_loss,-55.92259929,-0.018649655895
FULL,1000PEPEUSDT,1763766060000,2025,SHORT,stop_loss,-55.61256385,-0.020041316656
FULL,1000PEPEUSDT,1769868120000,2026,SHORT,take_profit,64.88738097,0.025421652222
FULL,1000PEPEUSDT,1769882640000,2026,SHORT,take_profit,152.39373404,0.054194169821
FULL,1000PEPEUSDT,1769885160000,2026,SHORT,stop_loss,-61.04471751,-0.017841142757
FULL,1000PEPEUSDT,1770336120000,2026,SHORT,take_profit,61.01285012,0.019202184760
FULL,1000PEPEUSDT,1770338280000,2026,SHORT,stop_loss,-64.20503520,-0.018765487365
FULL,1000PEPEUSDT,1770338820000,2026,SHORT,stop_loss,-55.49575715,-0.017536297102
FULL,1000PEPEUSDT,1770782460000,2026,SHORT,take_profit,57.57473732,0.019565679544
FULL,1000PEPEUSDT,1770788700000,2026,SHORT,take_profit,67.29782357,0.021209938090
FULL,1000PEPEUSDT,1770822060000,2026,SHORT,stop_loss,-68.02089363,-0.019761282373
FULL,1000PEPEUSDT,1780023660000,2026,SHORT,stop_loss,-53.48366064,-0.016871572644
FULL,1000PEPEUSDT,1780502460000,2026,SHORT,take_profit,57.54720688,0.019467198884
FULL,1000PEPEUSDT,1780520160000,2026,SHORT,stop_loss,-55.36918816,-0.017377266954
FULL,1000PEPEUSDT,1780628460000,2026,SHORT,stop_loss,-56.26806130,-0.018978554173
FULL,1000PEPEUSDT,1780639260000,2026,SHORT,take_profit,56.10339281,0.020477550649
FULL,1000PEPEUSDT,1780722060000,2026,SHORT,stop_loss,-77.74599708,-0.026228635909
FULL,1000PEPEUSDT,1782385260000,2026,SHORT,take_profit,53.99366309,0.020350540973
FULL,1000PEPEUSDT,1782442860000,2026,SHORT,stop_loss,-53.91732998,-0.018792056497
FULL,1000PEPEUSDT,1782885660000,2026,SHORT,take_profit,63.79551293,0.024042151161
FULL,1000PEPEUSDT,1782888420000,2026,SHORT,stop_loss,-50.15273445,-0.017242508440
BASE,1000PEPEUSDT,1750600860000,2025,SHORT,stop_loss,-69.74147284,-0.017435368209
BASE,1000PEPEUSDT,1760212860000,2025,SHORT,take_profit,69.52700925,0.018684862117
BASE,1000PEPEUSDT,1760215320000,2025,SHORT,take_profit,75.08377405,0.018774970059
BASE,1000PEPEUSDT,1762236060000,2025,SHORT,stop_loss,-81.55871174,-0.018969448413
BASE,1000PEPEUSDT,1763164860000,2025,SHORT,stop_loss,-70.62405134,-0.017774916385
BASE,1000PEPEUSDT,1763766060000,2025,SHORT,stop_loss,-73.96741308,-0.020041316656
BASE,1000PEPEUSDT,1769868120000,2026,SHORT,take_profit,86.30337066,0.025421652222
BASE,1000PEPEUSDT,1769882640000,2026,SHORT,take_profit,202.69107368,0.054194169821
BASE,1000PEPEUSDT,1769885160000,2026,SHORT,stop_loss,-81.19244149,-0.017841142757
BASE,1000PEPEUSDT,1770336120000,2026,SHORT,take_profit,81.15005631,0.019202184760
BASE,1000PEPEUSDT,1770338280000,2026,SHORT,stop_loss,-85.39581762,-0.018765487365
BASE,1000PEPEUSDT,1770338820000,2026,SHORT,stop_loss,-73.81205450,-0.017536297102
BASE,1000PEPEUSDT,1780628460000,2026,SHORT,stop_loss,-74.27927660,-0.018978554173
BASE,1000PEPEUSDT,1780639260000,2026,SHORT,take_profit,74.06189829,0.020477550649
BASE,1000PEPEUSDT,1780722060000,2026,SHORT,stop_loss,-102.63222668,-0.026228635909
BASE,1000PEPEUSDT,1782385260000,2026,SHORT,take_profit,71.27685124,0.020350540973
BASE,1000PEPEUSDT,1782442860000,2026,SHORT,stop_loss,-71.17608417,-0.018792056497
FULL,SUIUSDT,1749974460000,2025,SHORT,stop_loss,-68.83185605,-0.017207964012
FULL,SUIUSDT,1750230060000,2025,SHORT,take_profit,67.93396732,0.018238909846
FULL,SUIUSDT,1750237260000,2025,SHORT,take_profit,73.51449709,0.018395141061
FULL,SUIUSDT,1750316460000,2025,SHORT,stop_loss,-71.13074324,-0.016578790289
FULL,SUIUSDT,1750510860000,2025,SHORT,take_profit,73.73942232,0.018407504512
FULL,SUIUSDT,1750536180000,2025,SHORT,take_profit,93.38867943,0.021713746998
FULL,SUIUSDT,1750543260000,2025,SHORT,stop_loss,-82.91186571,-0.017737222912
FULL,SUIUSDT,1750600860000,2025,SHORT,take_profit,84.92639896,0.019555640280
FULL,SUIUSDT,1750603740000,2025,SHORT,take_profit,88.44106759,0.018887518026
FULL,SUIUSDT,1750622460000,2025,SHORT,take_profit,95.23023831,0.018908851575
FULL,SUIUSDT,1750624620000,2025,SHORT,stop_loss,-93.18237104,-0.017201208075
FULL,SUIUSDT,1760230860000,2025,SHORT,stop_loss,-84.84700939,-0.016819807386
FULL,SUIUSDT,1762131660000,2025,SHORT,take_profit,90.21063964,0.019173022987
FULL,SUIUSDT,1762236060000,2025,SHORT,stop_loss,-87.75127777,-0.017321869268
FULL,SUIUSDT,1762279260000,2025,SHORT,take_profit,88.05057311,0.018674885043
FULL,SUIUSDT,1762281840000,2025,SHORT,take_profit,107.13817500,0.021143794602
FULL,SUIUSDT,1762333260000,2025,SHORT,stop_loss,-93.86403702,-0.017079622006
FULL,SUIUSDT,1762336260000,2025,SHORT,stop_loss,-90.03763521,-0.017584726921
FULL,SUIUSDT,1762354860000,2025,SHORT,take_profit,89.87318795,0.018880654283
FULL,SUIUSDT,1763096460000,2025,SHORT,stop_loss,-116.74740864,-0.022804187070
FULL,SUIUSDT,1763164860000,2025,SHORT,stop_loss,-82.76221062,-0.017788491193
FULL,SUIUSDT,1763193660000,2025,SHORT,take_profit,83.40690969,0.019300356433
FULL,SUIUSDT,1763196900000,2025,SHORT,stop_loss,-81.36033866,-0.017477492610
FULL,SUIUSDT,1763240460000,2025,SHORT,take_profit,80.83305801,0.018669401674
FULL,SUIUSDT,1763370060000,2025,SHORT,take_profit,84.43866287,0.018146987439
FULL,SUIUSDT,1763386560000,2025,SHORT,take_profit,128.30121533,0.025707571240
FULL,SUIUSDT,1763387700000,2025,SHORT,stop_loss,-111.75099895,-0.020303598089
FULL,SUIUSDT,1763390160000,2025,SHORT,stop_loss,-103.61536997,-0.020489510939
FULL,SUIUSDT,1763390280000,2025,SHORT,take_profit,95.69643254,0.020612972730
FULL,SUIUSDT,1763449260000,2025,SHORT,stop_loss,-92.86592979,-0.018479605194
FULL,SUIUSDT,1766736060000,2025,SHORT,take_profit,85.21587891,0.018310810122
FULL,SUIUSDT,1766761380000,2025,SHORT,stop_loss,-89.21105181,-0.017861072340
FULL,SUIUSDT,1769738460000,2026,SHORT,take_profit,90.77764640,0.019573109374
FULL,SUIUSDT,1769739720000,2026,SHORT,stop_loss,-86.72779837,-0.017342139157
FULL,SUIUSDT,1769806860000,2026,SHORT,take_profit,88.70965675,0.019060641887
FULL,SUIUSDT,1769850060000,2026,SHORT,take_profit,95.12795087,0.018991733155
FULL,SUIUSDT,1769882520000,2026,SHORT,take_profit,108.17191888,0.020071141242
FULL,SUIUSDT,1769885280000,2026,SHORT,stop_loss,-110.46014107,-0.018972517228
FULL,SUIUSDT,1769943660000,2026,SHORT,take_profit,102.53824670,0.019058188231
FULL,SUIUSDT,1769961660000,2026,SHORT,stop_loss,-120.28710773,-0.020773448735
FULL,SUIUSDT,1769990460000,2026,SHORT,stop_loss,-107.58172785,-0.020262971026
FULL,SUIUSDT,1769991840000,2026,SHORT,take_profit,105.83961748,0.021693112984
FULL,SUIUSDT,1770246060000,2026,SHORT,stop_loss,-88.67302720,-0.016723475201
FULL,SUIUSDT,1770249000000,2026,SHORT,take_profit,90.94561902,0.018381703246
FULL,SUIUSDT,1770326220000,2026,SHORT,stop_loss,-103.04619238,-0.019400951060
FULL,SUIUSDT,1770327900000,2026,SHORT,stop_loss,-89.56715641,-0.018281943165
FULL,SUIUSDT,1770339660000,2026,SHORT,stop_loss,-84.48380806,-0.018604893145
FULL,SUIUSDT,1770778860000,2026,SHORT,take_profit,81.73769736,0.019447417397
FULL,SUIUSDT,1770822060000,2026,SHORT,stop_loss,-79.51672045,-0.017553510355
FULL,SUIUSDT,1778410860000,2026,LONG,stop_loss,-75.63205518,-0.017956779031
FULL,SUIUSDT,1780351260000,2026,SHORT,stop_loss,-66.99380853,-0.017136744739
FULL,SUIUSDT,1780354560000,2026,SHORT,take_profit,68.37117973,0.018776116793
FULL,SUIUSDT,1780365660000,2026,SHORT,stop_loss,-65.61891542,-0.016761430704
FULL,SUIUSDT,1780376460000,2026,SHORT,take_profit,66.69494213,0.018260580435
FULL,SUIUSDT,1780441260000,2026,SHORT,stop_loss,-66.62176682,-0.016998906015
FULL,SUIUSDT,1780516860000,2026,SHORT,stop_loss,-63.70666080,-0.017441013458
FULL,SUIUSDT,1782061260000,2026,SHORT,take_profit,66.65654315,0.019617178546
FULL,SUIUSDT,1782076260000,2026,SHORT,stop_loss,-62.17022661,-0.016965577879
FULL,SUIUSDT,1782439260000,2026,SHORT,take_profit,70.72921147,0.020706416968
FULL,SUIUSDT,1782440100000,2026,SHORT,stop_loss,-65.12291553,-0.017606840599
FULL,SUIUSDT,1786107660000,2026,SHORT,stop_loss,-58.58268318,-0.017038584975
BASE,SUIUSDT,1750536180000,2025,SHORT,take_profit,86.85498799,0.021713746998
BASE,SUIUSDT,1750543260000,2025,SHORT,stop_loss,-77.11115678,-0.017737222912
BASE,SUIUSDT,1750600860000,2025,SHORT,take_profit,78.98474855,0.019555640280
BASE,SUIUSDT,1750603740000,2025,SHORT,take_profit,82.25352270,0.018887518026
BASE,SUIUSDT,1750622460000,2025,SHORT,take_profit,88.56770709,0.018908851575
BASE,SUIUSDT,1750624620000,2025,SHORT,stop_loss,-86.66311342,-0.017201208075
BASE,SUIUSDT,1760230860000,2025,SHORT,stop_loss,-78.91091326,-0.016819807386
BASE,SUIUSDT,1762236060000,2025,SHORT,stop_loss,-75.79882197,-0.017321869268
BASE,SUIUSDT,1762279260000,2025,SHORT,take_profit,76.05735079,0.018674885043
BASE,SUIUSDT,1762281840000,2025,SHORT,take_profit,92.54506213,0.021143794602
BASE,SUIUSDT,1763096460000,2025,SHORT,stop_loss,-108.25415541,-0.022804187070
BASE,SUIUSDT,1763164860000,2025,SHORT,stop_loss,-76.74134540,-0.017788491193
BASE,SUIUSDT,1769850060000,2026,SHORT,take_profit,76.10244798,0.018991733155
BASE,SUIUSDT,1769882520000,2026,SHORT,take_profit,86.53763437,0.020071141242
BASE,SUIUSDT,1769885280000,2026,SHORT,stop_loss,-88.36821422,-0.018972517228
BASE,SUIUSDT,1769950860000,2026,SHORT,take_profit,81.49414613,0.018933532673
BASE,SUIUSDT,1769961660000,2026,SHORT,stop_loss,-96.18521297,-0.020773448735
BASE,SUIUSDT,1770326220000,2026,SHORT,stop_loss,-82.36593641,-0.019400951060
BASE,SUIUSDT,1770327900000,2026,SHORT,stop_loss,-71.59199714,-0.018281943165
BASE,SUIUSDT,1770339660000,2026,SHORT,stop_loss,-67.52882180,-0.018604893145
BASE,SUIUSDT,1778410860000,2026,LONG,stop_loss,-60.32600881,-0.017956779031
BASE,SUIUSDT,1780441260000,2026,SHORT,stop_loss,-53.00611862,-0.016998906015
FULL,ONDOUSDT,1768892460000,2026,SHORT,take_profit,72.37227411,0.018093068528
FULL,ONDOUSDT,1768928460000,2026,SHORT,take_profit,77.69304000,0.018112422775
FULL,ONDOUSDT,1768950060000,2026,SHORT,stop_loss,-83.30568230,-0.018108902441
FULL,ONDOUSDT,1768982460000,2026,SHORT,take_profit,78.35069206,0.018361843128
FULL,ONDOUSDT,1769421660000,2026,SHORT,stop_loss,-87.56896972,-0.019118020312
FULL,ONDOUSDT,1769882640000,2026,SHORT,take_profit,99.80708449,0.023594132773
FULL,ONDOUSDT,1769885400000,2026,SHORT,stop_loss,-84.31826432,-0.018213673062
FULL,ONDOUSDT,1769943660000,2026,SHORT,take_profit,77.44028229,0.018042428849
FULL,ONDOUSDT,1769958060000,2026,SHORT,take_profit,85.71697900,0.018626505902
FULL,ONDOUSDT,1770307260000,2026,SHORT,stop_loss,-81.51676634,-0.016485519103
FULL,ONDOUSDT,1770309660000,2026,SHORT,take_profit,87.87879646,0.019026809720
FULL,ONDOUSDT,1770321660000,2026,SHORT,take_profit,96.73397433,0.019462801482
FULL,ONDOUSDT,1778230860000,2026,LONG,take_profit,102.15945492,0.019069797300
FULL,ONDOUSDT,1778252460000,2026,LONG,stop_loss,-96.27115909,-0.016697012317
FULL,ONDOUSDT,1778254500000,2026,LONG,take_profit,112.43952008,0.020896870838
FULL,ONDOUSDT,1779328860000,2026,LONG,stop_loss,-100.46073481,-0.017230371679
FULL,ONDOUSDT,1784170860000,2026,LONG,stop_loss,-89.79058324,-0.016540277192
FULL,ONDOUSDT,1784628060000,2026,LONG,stop_loss,-85.06439760,-0.016779841909
BASE,ONDOUSDT,1768928460000,2026,SHORT,take_profit,72.44969110,0.018112422775
BASE,ONDOUSDT,1768950060000,2026,SHORT,stop_loss,-77.68354732,-0.018108902441
BASE,ONDOUSDT,1769882640000,2026,SHORT,take_profit,93.88257790,0.023594132773
BASE,ONDOUSDT,1769885400000,2026,SHORT,stop_loss,-79.31316758,-0.018213673062
BASE,ONDOUSDT,1769958060000,2026,SHORT,take_profit,75.20157862,0.018626505902
BASE,ONDOUSDT,1770307260000,2026,SHORT,stop_loss,-71.51663048,-0.016485519103
BASE,ONDOUSDT,1770309660000,2026,SHORT,take_profit,77.09819336,0.019026809720
BASE,ONDOUSDT,1770321660000,2026,SHORT,take_profit,84.86705506,0.019462801482
BASE,ONDOUSDT,1778230860000,2026,LONG,take_profit,89.62696038,0.019069797300
BASE,ONDOUSDT,1778252460000,2026,LONG,stop_loss,-84.46101605,-0.016697012317
BASE,ONDOUSDT,1778254500000,2026,LONG,take_profit,98.64591016,0.020896870838
BASE,ONDOUSDT,1779328860000,2026,LONG,stop_loss,-88.13663215,-0.017230371679
BASE,ONDOUSDT,1784170860000,2026,LONG,stop_loss,-78.77545014,-0.016540277192
BASE,ONDOUSDT,1784628060000,2026,LONG,stop_loss,-74.62905318,-0.016779841909
