symbol,event_time,year,z,direction
BTCUSDT,1631037599999,2021,6.805043198833261,SHORT
BTCUSDT,1631545199999,2021,3.659872240934193,SHORT
BTCUSDT,1636581599999,2021,3.3044127890371806,SHORT
BTCUSDT,1637917199999,2021,4.950236675150399,SHORT
BTCUSDT,1638597599999,2021,4.39037005764323,SHORT
BTCUSDT,1639681199999,2021,3.0681506637177143,LONG
BTCUSDT,1641826799999,2022,5.641683203866466,SHORT
BTCUSDT,1643990399999,2022,3.620784238901028,LONG
BTCUSDT,1648414799999,2022,7.044963201567884,LONG
BTCUSDT,1651741199999,2022,3.3718042931690726,LONG
BTCUSDT,1651928399999,2022,3.07824675059658,LONG
BTCUSDT,1657717199999,2022,7.6632734815504335,SHORT
BTCUSDT,1658001599999,2022,3.0436659179599155,LONG
BTCUSDT,1658948399999,2022,7.041109904372385,LONG
BTCUSDT,1659326399999,2022,3.00260096639571,SHORT
BTCUSDT,1660136399999,2022,4.2824790340833,LONG
BTCUSDT,1661525999999,2022,3.822856437699041,SHORT
BTCUSDT,1663073999999,2022,4.15517748900884,SHORT
BTCUSDT,1663786799999,2022,6.308404477155995,LONG
BTCUSDT,1665147599999,2022,3.5503133374121094,SHORT
BTCUSDT,1665665999999,2022,4.628335383406815,SHORT
BTCUSDT,1666439999999,2022,3.1000397416516874,LONG
BTCUSDT,1666720799999,2022,3.0258776511142256,LONG
BTCUSDT,1667415599999,2022,11.746419761024711,SHORT
BTCUSDT,1669600799999,2022,3.021169413377501,SHORT
BTCUSDT,1670939999999,2022,4.247436163252289,LONG
BTCUSDT,1671047999999,2022,3.5765822514824914,LONG
BTCUSDT,1671865199999,2022,3.0030325590857463,SHORT
BTCUSDT,1675281599999,2023,3.6480248884138637,LONG
BTCUSDT,1677808799999,2023,3.1268490113075944,SHORT
BTCUSDT,1678204799999,2023,7.8714470266293,SHORT
BTCUSDT,1682870399999,2023,8.987246417593033,LONG
BTCUSDT,1683741599999,2023,5.622220656218345,SHORT
BTCUSDT,1684529999999,2023,3.0711450057885066,LONG
BTCUSDT,1686776399999,2023,4.14786639055199,SHORT
BTCUSDT,1687535999999,2023,3.7206310756569057,LONG
BTCUSDT,1688198399999,2023,3.0883815714406713,SHORT
BTCUSDT,1689429599999,2023,3.0393709661447073,SHORT
BTCUSDT,1691848799999,2023,3.0107681512287354,SHORT
BTCUSDT,1692309599999,2023,3.0866809614654986,SHORT
BTCUSDT,1693007999999,2023,3.096868158823095,SHORT
BTCUSDT,1693321199999,2023,21.49423253436001,LONG
BTCUSDT,1696067999999,2023,3.026270836796996,SHORT
BTCUSDT,1696201199999,2023,5.076568032306112,LONG
BTCUSDT,1697435999999,2023,4.063679035860571,LONG
BTCUSDT,1700920799999,2023,3.5464307638170793,SHORT
BTCUSDT,1701547199999,2023,8.21792115696739,LONG
BTCUSDT,1702263599999,2023,6.20666796914791,SHORT
BTCUSDT,1704286799999,2024,4.255760133375294,SHORT
BTCUSDT,1704837599999,2024,3.8709657474327477,SHORT
BTCUSDT,1707753599999,2024,6.1473017475376786,LONG
BTCUSDT,1708963199999,2024,4.736955820628866,LONG
BTCUSDT,1709143199999,2024,4.2628947313047325,LONG
BTCUSDT,1709913599999,2024,4.786088628826762,LONG
BTCUSDT,1712948399999,2024,4.084270467244029,SHORT
BTCUSDT,1713041999999,2024,5.433623992682122,SHORT
BTCUSDT,1715414399999,2024,3.315461519836946,SHORT
BTCUSDT,1715777999999,2024,3.2320906540637315,LONG
BTCUSDT,1717250399999,2024,3.093954482419641,SHORT
BTCUSDT,1717765199999,2024,3.581497378586061,LONG
BTCUSDT,1718463599999,2024,3.3224748280286205,SHORT
BTCUSDT,1721491199999,2024,3.3263431806797006,LONG
BTCUSDT,1721588399999,2024,4.065919730848325,SHORT
BTCUSDT,1722113999999,2024,9.367665783285599,LONG
BTCUSDT,1722823199999,2024,3.159728441778991,SHORT
BTCUSDT,1724425199999,2024,5.460241804215245,LONG
BTCUSDT,1725112799999,2024,3.1275966896409275,SHORT
BTCUSDT,1726685999999,2024,3.3358133881410024,LONG
BTCUSDT,1729004399999,2024,5.239677138855409,SHORT
BTCUSDT,1729954799999,2024,3.0377355754239095,SHORT
BTCUSDT,1730555999999,2024,3.316991497662693,SHORT
BTCUSDT,1730602799999,2024,4.297264550877555,SHORT
BTCUSDT,1733367599999,2024,3.4879444947327336,LONG
BTCUSDT,1734307199999,2024,3.4111452128090995,LONG
BTCUSDT,1734555599999,2024,3.5456181697002536,SHORT
BTCUSDT,1735495199999,2024,3.012066692919627,SHORT
BTCUSDT,1736240399999,2025,3.2738321887030506,LONG
BTCUSDT,1736603999999,2025,3.0257441658704494,LONG
BTCUSDT,1737449999999,2025,3.1037387943456105,SHORT
BTCUSDT,1737647999999,2025,3.669411176633201,LONG
BTCUSDT,1737935999999,2025,3.384634261765918,SHORT
BTCUSDT,1740931199999,2025,6.962886775654099,LONG
BTCUSDT,1743627599999,2025,4.466609308716653,LONG
BTCUSDT,1743965999999,2025,4.732517962779894,SHORT
BTCUSDT,1744095599999,2025,3.1619809901673817,LONG
BTCUSDT,1745197199999,2025,3.860398523213429,LONG
BTCUSDT,1747850399999,2025,3.0514830250460836,LONG
BTCUSDT,1750431599999,2025,3.22186569763399,SHORT
BTCUSDT,1750604399999,2025,3.6178909484672404,SHORT
BTCUSDT,1751810399999,2025,4.7082905884693504,LONG
BTCUSDT,1752091199999,2025,5.778811357469989,LONG
BTCUSDT,1753635599999,2025,3.108891321269833,LONG
BTCUSDT,1755237599999,2025,3.1166601413274937,SHORT
BTCUSDT,1755874799999,2025,8.794880551510081,LONG
BTCUSDT,1756065599999,2025,7.6727753589119185,SHORT
BTCUSDT,1757159999999,2025,3.0152159740704905,SHORT
BTCUSDT,1758502799999,2025,3.6200774876128516,SHORT
BTCUSDT,1759593599999,2025,3.2301588344204064,SHORT
BTCUSDT,1760133599999,2025,6.397370071838166,SHORT
BTCUSDT,1764406799999,2025,3.43341935434371,SHORT
BTCUSDT,1764550799999,2025,14.61073622685713,SHORT
BTCUSDT,1765007999999,2025,3.1079003222852117,SHORT
BTCUSDT,1765123199999,2025,3.1930016378053514,SHORT
BTCUSDT,1765594799999,2025,3.3095203278160783,SHORT
BTCUSDT,1765713599999,2025,3.9655017653229416,SHORT
BTCUSDT,1766825999999,2025,3.36311190507474,SHORT
BTCUSDT,1768053599999,2026,3.626430711378705,LONG
BTCUSDT,1768640399999,2026,3.0624764570655487,SHORT
BTCUSDT,1768780799999,2026,5.131548160718807,SHORT
BTCUSDT,1771811999999,2026,8.602429731636802,SHORT
BTCUSDT,1774141199999,2026,3.1635667325795844,SHORT
BTCUSDT,1774267199999,2026,6.237481698049198,LONG
BTCUSDT,1777863599999,2026,3.7736660133792195,LONG
BTCUSDT,1778896799999,2026,3.1271967169046366,SHORT
BTCUSDT,1779062399999,2026,3.4632551723544314,SHORT
BTCUSDT,1781474399999,2026,3.2437128172614234,LONG
BTCUSDT,1782313199999,2026,3.3031102938440076,SHORT
BTCUSDT,1782410399999,2026,3.219602469225724,LONG
BTCUSDT,1784966399999,2026,3.1308004234866504,SHORT
BTCUSDT,1785563999999,2026,3.037691477402174,SHORT
BTCUSDT,1787151599999,2026,3.328577726368163,LONG
BTCUSDT,1788011999999,2026,3.3625296500693604,SHORT
BTCUSDT,1788598799999,2026,3.4970451943897167,SHORT
ETHUSDT,1637917199999,2021,7.680485445190936,SHORT
ETHUSDT,1638597599999,2021,3.2315429431274496,SHORT
ETHUSDT,1641416399999,2022,3.3683882671643133,SHORT
ETHUSDT,1641826799999,2022,5.768517482743667,SHORT
ETHUSDT,1644508799999,2022,3.3813987057440933,LONG
ETHUSDT,1648295999999,2022,3.182659279395599,SHORT
ETHUSDT,1648418399999,2022,3.338640104680757,LONG
ETHUSDT,1648745999999,2022,3.8072011875386704,SHORT
ETHUSDT,1649206799999,2022,3.707321577765571,SHORT
ETHUSDT,1650131999999,2022,3.407430951344596,SHORT
ETHUSDT,1651748399999,2022,3.1471120595260924,LONG
ETHUSDT,1654869599999,2022,3.58836436930621,SHORT
ETHUSDT,1657717199999,2022,7.566237822759858,SHORT
ETHUSDT,1657990799999,2022,6.7121114610811885,LONG
ETHUSDT,1660136399999,2022,3.772923669788826,LONG
ETHUSDT,1661525999999,2022,3.69206759336576,SHORT
ETHUSDT,1663073999999,2022,4.159605106615103,SHORT
ETHUSDT,1663786799999,2022,6.546746357147258,LONG
ETHUSDT,1665194399999,2022,3.075705224063536,SHORT
ETHUSDT,1665658799999,2022,3.2022948811931853,SHORT
ETHUSDT,1666429199999,2022,3.1198521022343555,LONG
ETHUSDT,1666565999999,2022,3.5339128218110614,LONG
ETHUSDT,1666706399999,2022,4.017453146659634,LONG
ETHUSDT,1667415599999,2022,8.21934495729783,SHORT
ETHUSDT,1670939999999,2022,5.8482155861113805,LONG
ETHUSDT,1671047999999,2022,3.087513273310273,SHORT
ETHUSDT,1671872399999,2022,3.1135711350264756,SHORT
ETHUSDT,1671980399999,2022,4.430371183049724,SHORT
ETHUSDT,1675281599999,2023,3.9982180395932887,LONG
ETHUSDT,1676386799999,2023,3.366278507265512,LONG
ETHUSDT,1678204799999,2023,5.1255320724659486,SHORT
ETHUSDT,1681894799999,2023,4.011619853470333,SHORT
ETHUSDT,1682870399999,2023,4.588553979479051,LONG
ETHUSDT,1683741599999,2023,4.501414944493275,SHORT
ETHUSDT,1684547999999,2023,3.127389310926294,LONG
ETHUSDT,1685984399999,2023,3.0529187111758396,SHORT
ETHUSDT,1686376799999,2023,3.230583917212081,SHORT
ETHUSDT,1686776399999,2023,7.355384038836193,SHORT
ETHUSDT,1689263999999,2023,3.965713712631375,LONG
ETHUSDT,1689440399999,2023,3.2479574358608825,SHORT
ETHUSDT,1690070399999,2023,3.4761538426685203,SHORT
ETHUSDT,1692129599999,2023,5.835935946330244,SHORT
ETHUSDT,1692309599999,2023,3.513684354608363,SHORT
ETHUSDT,1693033199999,2023,3.1316051684389428,LONG
ETHUSDT,1693321199999,2023,13.318083776984828,LONG
ETHUSDT,1696201199999,2023,4.632012406177719,LONG
ETHUSDT,1696870799999,2023,3.9809915621649044,SHORT
ETHUSDT,1697435999999,2023,3.2858485020329624,LONG
ETHUSDT,1699545599999,2023,3.4466730715213414,LONG
ETHUSDT,1701543599999,2023,5.388937527028381,LONG
ETHUSDT,1702263599999,2023,6.591506388628378,SHORT
ETHUSDT,1704286799999,2024,5.4164081065675616,SHORT
ETHUSDT,1704837599999,2024,4.673777903822477,SHORT
ETHUSDT,1707753599999,2024,3.483903312971784,LONG
ETHUSDT,1709143199999,2024,6.674073014267979,LONG
ETHUSDT,1709974799999,2024,3.2643634789198135,SHORT
ETHUSDT,1710143999999,2024,3.3858075639571266,LONG
ETHUSDT,1711551599999,2024,3.6833570252905727,SHORT
ETHUSDT,1712566799999,2024,3.938430420251625,LONG
ETHUSDT,1712944799999,2024,3.955403685210594,SHORT
ETHUSDT,1713041999999,2024,4.504585120486012,SHORT
ETHUSDT,1715353199999,2024,4.638487419433548,SHORT
ETHUSDT,1716235199999,2024,11.764310984173315,LONG
ETHUSDT,1717786799999,2024,4.102052759698925,SHORT
ETHUSDT,1721588399999,2024,4.393817832966252,SHORT
ETHUSDT,1721872799999,2024,5.055133361812522,SHORT
ETHUSDT,1722196799999,2024,3.272092668813084,LONG
ETHUSDT,1722794399999,2024,6.027140259003848,SHORT
ETHUSDT,1724425199999,2024,3.5129655452719564,LONG
ETHUSDT,1725109199999,2024,3.4142061833417707,SHORT
ETHUSDT,1725415199999,2024,3.030763171608063,SHORT
ETHUSDT,1728878399999,2024,3.6593221832142437,LONG
ETHUSDT,1729004399999,2024,6.231510823996958,SHORT
ETHUSDT,1729436399999,2024,10.54958446460071,LONG
ETHUSDT,1729969199999,2024,3.006756377709415,SHORT
ETHUSDT,1733565599999,2024,3.115647662084916,LONG
ETHUSDT,1733781599999,2024,3.203546866670594,SHORT
ETHUSDT,1734555599999,2024,3.757101445540096,SHORT
ETHUSDT,1736265599999,2025,12.533178297519736,SHORT
ETHUSDT,1740131999999,2025,3.080117670249481,LONG
ETHUSDT,1740931199999,2025,4.036961066382396,LONG
ETHUSDT,1743627599999,2025,3.651700043154265,SHORT
ETHUSDT,1743947999999,2025,3.336326069710017,SHORT
ETHUSDT,1744109999999,2025,3.5758558291427653,LONG
ETHUSDT,1746845999999,2025,3.1746985137738677,LONG
ETHUSDT,1747036799999,2025,3.595836452355862,LONG
ETHUSDT,1747850399999,2025,3.8087827778156846,SHORT
ETHUSDT,1749157199999,2025,3.3427784268333447,SHORT
ETHUSDT,1750442399999,2025,5.140805942059623,SHORT
ETHUSDT,1750550399999,2025,4.101899368170372,SHORT
ETHUSDT,1754719199999,2025,3.0601465074215723,LONG
ETHUSDT,1755237599999,2025,3.058055521142265,SHORT
ETHUSDT,1755874799999,2025,16.22582883868408,LONG
ETHUSDT,1756065599999,2025,3.1921619736447835,LONG
ETHUSDT,1757127599999,2025,3.0951737046996777,SHORT
ETHUSDT,1758502799999,2025,4.523825269693538,SHORT
ETHUSDT,1760111999999,2025,5.424217102062837,SHORT
ETHUSDT,1764550799999,2025,12.79595610647872,SHORT
ETHUSDT,1764727199999,2025,3.0042169679343824,LONG
ETHUSDT,1765018799999,2025,3.058706905350868,SHORT
ETHUSDT,1765119599999,2025,7.689119781996455,SHORT
ETHUSDT,1765299599999,2025,3.924995225418763,LONG
ETHUSDT,1765580399999,2025,3.1717475049110737,SHORT
ETHUSDT,1766825999999,2025,3.365445208793739,SHORT
ETHUSDT,1768057199999,2026,3.1009508899929976,LONG
ETHUSDT,1768661999999,2026,3.366774040854252,LONG
ETHUSDT,1768784399999,2026,8.230952766484041,SHORT
ETHUSDT,1769360399999,2026,3.3050942332881346,SHORT
ETHUSDT,1770487199999,2026,3.1317154032820316,SHORT
ETHUSDT,1771811999999,2026,3.256467610323876,SHORT
ETHUSDT,1774137599999,2026,4.668843097643586,SHORT
ETHUSDT,1774267199999,2026,7.802702889434273,LONG
ETHUSDT,1777341599999,2026,3.025793858739543,SHORT
ETHUSDT,1778446799999,2026,3.0606058295114758,SHORT
ETHUSDT,1778911199999,2026,3.321748856453522,SHORT
ETHUSDT,1779062399999,2026,6.665107677174963,SHORT
ETHUSDT,1780153199999,2026,3.3117949996097495,LONG
ETHUSDT,1781474399999,2026,3.4457818238501514,LONG
ETHUSDT,1784977199999,2026,3.0395769363160525,SHORT
ETHUSDT,1785567599999,2026,3.1210412476634795,SHORT
ETHUSDT,1785610799999,2026,8.025404585731222,SHORT
ETHUSDT,1786190399999,2026,3.007491029543534,LONG
ETHUSDT,1787155199999,2026,8.34762485893611,LONG
ETHUSDT,1788001199999,2026,3.0829902200956094,SHORT
ETHUSDT,1788591599999,2026,3.1232186617648052,SHORT
BNBUSDT,1735397999999,2024,4.408759772330177,LONG
BNBUSDT,1736265599999,2025,4.344974880165297,SHORT
BNBUSDT,1737935999999,2025,5.023997280725757,SHORT
BNBUSDT,1738551599999,2025,3.459315695179489,SHORT
BNBUSDT,1739026799999,2025,3.4168651662688627,LONG
BNBUSDT,1739487599999,2025,3.043713924214042,SHORT
BNBUSDT,1740247199999,2025,4.641262881334469,LONG
BNBUSDT,1740934799999,2025,4.347466836850464,LONG
BNBUSDT,1741791599999,2025,4.112067658503826,LONG
BNBUSDT,1746838799999,2025,3.2385299382904162,LONG
BNBUSDT,1747036799999,2025,3.296107247892142,LONG
BNBUSDT,1748357999999,2025,4.189832735927857,LONG
BNBUSDT,1749157199999,2025,3.1281871905466105,SHORT
BNBUSDT,1750823999999,2025,6.061595374063954,LONG
BNBUSDT,1753570799999,2025,3.701814666924389,LONG
BNBUSDT,1755874799999,2025,3.759213609102604,LONG
BNBUSDT,1756403999999,2025,4.50752860765549,LONG
BNBUSDT,1757512799999,2025,10.668985442103772,LONG
BNBUSDT,1758045599999,2025,5.365035870661357,LONG
BNBUSDT,1760133599999,2025,4.414998567564301,SHORT
BNBUSDT,1761235199999,2025,8.67370844258425,LONG
BNBUSDT,1764550799999,2025,7.779309542233731,SHORT
BNBUSDT,1765123199999,2025,3.078865172334608,LONG
BNBUSDT,1765299599999,2025,4.288479357651623,LONG
BNBUSDT,1765814399999,2025,3.840043135941364,SHORT
BNBUSDT,1766804399999,2025,3.3274595405679293,SHORT
BNBUSDT,1768784399999,2026,14.288463928501587,SHORT
BNBUSDT,1771811999999,2026,7.604297126802451,SHORT
BNBUSDT,1774137599999,2026,4.9783266866342935,SHORT
BNBUSDT,1774267199999,2026,9.683973478683148,LONG
BNBUSDT,1777870799999,2026,10.552274519811354,LONG
BNBUSDT,1781618399999,2026,4.41848051632542,SHORT
BNBUSDT,1784901599999,2026,3.5055416639271417,SHORT
BNBUSDT,1785891599999,2026,5.4130911514562845,LONG
BNBUSDT,1786201199999,2026,19.740636350353267,LONG
BNBUSDT,1787155199999,2026,5.600929587437722,LONG
XRPUSDT,1736265599999,2025,6.2513037554858,SHORT
XRPUSDT,1737964799999,2025,6.849294722938848,SHORT
XRPUSDT,1740931199999,2025,27.562058177094055,LONG
XRPUSDT,1742392799999,2025,11.414600280740247,LONG
XRPUSDT,1745758799999,2025,8.044456243097043,LONG
XRPUSDT,1747054799999,2025,3.2759478921499356,LONG
XRPUSDT,1749157199999,2025,3.2438456865825147,SHORT
XRPUSDT,1749776399999,2025,3.134757347551896,SHORT
XRPUSDT,1750543199999,2025,4.362184529902543,SHORT
XRPUSDT,1751313599999,2025,4.146645133170233,LONG
XRPUSDT,1751475599999,2025,6.857354898634516,LONG
XRPUSDT,1752249599999,2025,3.195579421630882,LONG
XRPUSDT,1754603999999,2025,4.490858558978895,LONG
XRPUSDT,1755176399999,2025,3.400951179711819,SHORT
XRPUSDT,1755874799999,2025,11.213071339363841,LONG
XRPUSDT,1756065599999,2025,5.117303014328145,LONG
XRPUSDT,1757167199999,2025,3.3561178983501585,SHORT
XRPUSDT,1757257199999,2025,8.067948037088106,LONG
XRPUSDT,1758502799999,2025,3.96374077784673,SHORT
XRPUSDT,1760111999999,2025,4.367694052809283,SHORT
XRPUSDT,1764403199999,2025,3.035179553847538,SHORT
XRPUSDT,1764550799999,2025,13.233413485989532,SHORT
XRPUSDT,1765576799999,2025,3.0547173947773567,SHORT
XRPUSDT,1766822399999,2025,3.1217156888751294,SHORT
XRPUSDT,1768165199999,2026,3.039139229226267,SHORT
XRPUSDT,1768780799999,2026,7.767988284702454,SHORT
XRPUSDT,1771811999999,2026,3.846888343137602,SHORT
XRPUSDT,1773615599999,2026,3.0500579792758558,LONG
XRPUSDT,1773820799999,2026,3.179389369381431,SHORT
XRPUSDT,1774137599999,2026,4.973529005288644,SHORT
XRPUSDT,1774267199999,2026,9.765251004540549,LONG
XRPUSDT,1777125599999,2026,3.1455609267840496,SHORT
XRPUSDT,1777863599999,2026,3.823973990970012,LONG
XRPUSDT,1778432399999,2026,7.397850795021593,LONG
XRPUSDT,1778785199999,2026,3.3786557864434767,LONG
XRPUSDT,1779062399999,2026,5.462700040640456,SHORT
XRPUSDT,1781477999999,2026,3.3730149926804955,LONG
XRPUSDT,1782395999999,2026,3.3409737295374677,SHORT
XRPUSDT,1785164399999,2026,3.112678477874705,SHORT
XRPUSDT,1785549599999,2026,3.0300718263401043,SHORT
XRPUSDT,1785610799999,2026,3.55387004493994,SHORT
XRPUSDT,1787155199999,2026,12.18395554027202,LONG
XRPUSDT,1788001199999,2026,3.0319993675461046,SHORT
XRPUSDT,1788595199999,2026,3.159538579132606,SHORT
SOLUSDT,1736265599999,2025,10.51525573812636,SHORT
SOLUSDT,1740931199999,2025,26.239072287476805,LONG
SOLUSDT,1743627599999,2025,6.445314843562425,LONG
SOLUSDT,1743965999999,2025,4.7610597836617075,SHORT
SOLUSDT,1744102799999,2025,3.281262821000361,LONG
SOLUSDT,1744253999999,2025,3.0276166199149923,LONG
SOLUSDT,1747036799999,2025,3.0737910693420245,LONG
SOLUSDT,1747850399999,2025,5.63746739403309,SHORT
SOLUSDT,1749776399999,2025,3.489736251923252,SHORT
SOLUSDT,1750442399999,2025,4.404222002466187,SHORT
SOLUSDT,1751299199999,2025,8.816233552346533,LONG
SOLUSDT,1752976799999,2025,6.682545950243376,LONG
SOLUSDT,1755874799999,2025,10.377992136198884,LONG
SOLUSDT,1757145599999,2025,3.2083664634653286,SHORT
SOLUSDT,1758135599999,2025,3.1620323575307028,SHORT
SOLUSDT,1758502799999,2025,3.303540019051725,SHORT
SOLUSDT,1760111999999,2025,6.277441018790066,SHORT
SOLUSDT,1762185599999,2025,3.6053794469663853,SHORT
SOLUSDT,1764428399999,2025,3.337571718176157,SHORT
SOLUSDT,1764550799999,2025,5.610730321557854,SHORT
SOLUSDT,1764691199999,2025,3.1112268262760985,LONG
SOLUSDT,1765029599999,2025,3.1631763921289564,SHORT
SOLUSDT,1765119599999,2025,5.837365574633046,SHORT
SOLUSDT,1765299599999,2025,3.783757143491939,LONG
SOLUSDT,1765619999999,2025,3.0350247000716615,SHORT
SOLUSDT,1765814399999,2025,3.047526187534694,SHORT
SOLUSDT,1765987199999,2025,3.6703853373328426,SHORT
SOLUSDT,1768150799999,2026,4.4465304811154045,LONG
SOLUSDT,1768780799999,2026,5.471751509497478,SHORT
SOLUSDT,1769360399999,2026,5.078035856869058,SHORT
SOLUSDT,1771811999999,2026,4.134942889380802,SHORT
SOLUSDT,1774141199999,2026,3.995782310480979,SHORT
SOLUSDT,1774267199999,2026,10.101569043798516,LONG
SOLUSDT,1775318399999,2026,3.279245225267364,LONG
SOLUSDT,1777863599999,2026,4.0634889614426335,LONG
SOLUSDT,1778687999999,2026,3.1556146681312134,SHORT
SOLUSDT,1778925599999,2026,3.365058013635642,SHORT
SOLUSDT,1779062399999,2026,3.675644670832957,SHORT
SOLUSDT,1779296399999,2026,3.010400117830807,LONG
SOLUSDT,1779523199999,2026,3.1131066660221474,SHORT
SOLUSDT,1782320399999,2026,3.581347880298415,SHORT
SOLUSDT,1783072799999,2026,3.2382107443968824,LONG
SOLUSDT,1783695599999,2026,4.592827779676803,LONG
SOLUSDT,1785589199999,2026,3.1422662020613688,SHORT
SOLUSDT,1785610799999,2026,4.877106380227722,SHORT
SOLUSDT,1787155199999,2026,6.730021472521147,LONG
SOLUSDT,1787443199999,2026,3.106937680528169,LONG
SOLUSDT,1788004799999,2026,3.2418864554678724,SHORT
SOLUSDT,1788584399999,2026,3.0893386848658984,SHORT
DOGEUSDT,1735912799999,2025,4.047428445073478,LONG
DOGEUSDT,1736265599999,2025,6.989336815171706,SHORT
DOGEUSDT,1737460799999,2025,7.506599513231826,LONG
DOGEUSDT,1740931199999,2025,9.656187199663878,LONG
DOGEUSDT,1743609599999,2025,6.091148859477768,LONG
DOGEUSDT,1743965999999,2025,3.508828972684732,SHORT
DOGEUSDT,1744106399999,2025,3.1967788632631837,LONG
DOGEUSDT,1744286399999,2025,3.1047652810621584,LONG
DOGEUSDT,1748080799999,2025,3.0646783098610912,SHORT
DOGEUSDT,1749142799999,2025,7.848863220495502,SHORT
DOGEUSDT,1750442399999,2025,3.2198238595379105,SHORT
DOGEUSDT,1751237999999,2025,3.801826500098718,LONG
DOGEUSDT,1751475599999,2025,4.865343566454307,LONG
DOGEUSDT,1751810399999,2025,6.8777585450653485,LONG
DOGEUSDT,1752094799999,2025,3.5278954683529125,LONG
DOGEUSDT,1755176399999,2025,3.3497575632459684,SHORT
DOGEUSDT,1755874799999,2025,17.936283440219814,LONG
DOGEUSDT,1756065599999,2025,3.9875921760315944,SHORT
DOGEUSDT,1757163599999,2025,3.0281924486734284,SHORT
DOGEUSDT,1757257199999,2025,3.1809416412103353,LONG
DOGEUSDT,1758502799999,2025,5.648041208198289,SHORT
DOGEUSDT,1760111999999,2025,3.8512730792712073,SHORT
DOGEUSDT,1761764399999,2025,3.950779453933639,SHORT
DOGEUSDT,1762185599999,2025,4.743553018145716,SHORT
DOGEUSDT,1764550799999,2025,7.159412491792748,SHORT
DOGEUSDT,1765119599999,2025,3.4145435903797257,SHORT
DOGEUSDT,1765591199999,2025,3.068525914754753,SHORT
DOGEUSDT,1765987199999,2025,3.930526834603609,SHORT
DOGEUSDT,1767200399999,2025,3.854909287753266,SHORT
DOGEUSDT,1768053599999,2026,3.0948696572069054,SHORT
DOGEUSDT,1768780799999,2026,7.442116661733475,SHORT
DOGEUSDT,1771811999999,2026,3.5017997385935207,SHORT
DOGEUSDT,1774137599999,2026,5.429884840399665,SHORT
DOGEUSDT,1774267199999,2026,9.994639893065168,LONG
DOGEUSDT,1777456799999,2026,7.596028570593556,LONG
DOGEUSDT,1777859999999,2026,6.031624231084355,LONG
DOGEUSDT,1778126399999,2026,3.0443352246022912,SHORT
DOGEUSDT,1781276399999,2026,10.627909579892957,LONG
DOGEUSDT,1784815199999,2026,3.659184133110418,SHORT
DOGEUSDT,1785610799999,2026,5.154409480133136,SHORT
DOGEUSDT,1787155199999,2026,8.365181316057436,LONG
LTCUSDT,1736265599999,2025,4.979548182984853,SHORT
LTCUSDT,1736981999999,2025,4.0310986135870905,LONG
LTCUSDT,1737755999999,2025,6.069020683838113,LONG
LTCUSDT,1738187999999,2025,4.3784493529195725,LONG
LTCUSDT,1740931199999,2025,7.297832105819617,SHORT
LTCUSDT,1743609599999,2025,9.946845190074352,LONG
LTCUSDT,1743947999999,2025,6.158040734640019,SHORT
LTCUSDT,1744106399999,2025,3.187519591100394,LONG
LTCUSDT,1746575999999,2025,7.566321293597019,LONG
LTCUSDT,1746874799999,2025,3.010172237555753,LONG
LTCUSDT,1747727999999,2025,4.184698418961067,SHORT
LTCUSDT,1750485599999,2025,3.0288001478377957,SHORT
LTCUSDT,1750661999999,2025,3.0170147632213764,SHORT
LTCUSDT,1752955199999,2025,11.589671241919461,LONG
LTCUSDT,1755255599999,2025,3.0003974789453705,SHORT
LTCUSDT,1755874799999,2025,12.208148720459473,LONG
LTCUSDT,1756065599999,2025,6.404963413137014,SHORT
LTCUSDT,1757084399999,2025,3.3576321187517406,LONG
LTCUSDT,1757523599999,2025,6.421780066685118,LONG
LTCUSDT,1758524399999,2025,3.6122310600471423,SHORT
LTCUSDT,1760205599999,2025,3.0247154844741657,SHORT
LTCUSDT,1762185599999,2025,3.5138249812566276,SHORT
LTCUSDT,1762534799999,2025,7.893693342731427,LONG
LTCUSDT,1764550799999,2025,13.787407619216355,SHORT
LTCUSDT,1768528799999,2026,3.152920867157254,SHORT
LTCUSDT,1768780799999,2026,3.085742498589503,SHORT
LTCUSDT,1769871599999,2026,3.204449889522678,SHORT
LTCUSDT,1770533999999,2026,3.0838498151492355,LONG
LTCUSDT,1774267199999,2026,17.797028493833285,LONG
LTCUSDT,1777456799999,2026,4.685717347262708,LONG
LTCUSDT,1778446799999,2026,3.236537327421378,LONG
LTCUSDT,1779062399999,2026,33.65745396901335,SHORT
LTCUSDT,1782230399999,2026,3.80004066348539,SHORT
LTCUSDT,1784390399999,2026,3.348689045177008,LONG
LTCUSDT,1787155199999,2026,9.179057660888786,LONG
LTCUSDT,1787461199999,2026,3.1091727635885507,SHORT
LTCUSDT,1787569199999,2026,3.4945259714353916,LONG
AVAXUSDT,1736265599999,2025,7.6482993655114,SHORT
AVAXUSDT,1740931199999,2025,7.323004240585553,LONG
AVAXUSDT,1744250399999,2025,3.1533976689145162,LONG
AVAXUSDT,1744473599999,2025,3.242280334687483,LONG
AVAXUSDT,1747036799999,2025,3.3155592657454656,LONG
AVAXUSDT,1747850399999,2025,3.4761858627061817,LONG
AVAXUSDT,1749776399999,2025,3.164528735730612,SHORT
AVAXUSDT,1750492799999,2025,3.0292510128731194,SHORT
AVAXUSDT,1751237999999,2025,8.824406420712311,LONG
AVAXUSDT,1755179999999,2025,3.175314882750515,SHORT
AVAXUSDT,1755874799999,2025,13.477519742859714,LONG
AVAXUSDT,1757145599999,2025,3.08479322930834,SHORT
AVAXUSDT,1758524399999,2025,3.232423621205492,SHORT
AVAXUSDT,1760111999999,2025,10.924207653164713,SHORT
AVAXUSDT,1761764399999,2025,3.7848843280425135,SHORT
AVAXUSDT,1762185599999,2025,3.2354512707451866,SHORT
AVAXUSDT,1764550799999,2025,3.8657564887062295,SHORT
AVAXUSDT,1765033199999,2025,3.119361623711367,SHORT
AVAXUSDT,1765130399999,2025,3.741999403565293,LONG
AVAXUSDT,1765299599999,2025,4.746716978955235,LONG
AVAXUSDT,1765637999999,2025,3.0548724044114683,SHORT
AVAXUSDT,1765987199999,2025,4.727864863730117,SHORT
AVAXUSDT,1767297599999,2026,5.065118131958212,LONG
AVAXUSDT,1768629599999,2026,3.209178646108631,SHORT
AVAXUSDT,1768780799999,2026,4.788101652673736,SHORT
AVAXUSDT,1769702399999,2026,3.3587445164109258,SHORT
AVAXUSDT,1770523199999,2026,3.0739277955556004,SHORT
AVAXUSDT,1771811999999,2026,4.105502451790882,SHORT
AVAXUSDT,1774137599999,2026,5.81142310028883,SHORT
AVAXUSDT,1774267199999,2026,7.150018952284661,LONG
AVAXUSDT,1777229999999,2026,3.14660384240428,LONG
AVAXUSDT,1778446799999,2026,3.4066677987213883,LONG
AVAXUSDT,1778889599999,2026,3.215162727899326,SHORT
AVAXUSDT,1779062399999,2026,6.08022459683835,SHORT
AVAXUSDT,1781798399999,2026,6.2663069172975225,SHORT
AVAXUSDT,1781895599999,2026,3.414690072311372,SHORT
AVAXUSDT,1783817999999,2026,3.076042369094188,SHORT
AVAXUSDT,1784991599999,2026,6.601121587958098,LONG
AVAXUSDT,1785610799999,2026,13.801945154562114,SHORT
AVAXUSDT,1785808799999,2026,3.3393590016307795,LONG
AVAXUSDT,1786463999999,2026,3.119640153916282,SHORT
AVAXUSDT,1786762799999,2026,4.643847292490718,LONG
AVAXUSDT,1787155199999,2026,6.547492056497702,LONG
UNIUSDT,1736038799999,2025,3.09843248847828,LONG
UNIUSDT,1736132399999,2025,6.264939395701478,LONG
UNIUSDT,1736953199999,2025,8.392542563945003,LONG
UNIUSDT,1740509999999,2025,17.454472896913348,SHORT
UNIUSDT,1743865199999,2025,3.0406831679302284,LONG
UNIUSDT,1746719999999,2025,13.125906304036329,LONG
UNIUSDT,1748959199999,2025,9.117046165956804,LONG
UNIUSDT,1751713199999,2025,3.0037035388997158,SHORT
UNIUSDT,1752469199999,2025,5.320610990907914,LONG
UNIUSDT,1754315999999,2025,7.271508127722056,LONG
UNIUSDT,1754765999999,2025,3.1449618872452194,SHORT
UNIUSDT,1754931599999,2025,8.99470415052391,LONG
UNIUSDT,1755874799999,2025,3.600610145782757,LONG
UNIUSDT,1757822399999,2025,5.932233036592702,SHORT
UNIUSDT,1758502799999,2025,6.356839546133083,SHORT
UNIUSDT,1760068799999,2025,6.954485473439477,LONG
UNIUSDT,1761796799999,2025,10.711338103074072,SHORT
UNIUSDT,1762811999999,2025,3.9894471003671277,LONG
UNIUSDT,1764550799999,2025,7.226311596833146,SHORT
UNIUSDT,1765623599999,2025,3.0742821724992915,SHORT
UNIUSDT,1765814399999,2025,3.4931912639568683,SHORT
UNIUSDT,1766048399999,2025,5.114356700713409,LONG
UNIUSDT,1768780799999,2026,4.466492545885717,SHORT
UNIUSDT,1770523199999,2026,3.036211345204336,SHORT
UNIUSDT,1770821999999,2026,22.44920061019511,LONG
UNIUSDT,1773633599999,2026,3.9669584296158362,LONG
UNIUSDT,1774267199999,2026,7.704811418834596,LONG
UNIUSDT,1775105999999,2026,5.1673125542300244,SHORT
UNIUSDT,1777870799999,2026,3.67090194676663,LONG
UNIUSDT,1778259599999,2026,5.333182960506544,LONG
UNIUSDT,1778392799999,2026,7.221539455404133,LONG
UNIUSDT,1779494399999,2026,3.740944349836541,SHORT
UNIUSDT,1779695999999,2026,15.196655336832205,SHORT
UNIUSDT,1779926399999,2026,6.254329493561237,SHORT
UNIUSDT,1782993599999,2026,7.148393022162287,LONG
UNIUSDT,1783490399999,2026,3.140284121058411,LONG
UNIUSDT,1785067199999,2026,6.96587610487508,LONG
UNIUSDT,1785772799999,2026,4.2346392885401976,SHORT
UNIUSDT,1786517999999,2026,3.866988300391307,SHORT
UNIUSDT,1786708799999,2026,8.32756218710806,SHORT
ZECUSDT,1736265599999,2025,3.426572794285915,SHORT
ZECUSDT,1737453599999,2025,3.0994876895270935,SHORT
ZECUSDT,1739728799999,2025,4.793363581862603,LONG
ZECUSDT,1742126399999,2025,4.704144346734325,LONG
ZECUSDT,1742489999999,2025,7.4521539008499715,SHORT
ZECUSDT,1742756399999,2025,3.7307597958286958,LONG
ZECUSDT,1744005599999,2025,12.268695112935154,SHORT
ZECUSDT,1744523999999,2025,3.3767757186692537,SHORT
ZECUSDT,1745805599999,2025,6.026852371557112,SHORT
ZECUSDT,1748188799999,2025,4.234233636032289,LONG
ZECUSDT,1748779199999,2025,4.4008564193053825,LONG
ZECUSDT,1750067999999,2025,6.150893169611926,LONG
ZECUSDT,1751990399999,2025,3.1378471152228284,LONG
ZECUSDT,1755223199999,2025,3.1082039062205395,SHORT
ZECUSDT,1755669599999,2025,5.003900601766849,LONG
ZECUSDT,1755817199999,2025,3.046864965894946,LONG
ZECUSDT,1755917999999,2025,3.168524973721793,LONG
ZECUSDT,1757199599999,2025,3.7429652673996867,LONG
ZECUSDT,1758524399999,2025,4.539897503552476,SHORT
ZECUSDT,1758643199999,2025,5.5638742677487665,LONG
ZECUSDT,1759107599999,2025,3.8067332896144306,LONG
ZECUSDT,1759309199999,2025,3.2367380958712997,LONG
ZECUSDT,1762797599999,2025,3.2037904032679307,SHORT
ZECUSDT,1764550799999,2025,7.081807082025136,SHORT
ZECUSDT,1766588399999,2025,3.375863770087751,LONG
ZECUSDT,1766804399999,2025,3.104933505434695,LONG
ZECUSDT,1767099599999,2025,3.0693477145432446,LONG
ZECUSDT,1767189599999,2025,3.186830409998775,SHORT
ZECUSDT,1767869999999,2026,3.9721815951745336,SHORT
ZECUSDT,1768784399999,2026,5.8376578885204395,SHORT
ZECUSDT,1769360399999,2026,3.0310700383424094,SHORT
ZECUSDT,1771811999999,2026,3.529922274103652,SHORT
ZECUSDT,1774137599999,2026,3.191925738447219,SHORT
ZECUSDT,1774267199999,2026,6.108288499649485,LONG
ZECUSDT,1775599199999,2026,3.2885876457794425,LONG
ZECUSDT,1775761199999,2026,3.4654869945971605,LONG
ZECUSDT,1777654799999,2026,4.702856744836394,LONG
ZECUSDT,1778014799999,2026,4.762569000621789,LONG
ZECUSDT,1780646399999,2026,4.147789129763938,SHORT
ZECUSDT,1781477999999,2026,3.466514692609939,LONG
ZECUSDT,1783040399999,2026,3.132344984942967,LONG
ZECUSDT,1783439999999,2026,3.6972814600816557,LONG
ZECUSDT,1786273199999,2026,4.449879637726568,LONG
ZECUSDT,1786949999999,2026,22.061727680045514,LONG
ZECUSDT,1787151599999,2026,4.467954422504344,LONG
ZECUSDT,1788451199999,2026,6.975585613628623,LONG
